id,name,age
1,John Сидоров,39
2,Elena Williams,31
3,Maria Smith,79
4,Дмитрий Смирнов,63
5,Anna Williams,72
6,Алексей Brown,28
7,Михаил Иванов,60
8,Alex Davis,23
9,Иван Garcia,86
10,Sarah Иванов,31
11,Olga Козлов,27
12,Emily Смирнов,38
13,Максим Davis,29
14,Андрей Козлов,20
15,Сергей Johnson,79
16,Maria Смирнов,68
17,Николай Козлов,76
18,Максим Козлов,38
19,Сергей Davis,27
20,Olga Козлов,61
21,Иван Miller,87
22,Maria Jones,50
23,Иван Davis,72
24,Maria Козлов,87
25,Алексей Williams,37
26,Дмитрий Иванов,63
27,Emily Davis,80
28,Anna Miller,65
29,Alex Смирнов,42
30,Elena Williams,45
31,Иван Смирнов,83
32,Андрей Davis,67
33,Maria Brown,71
34,Александр Петров,41
35,John Волков,76
36,Николай Williams,74
37,Андрей Williams,57
38,Максим Козлов,80
39,Emily Williams,86
40,Elena Johnson,35
41,Дмитрий Иванов,52
42,Michael Козлов,82
43,Николай Иванов,20
44,Michael Smith,19
45,Michael Johnson,70
46,Elena Williams,32
47,Elena Brown,68
48,Michael Garcia,33
49,Sarah Miller,74
50,Olga Jones,84
51,Николай Смирнов,85
52,Olga Miller,83
53,Николай Davis,56
54,Anna Jones,39
55,Olga Brown,71
56,Андрей Johnson,69
57,Sarah Иванов,56
58,Максим Smith,77
59,Olga Brown,75
60,Сергей Jones,78
61,Андрей Miller,52
62,Николай Иванов,63
63,Alex Williams,40
64,Sarah Сидоров,52
65,Сергей Козлов,52
66,Иван Miller,47
67,John Brown,84
68,Сергей Кузнецов,87
69,Maria Лебедев,62
70,John Johnson,82
71,Maria Williams,75
72,John Garcia,73
73,Андрей Smith,69
74,Сергей Сидоров,45
75,Сергей Кузнецов,84
76,Emily Miller,60
77,Артем Иванов,20
78,Dmitry Смирнов,34
79,Olga Лебедев,58
80,Dmitry Williams,60
81,Алексей Williams,55
82,Olga Williams,53
83,Michael Miller,36
84,Иван Кузнецов,87
85,Николай Сидоров,62
86,Дмитрий Brown,76
87,Дмитрий Garcia,80
88,Алексей Brown,68
89,Anna Miller,53
90,Maria Brown,69
91,Дмитрий Johnson,45
92,Anna Сидоров,41
93,Сергей Miller,56
94,Dmitry Jones,83
95,Sarah Smith,75
96,Michael Miller,36
97,Максим Кузнецов,56
98,Дмитрий Сидоров,21
99,Сергей Davis,88
100,Olga Garcia,25
101,Сергей Кузнецов,76
102,Michael Davis,76
103,Emily Miller,29
104,John Smith,55
105,Артем Jones,45
106,Александр Лебедев,87
107,Elena Лебедев,19
108,John Miller,85
109,Emily Петров,52
110,Maria Сидоров,62
111,Иван Smith,19
112,Михаил Смирнов,62
113,Алексей Петров,40
114,Максим Williams,42
115,John Сидоров,23
116,Alex Петров,54
117,Sarah Волков,82
118,Александр Сидоров,77
119,Olga Smith,63
120,Maria Смирнов,60
121,Артем Davis,32
122,Dmitry Волков,83
123,Sarah Jones,79
124,Николай Козлов,76
125,John Brown,33
126,Сергей Jones,23
127,Артем Иванов,33
128,Elena Williams,71
129,Sarah Иванов,78
130,Dmitry Козлов,49
131,Michael Miller,34
132,Дмитрий Кузнецов,70
133,Максим Лебедев,33
134,Иван Петров,90
135,Андрей Волков,57
136,Николай Кузнецов,77
137,Sarah Сидоров,79
138,Максим Козлов,74
139,Alex Smith,53
140,John Иванов,42
141,John Кузнецов,61
142,Elena Miller,67
143,Алексей Brown,52
144,Emily Смирнов,20
145,Сергей Козлов,37
146,Николай Козлов,33
147,Максим Петров,73
148,Anna Сидоров,18
149,John Garcia,84
150,Иван Jones,82
151,Александр Brown,58
152,Максим Davis,20
153,Emily Волков,68
154,John Иванов,86
155,Сергей Сидоров,78
156,Дмитрий Волков,33
157,Emily Williams,83
158,Николай Jones,32
159,Михаил Волков,54
160,Андрей Miller,30
161,Александр Smith,33
162,Olga Smith,22
163,Dmitry Сидоров,64
164,Elena Волков,27
165,Дмитрий Williams,77
166,Алексей Петров,55
167,Николай Williams,60
168,Максим Лебедев,69
169,John Johnson,46
170,Андрей Williams,74
171,Максим Jones,40
172,Elena Smith,57
173,Иван Козлов,61
174,Elena Кузнецов,87
175,Michael Jones,36
176,Алексей Davis,62
177,Иван Сидоров,77
178,Александр Кузнецов,41
179,Алексей Волков,69
180,Anna Кузнецов,66
181,Alex Кузнецов,56
182,Emily Smith,51
183,Sarah Петров,43
184,Michael Jones,70
185,Максим Петров,40
186,Николай Козлов,80
187,Olga Козлов,81
188,Сергей Brown,67
189,Dmitry Brown,77
190,Sarah Jones,47
191,Maria Brown,68
192,Alex Johnson,71
193,Anna Кузнецов,32
194,Olga Miller,46
195,Dmitry Иванов,18
196,Максим Лебедев,32
197,Sarah Петров,26
198,Артем Brown,66
199,Максим Brown,54
200,Дмитрий Miller,26
201,Николай Смирнов,48
202,Алексей Кузнецов,75
203,Dmitry Сидоров,85
204,Sarah Козлов,87
205,Olga Davis,19
206,Артем Лебедев,29
207,Николай Garcia,65
208,Михаил Козлов,32
209,Emily Смирнов,75
210,Максим Петров,48
211,Иван Brown,18
212,Michael Сидоров,29
213,Сергей Петров,76
214,Michael Петров,22
215,Dmitry Сидоров,69
216,Dmitry Miller,19
217,Андрей Лебедев,29
218,Иван Смирнов,66
219,Артем Петров,36
220,Артем Brown,66
221,Иван Лебедев,84
222,Anna Smith,89
223,Иван Garcia,23
224,Dmitry Лебедев,38
225,John Johnson,46
226,Olga Smith,21
227,Sarah Brown,41
228,Александр Волков,68
229,Dmitry Смирнов,74
230,Михаил Jones,63
231,Emily Козлов,89
232,Michael Jones,54
233,Alex Miller,65
234,Alex Кузнецов,71
235,Olga Miller,19
236,Anna Smith,24
237,Александр Козлов,67
238,Dmitry Волков,38
239,Elena Smith,62
240,Александр Иванов,24
241,Сергей Johnson,84
242,Максим Jones,19
243,Алексей Смирнов,19
244,Sarah Jones,78
245,Андрей Козлов,35
246,Николай Smith,18
247,Michael Кузнецов,81
248,Дмитрий Козлов,20
249,Michael Jones,25
250,Elena Сидоров,62
251,Sarah Волков,64
252,Sarah Петров,73
253,Sarah Johnson,28
254,Дмитрий Козлов,31
255,Sarah Петров,43
256,Anna Сидоров,88
257,Николай Волков,24
258,John Смирнов,75
259,Dmitry Смирнов,28
260,Alex Сидоров,51
261,Michael Кузнецов,39
262,Sarah Смирнов,21
263,Elena Davis,37
264,Алексей Петров,64
265,Андрей Петров,52
266,Дмитрий Davis,32
267,Николай Козлов,35
268,Sarah Смирнов,44
269,Dmitry Williams,55
270,Elena Garcia,61
271,Michael Кузнецов,61
272,Michael Davis,21
273,Alex Williams,19
274,Андрей Кузнецов,38
275,Николай Петров,29
276,Anna Смирнов,49
277,Alex Davis,32
278,Иван Кузнецов,41
279,Дмитрий Смирнов,22
280,Michael Davis,40
281,Sarah Кузнецов,21
282,Alex Johnson,68
283,Сергей Иванов,41
284,Emily Garcia,59
285,Михаил Смирнов,68
286,Дмитрий Brown,88
287,Elena Петров,51
288,Maria Brown,40
289,Михаил Кузнецов,55
290,Николай Петров,25
291,Alex Иванов,72
292,Артем Лебедев,68
293,John Smith,80
294,John Козлов,75
295,Дмитрий Волков,25
296,Михаил Brown,37
297,Иван Miller,62
298,Дмитрий Лебедев,54
299,Артем Петров,61
300,Anna Johnson,36
301,Anna Смирнов,87
302,Dmitry Miller,81
303,Michael Сидоров,47
304,Сергей Davis,66
305,Максим Johnson,68
306,Максим Сидоров,31
307,Александр Петров,20
308,Артем Иванов,80
309,Михаил Jones,77
310,Михаил Иванов,90
311,Anna Сидоров,23
312,Дмитрий Козлов,42
313,Николай Smith,35
314,Андрей Козлов,71
315,Elena Петров,86
316,Андрей Smith,61
317,Михаил Garcia,30
318,Emily Кузнецов,57
319,Michael Davis,63
320,Сергей Jones,80
321,Alex Garcia,27
322,Сергей Davis,72
323,Иван Петров,56
324,Maria Jones,36
325,Александр Иванов,89
326,Сергей Miller,64
327,Maria Петров,46
328,Alex Лебедев,59
329,Михаил Смирнов,19
330,Сергей Петров,53
331,Артем Brown,32
332,Elena Jones,72
333,Александр Кузнецов,52
334,Olga Сидоров,77
335,Александр Иванов,61
336,Максим Кузнецов,58
337,John Davis,79
338,Olga Кузнецов,30
339,Maria Смирнов,30
340,Olga Brown,19
341,Дмитрий Davis,66
342,Olga Johnson,70
343,Николай Johnson,82
344,Maria Козлов,48
345,Dmitry Смирнов,82
346,Артем Иванов,77
347,Алексей Johnson,29
348,Elena Johnson,71
349,Михаил Волков,45
350,Alex Волков,55
351,Anna Петров,23
352,Emily Davis,61
353,Максим Brown,66
354,Михаил Brown,68
355,Михаил Сидоров,68
356,Михаил Петров,70
357,Дмитрий Сидоров,60
358,Anna Smith,63
359,Дмитрий Jones,87
360,Alex Jones,36
361,Михаил Смирнов,48
362,Иван Smith,46
363,Emily Williams,71
364,Sarah Кузнецов,29
365,Андрей Волков,58
366,Maria Козлов,47
367,Emily Davis,83
368,Михаил Williams,35
369,Maria Волков,44
370,Артем Smith,25
371,Андрей Сидоров,33
372,Александр Сидоров,74
373,Alex Иванов,70
374,Alex Williams,52
375,Михаил Иванов,21
376,Александр Jones,25
377,John Волков,74
378,Алексей Сидоров,86
379,Elena Лебедев,31
380,Сергей Miller,43
381,Dmitry Smith,21
382,Андрей Williams,32
383,Alex Петров,52
384,Алексей Miller,50
385,Alex Williams,58
386,Olga Кузнецов,38
387,Olga Smith,76
388,Андрей Miller,59
389,Anna Волков,82
390,Николай Иванов,19
391,Дмитрий Смирнов,88
392,Anna Brown,33
393,Anna Иванов,23
394,Emily Miller,76
395,Elena Лебедев,36
396,Anna Иванов,89
397,Sarah Williams,65
398,Anna Иванов,57
399,Дмитрий Miller,84
400,Alex Козлов,33
401,Дмитрий Jones,64
402,Sarah Кузнецов,30
403,Anna Smith,55
404,John Иванов,65
405,John Петров,74
406,Михаил Лебедев,30
407,Иван Davis,28
408,Сергей Кузнецов,55
409,Olga Кузнецов,31
410,Maria Jones,59
411,Sarah Smith,55
412,Sarah Williams,28
413,Olga Davis,27
414,Алексей Сидоров,42
415,Alex Лебедев,37
416,Алексей Brown,83
417,Maria Jones,31
418,Дмитрий Петров,24
419,Maria Лебедев,52
420,Михаил Лебедев,71
421,Michael Петров,49
422,Максим Козлов,23
423,Дмитрий Davis,38
424,Андрей Jones,25
425,Александр Garcia,73
426,Максим Кузнецов,50
427,Артем Miller,31
428,Maria Петров,76
429,Anna Brown,84
430,Александр Иванов,35
431,Максим Brown,61
432,Michael Smith,75
433,Michael Иванов,89
434,Дмитрий Волков,40
435,Olga Brown,46
436,Андрей Козлов,26
437,Андрей Кузнецов,34
438,Александр Сидоров,90
439,Михаил Волков,83
440,Дмитрий Иванов,49
441,Anna Сидоров,51
442,Dmitry Петров,62
443,Alex Сидоров,64
444,Sarah Jones,76
445,Николай Jones,41
446,Иван Иванов,85
447,Olga Miller,55
448,Сергей Сидоров,84
449,Michael Smith,54
450,Иван Smith,32
451,Андрей Смирнов,30
452,Anna Davis,73
453,Иван Garcia,22
454,Михаил Garcia,59
455,Maria Кузнецов,81
456,Иван Смирнов,83
457,Anna Miller,86
458,Сергей Смирнов,34
459,Артем Smith,90
460,Алексей Miller,57
461,Maria Garcia,77
462,Артем Davis,72
463,Alex Brown,32
464,Dmitry Brown,61
465,Александр Smith,76
466,Olga Волков,60
467,Alex Волков,31
468,Olga Garcia,72
469,Olga Смирнов,20
470,Dmitry Johnson,90
471,John Johnson,82
472,Alex Garcia,57
473,Elena Garcia,66
474,Dmitry Козлов,63
475,Николай Brown,72
476,Olga Johnson,85
477,John Williams,34
478,Elena Сидоров,78
479,Артем Jones,64
480,Sarah Davis,45
481,Sarah Сидоров,61
482,Михаил Петров,30
483,Иван Волков,83
484,Алексей Лебедев,56
485,Michael Сидоров,35
486,Dmitry Иванов,69
487,Sarah Williams,20
488,Dmitry Иванов,29
489,Sarah Петров,82
490,Николай Davis,61
491,Максим Иванов,37
492,Александр Jones,46
493,Anna Кузнецов,34
494,John Кузнецов,70
495,Maria Волков,84
496,Maria Сидоров,51
497,Michael Brown,56
498,John Смирнов,34
499,Александр Garcia,21
500,Maria Смирнов,75
501,Anna Петров,81
502,Elena Williams,44
503,Emily Кузнецов,36
504,Дмитрий Иванов,31
505,Алексей Иванов,63
506,Alex Лебедев,36
507,Андрей Brown,86
508,Michael Miller,52
509,Emily Петров,51
510,Александр Кузнецов,75
511,Артем Miller,44
512,Sarah Smith,85
513,Артем Smith,85
514,Sarah Смирнов,71
515,Olga Smith,43
516,Михаил Brown,27
517,Иван Волков,80
518,Anna Garcia,78
519,Emily Johnson,48
520,Emily Козлов,38
521,John Brown,86
522,Emily Сидоров,39
523,Olga Иванов,66
524,Maria Miller,76
525,Anna Петров,65
526,Emily Волков,49
527,Emily Лебедев,58
528,Dmitry Smith,80
529,Сергей Козлов,77
530,John Johnson,85
531,Николай Miller,54
532,Dmitry Сидоров,56
533,Michael Петров,54
534,Александр Кузнецов,64
535,Alex Кузнецов,27
536,Alex Сидоров,33
537,Dmitry Смирнов,51
538,Александр Сидоров,23
539,Артем Davis,80
540,Иван Smith,59
541,Michael Williams,51
542,John Brown,39
543,Дмитрий Miller,58
544,Максим Davis,68
545,Алексей Смирнов,33
546,Алексей Miller,48
547,Alex Кузнецов,61
548,Sarah Davis,27
549,Александр Волков,33
550,Maria Davis,39
551,Olga Williams,82
552,Александр Смирнов,82
553,Sarah Кузнецов,46
554,Алексей Петров,86
555,Алексей Davis,49
556,Михаил Сидоров,62
557,Михаил Смирнов,28
558,Сергей Miller,80
559,Alex Brown,85
560,Николай Смирнов,32
561,John Волков,73
562,Алексей Козлов,48
563,Anna Лебедев,41
564,Emily Williams,75
565,Dmitry Петров,42
566,Иван Волков,61
567,Sarah Кузнецов,59
568,Olga Лебедев,69
569,Сергей Лебедев,80
570,Иван Козлов,40
571,Sarah Williams,75
572,John Smith,43
573,Андрей Иванов,26
574,Александр Miller,48
575,Александр Петров,41
576,Elena Козлов,58
577,Sarah Иванов,22
578,John Smith,23
579,Алексей Петров,46
580,Maria Лебедев,35
581,Артем Miller,45
582,Дмитрий Williams,42
583,Николай Williams,31
584,Anna Williams,55
585,John Кузнецов,39
586,Olga Williams,18
587,Алексей Иванов,49
588,Алексей Brown,41
589,Emily Козлов,53
590,Александр Петров,47
591,Андрей Jones,71
592,Michael Иванов,80
593,Michael Johnson,36
594,Alex Brown,61
595,Dmitry Петров,19
596,Александр Garcia,20
597,John Williams,31
598,Olga Johnson,71
599,Elena Лебедев,85
600,Михаил Johnson,66
601,Anna Козлов,58
602,Михаил Miller,48
603,Сергей Garcia,84
604,Александр Смирнов,18
605,Николай Иванов,70
606,John Brown,19
607,Иван Петров,26
608,Максим Davis,62
609,Артем Смирнов,47
610,Emily Козлов,49
611,Anna Волков,24
612,Дмитрий Jones,34
613,Александр Кузнецов,47
614,Michael Смирнов,51
615,Александр Козлов,69
616,Emily Smith,66
617,Dmitry Кузнецов,51
618,Sarah Jones,35
619,John Jones,19
620,Elena Davis,65
621,Иван Иванов,87
622,Dmitry Козлов,23
623,Elena Петров,39
624,Николай Miller,85
625,Sarah Miller,35
626,Maria Волков,70
627,Olga Сидоров,77
628,Максим Кузнецов,84
629,Иван Johnson,27
630,Алексей Козлов,61
631,Николай Смирнов,87
632,Михаил Williams,43
633,Michael Davis,69
634,Александр Козлов,66
635,Olga Smith,45
636,Alex Волков,39
637,Иван Иванов,55
638,Иван Smith,87
639,Артем Волков,55
640,Emily Garcia,76
641,Александр Davis,21
642,Максим Williams,89
643,Алексей Сидоров,50
644,Александр Петров,52
645,Сергей Сидоров,62
646,Сергей Лебедев,28
647,Артем Smith,79
648,Anna Козлов,35
649,Андрей Johnson,82
650,Anna Brown,61
651,John Davis,23
652,Михаил Davis,70
653,Michael Brown,68
654,Михаил Сидоров,69
655,Alex Сидоров,39
656,Александр Brown,58
657,Elena Davis,27
658,Александр Smith,34
659,Emily Davis,24
660,Дмитрий Garcia,75
661,Alex Козлов,30
662,Александр Лебедев,90
663,Александр Петров,20
664,Алексей Иванов,26
665,Olga Jones,77
666,Sarah Волков,46
667,Anna Brown,42
668,Maria Лебедев,33
669,Emily Иванов,51
670,Андрей Петров,53
671,Максим Петров,66
672,Александр Волков,63
673,Алексей Козлов,21
674,Дмитрий Волков,86
675,Сергей Козлов,83
676,Michael Петров,65
677,Дмитрий Jones,53
678,Иван Иванов,60
679,Alex Jones,88
680,Николай Петров,70
681,Alex Смирнов,66
682,Alex Williams,57
683,Michael Петров,65
684,Сергей Волков,58
685,Sarah Волков,73
686,Emily Козлов,72
687,Anna Кузнецов,86
688,Иван Смирнов,53
689,Elena Лебедев,25
690,Михаил Петров,30
691,Сергей Иванов,32
692,Максим Иванов,77
693,Elena Jones,27
694,Alex Козлов,84
695,Sarah Смирнов,32
696,Alex Garcia,66
697,Alex Лебедев,86
698,Иван Лебедев,83
699,Sarah Петров,86
700,Maria Лебедев,64
701,Anna Davis,82
702,Olga Козлов,60
703,Dmitry Miller,26
704,Максим Davis,26
705,John Brown,79
706,Артем Jones,87
707,Maria Сидоров,39
708,Elena Сидоров,23
709,Иван Miller,87
710,Артем Davis,59
711,Dmitry Волков,71
712,John Johnson,68
713,Сергей Сидоров,24
714,Максим Лебедев,39
715,Сергей Волков,45
716,Emily Davis,48
717,Иван Smith,42
718,Михаил Кузнецов,38
719,Алексей Петров,63
720,Emily Иванов,24
721,Максим Williams,45
722,Olga Волков,61
723,Иван Davis,55
724,Anna Johnson,88
725,Алексей Иванов,39
726,Александр Волков,60
727,Dmitry Иванов,21
728,Olga Лебедев,32
729,Alex Иванов,26
730,Anna Garcia,75
731,Maria Смирнов,82
732,Сергей Смирнов,54
733,Alex Лебедев,20
734,Emily Волков,51
735,Иван Петров,22
736,Максим Smith,62
737,Michael Козлов,74
738,Николай Miller,86
739,Olga Brown,44
740,Александр Кузнецов,83
741,Olga Brown,44
742,Elena Jones,64
743,Иван Смирнов,60
744,Николай Лебедев,66
745,Иван Лебедев,50
746,Иван Сидоров,65
747,Olga Garcia,39
748,Olga Волков,38
749,Алексей Волков,88
750,John Miller,63
751,Sarah Davis,29
752,Emily Miller,61
753,Sarah Brown,47
754,Дмитрий Brown,55
755,Сергей Иванов,34
756,Anna Смирнов,71
757,Dmitry Johnson,37
758,Olga Волков,30
759,Olga Jones,81
760,Иван Лебедев,39
761,Николай Лебедев,77
762,Иван Smith,33
763,Сергей Сидоров,22
764,Михаил Сидоров,60
765,Артем Williams,62
766,Dmitry Miller,81
767,Sarah Davis,28
768,Артем Garcia,76
769,Артем Garcia,33
770,Sarah Сидоров,89
771,Артем Johnson,46
772,Александр Иванов,52
773,Дмитрий Johnson,50
774,Алексей Лебедев,67
775,Dmitry Davis,56
776,Михаил Петров,42
777,Андрей Кузнецов,67
778,Артем Козлов,44
779,Михаил Петров,40
780,Sarah Smith,52
781,Николай Johnson,50
782,Максим Davis,79
783,Sarah Сидоров,21
784,John Сидоров,70
785,Alex Smith,65
786,Maria Кузнецов,49
787,Артем Johnson,47
788,John Miller,19
789,Николай Garcia,54
790,Максим Козлов,42
791,Михаил Smith,33
792,Maria Jones,88
793,Anna Garcia,32
794,Alex Miller,55
795,Elena Смирнов,49
796,Anna Смирнов,79
797,Maria Козлов,53
798,Anna Brown,35
799,Anna Волков,86
800,Андрей Johnson,90
801,Sarah Jones,86
802,Sarah Miller,69
803,John Johnson,43
804,Максим Smith,77
805,Артем Сидоров,70
806,Olga Garcia,38
807,Алексей Jones,51
808,Александр Miller,82
809,Максим Кузнецов,22
810,John Сидоров,23
811,Сергей Петров,41
812,Dmitry Brown,32
813,Александр Jones,36
814,Артем Smith,59
815,Андрей Кузнецов,83
816,Максим Петров,24
817,Dmitry Miller,58
818,Михаил Волков,40
819,John Jones,40
820,Maria Johnson,18
821,Emily Brown,37
822,Андрей Williams,52
823,Алексей Кузнецов,89
824,Dmitry Сидоров,86
825,Maria Johnson,86
826,Dmitry Smith,55
827,Михаил Козлов,78
828,Sarah Петров,77
829,Sarah Davis,40
830,John Кузнецов,43
831,Дмитрий Williams,57
832,Николай Сидоров,52
833,Dmitry Кузнецов,35
834,John Williams,82
835,Elena Сидоров,77
836,Николай Волков,62
837,Михаил Davis,33
838,John Петров,81
839,Maria Brown,55
840,Olga Johnson,36
841,Elena Волков,60
842,Dmitry Brown,44
843,John Davis,28
844,Michael Волков,28
845,Olga Лебедев,59
846,Михаил Петров,80
847,Maria Miller,34
848,Александр Davis,33
849,Максим Brown,25
850,John Кузнецов,27
851,Иван Williams,46
852,Anna Иванов,76
853,Николай Miller,45
854,Михаил Сидоров,85
855,John Johnson,34
856,Elena Brown,68
857,Артем Лебедев,62
858,Александр Сидоров,47
859,Алексей Brown,51
860,Alex Волков,80
861,Dmitry Смирнов,64
862,Николай Козлов,35
863,Sarah Иванов,20
864,Александр Davis,83
865,Михаил Williams,51
866,Dmitry Miller,64
867,Michael Козлов,19
868,Alex Козлов,47
869,Сергей Лебедев,82
870,Максим Сидоров,71
871,Elena Смирнов,37
872,Иван Davis,49
873,Sarah Кузнецов,32
874,Anna Лебедев,35
875,Maria Miller,21
876,Michael Смирнов,74
877,Иван Smith,59
878,Anna Смирнов,45
879,Александр Miller,60
880,Anna Smith,75
881,Сергей Смирнов,19
882,Николай Davis,43
883,Андрей Смирнов,82
884,Максим Jones,89
885,Михаил Сидоров,64
886,Alex Волков,72
887,Maria Brown,81
888,Dmitry Козлов,24
889,Сергей Петров,66
890,Андрей Smith,26
891,Иван Brown,58
892,Михаил Петров,47
893,John Smith,41
894,Дмитрий Johnson,20
895,Алексей Davis,54
896,Андрей Garcia,77
897,Михаил Smith,90
898,Olga Козлов,73
899,Olga Davis,53
900,Николай Лебедев,39
901,Michael Козлов,25
902,Артем Williams,77
903,Алексей Brown,84
904,Anna Смирнов,36
905,Александр Лебедев,62
906,Emily Козлов,19
907,Elena Волков,58
908,Иван Davis,38
909,Alex Jones,49
910,Dmitry Сидоров,56
911,John Петров,22
912,Иван Johnson,20
913,Dmitry Сидоров,49
914,Alex Иванов,33
915,Сергей Лебедев,44
916,Михаил Сидоров,71
917,Elena Смирнов,89
918,Emily Jones,59
919,Артем Smith,51
920,Артем Williams,69
921,Андрей Козлов,44
922,Алексей Сидоров,38
923,Артем Jones,35
924,John Волков,32
925,Николай Сидоров,66
926,Dmitry Brown,60
927,Sarah Brown,59
928,Sarah Garcia,71
929,Dmitry Козлов,58
930,Dmitry Davis,21
931,Anna Brown,49
932,Андрей Козлов,59
933,Michael Кузнецов,49
934,Максим Johnson,21
935,Michael Кузнецов,35
936,Maria Сидоров,19
937,Сергей Johnson,59
938,Андрей Brown,27
939,Emily Johnson,35
940,John Brown,86
941,Александр Петров,90
942,Иван Иванов,56
943,Алексей Miller,66
944,Сергей Лебедев,87
945,Максим Иванов,61
946,John Jones,25
947,Alex Garcia,87
948,Michael Garcia,40
949,Maria Петров,19
950,Maria Jones,44
951,Anna Garcia,85
952,Артем Петров,53
953,Алексей Козлов,46
954,Michael Смирнов,81
955,Николай Иванов,63
956,John Jones,68
957,Elena Brown,46
958,Olga Иванов,85
959,Olga Garcia,66
960,Максим Williams,58
961,Emily Петров,88
962,Сергей Johnson,40
963,Dmitry Кузнецов,24
964,Dmitry Miller,54
965,Michael Brown,79
966,Alex Davis,51
967,Сергей Смирнов,65
968,Elena Miller,42
969,Николай Brown,84
970,Артем Jones,85
971,Michael Кузнецов,19
972,Дмитрий Сидоров,44
973,Александр Garcia,40
974,Emily Иванов,42
975,Максим Johnson,30
976,Иван Смирнов,77
977,John Brown,58
978,Sarah Лебедев,59
979,Olga Иванов,43
980,Emily Лебедев,73
981,Emily Сидоров,40
982,Maria Сидоров,58
983,Сергей Козлов,79
984,Anna Смирнов,25
985,Андрей Козлов,78
986,John Johnson,51
987,John Лебедев,38
988,Olga Johnson,44
989,Александр Лебедев,24
990,Дмитрий Смирнов,77
991,Михаил Волков,57
992,Артем Brown,59
993,Дмитрий Williams,29
994,Emily Miller,70
995,Emily Davis,88
996,Michael Johnson,50
997,Sarah Brown,79
998,Maria Williams,38
999,Михаил Johnson,49
1000,Anna Garcia,64
1001,Дмитрий Jones,21
1002,Sarah Brown,34
1003,Dmitry Смирнов,72
1004,Иван Garcia,25
1005,Иван Brown,35
1006,Emily Лебедев,50
1007,Александр Jones,74
1008,Elena Кузнецов,71
1009,Алексей Лебедев,79
1010,Дмитрий Smith,28
1011,Olga Miller,66
1012,Olga Петров,64
1013,Артем Кузнецов,59
1014,Sarah Jones,90
1015,Александр Miller,34
1016,Александр Brown,59
1017,Elena Петров,38
1018,Alex Garcia,83
1019,Максим Иванов,19
1020,Андрей Smith,62
1021,Максим Лебедев,45
1022,Elena Кузнецов,67
1023,Dmitry Козлов,79
1024,Alex Williams,31
1025,Алексей Smith,88
1026,Александр Johnson,88
1027,Alex Кузнецов,81
1028,Андрей Williams,25
1029,Алексей Иванов,28
1030,Максим Brown,35
1031,Михаил Козлов,83
1032,Maria Кузнецов,33
1033,Дмитрий Козлов,45
1034,Emily Davis,42
1035,Olga Козлов,75
1036,John Davis,78
1037,Sarah Козлов,49
1038,Иван Козлов,56
1039,Михаил Петров,27
1040,Николай Jones,20
1041,Maria Jones,83
1042,Сергей Smith,55
1043,Александр Brown,36
1044,Сергей Иванов,32
1045,Александр Иванов,84
1046,Anna Кузнецов,79
1047,Артем Лебедев,77
1048,John Волков,19
1049,Maria Davis,82
1050,Emily Davis,49
1051,Maria Сидоров,73
1052,John Jones,87
1053,Михаил Williams,40
1054,Olga Кузнецов,52
1055,Alex Иванов,76
1056,Алексей Garcia,55
1057,Александр Garcia,39
1058,Olga Smith,34
1059,Артем Кузнецов,30
1060,Maria Козлов,31
1061,Иван Волков,53
1062,Emily Davis,72
1063,Elena Miller,50
1064,Александр Смирнов,30
1065,Андрей Garcia,34
1066,Максим Сидоров,18
1067,Михаил Smith,47
1068,John Jones,65
1069,Emily Garcia,60
1070,Elena Кузнецов,25
1071,Сергей Лебедев,75
1072,John Иванов,88
1073,Иван Кузнецов,86
1074,Alex Davis,21
1075,Артем Кузнецов,75
1076,Михаил Иванов,33
1077,Dmitry Williams,87
1078,Артем Williams,41
1079,Olga Петров,34
1080,Алексей Лебедев,79
1081,Dmitry Williams,31
1082,Alex Петров,30
1083,John Волков,70
1084,Maria Johnson,32
1085,Сергей Johnson,61
1086,Elena Davis,54
1087,Maria Davis,57
1088,Иван Смирнов,46
1089,Иван Johnson,27
1090,Sarah Williams,33
1091,John Johnson,49
1092,Сергей Петров,73
1093,Emily Иванов,49
1094,Александр Brown,29
1095,Michael Петров,63
1096,Артем Williams,75
1097,Michael Лебедев,22
1098,Emily Davis,35
1099,Николай Williams,76
1100,Olga Иванов,30
1101,Emily Иванов,63
1102,Артем Brown,83
1103,Maria Петров,39
1104,Максим Лебедев,24
1105,Alex Лебедев,26
1106,Elena Козлов,42
1107,Alex Garcia,48
1108,Alex Иванов,84
1109,Максим Волков,37
1110,Николай Лебедев,54
1111,Сергей Williams,23
1112,Максим Петров,19
1113,Elena Garcia,43
1114,Сергей Петров,78
1115,Elena Сидоров,83
1116,Michael Davis,57
1117,Алексей Garcia,55
1118,Алексей Смирнов,35
1119,Alex Smith,31
1120,Dmitry Смирнов,79
1121,Максим Смирнов,67
1122,Михаил Иванов,18
1123,Сергей Smith,77
1124,Михаил Smith,51
1125,Dmitry Williams,61
1126,Emily Smith,45
1127,Anna Волков,37
1128,Иван Волков,22
1129,Michael Johnson,57
1130,John Miller,23
1131,Алексей Иванов,63
1132,Михаил Иванов,21
1133,Михаил Davis,85
1134,Алексей Garcia,75
1135,Dmitry Johnson,60
1136,Michael Brown,87
1137,Elena Brown,38
1138,Сергей Смирнов,31
1139,Michael Davis,43
1140,Emily Brown,19
1141,Артем Brown,40
1142,Михаил Johnson,64
1143,Olga Brown,52
1144,Сергей Miller,78
1145,Николай Jones,27
1146,Dmitry Davis,51
1147,Александр Иванов,62
1148,Александр Петров,43
1149,Николай Волков,29
1150,Иван Смирнов,54
1151,Anna Miller,62
1152,Михаил Miller,41
1153,Michael Иванов,86
1154,Алексей Davis,58
1155,Elena Jones,58
1156,Michael Garcia,67
1157,Sarah Brown,83
1158,Александр Лебедев,71
1159,John Смирнов,24
1160,Maria Петров,64
1161,Olga Miller,74
1162,Иван Лебедев,51
1163,Алексей Петров,65
1164,Alex Johnson,18
1165,Максим Кузнецов,65
1166,Sarah Лебедев,72
1167,Elena Jones,75
1168,Alex Johnson,79
1169,Anna Brown,66
1170,Dmitry Сидоров,82
1171,Дмитрий Козлов,81
1172,Иван Smith,69
1173,Андрей Williams,28
1174,Emily Garcia,72
1175,Андрей Garcia,59
1176,Emily Лебедев,34
1177,Михаил Davis,71
1178,Дмитрий Кузнецов,29
1179,Maria Brown,47
1180,Алексей Кузнецов,80
1181,Александр Jones,53
1182,Сергей Davis,69
1183,Артем Кузнецов,47
1184,Максим Davis,73
1185,Emily Johnson,26
1186,Андрей Козлов,27
1187,Артем Сидоров,39
1188,Артем Garcia,78
1189,Olga Сидоров,49
1190,Артем Garcia,36
1191,Андрей Кузнецов,54
1192,Olga Смирнов,30
1193,Александр Петров,73
1194,John Brown,88
1195,Dmitry Brown,27
1196,Emily Козлов,49
1197,Алексей Johnson,49
1198,Михаил Волков,58
1199,Николай Волков,84
1200,Дмитрий Davis,36
1201,Максим Smith,79
1202,Elena Johnson,38
1203,Александр Johnson,83
1204,John Miller,78
1205,John Волков,73
1206,Michael Miller,56
1207,John Петров,61
1208,Elena Davis,66
1209,Николай Brown,23
1210,John Brown,50
1211,Maria Смирнов,48
1212,Dmitry Brown,70
1213,Иван Williams,62
1214,Максим Johnson,56
1215,Дмитрий Smith,38
1216,Максим Davis,38
1217,Сергей Miller,64
1218,Артем Johnson,72
1219,Алексей Иванов,66
1220,Николай Brown,79
1221,Артем Смирнов,38
1222,Sarah Лебедев,51
1223,Sarah Иванов,51
1224,Elena Johnson,89
1225,Михаил Петров,90
1226,Sarah Петров,35
1227,Максим Сидоров,80
1228,John Johnson,22
1229,Maria Лебедев,76
1230,Николай Петров,52
1231,Michael Сидоров,73
1232,Андрей Davis,80
1233,Дмитрий Сидоров,56
1234,Dmitry Jones,51
1235,Дмитрий Волков,75
1236,John Сидоров,43
1237,Александр Волков,89
1238,Anna Кузнецов,65
1239,Olga Smith,38
1240,Emily Петров,77
1241,Сергей Волков,59
1242,Алексей Williams,29
1243,Иван Сидоров,36
1244,Андрей Miller,66
1245,Максим Miller,39
1246,John Смирнов,73
1247,Сергей Волков,65
1248,Алексей Иванов,45
1249,Артем Сидоров,62
1250,Артем Лебедев,18
1251,Дмитрий Garcia,48
1252,Sarah Johnson,55
1253,Дмитрий Сидоров,66
1254,Dmitry Сидоров,51
1255,Anna Кузнецов,63
1256,Michael Johnson,82
1257,Dmitry Лебедев,57
1258,Sarah Johnson,35
1259,Артем Brown,75
1260,Михаил Jones,30
1261,Сергей Сидоров,70
1262,Maria Кузнецов,66
1263,Алексей Davis,19
1264,Алексей Smith,45
1265,John Кузнецов,83
1266,Алексей Garcia,84
1267,Александр Смирнов,20
1268,Michael Козлов,31
1269,Сергей Кузнецов,73
1270,Дмитрий Davis,38
1271,Алексей Козлов,85
1272,Anna Петров,27
1273,Алексей Jones,76
1274,Anna Garcia,20
1275,Maria Козлов,53
1276,Максим Williams,84
1277,Дмитрий Волков,53
1278,Emily Петров,75
1279,John Smith,21
1280,Olga Кузнецов,38
1281,Дмитрий Смирнов,32
1282,Emily Davis,34
1283,Elena Лебедев,55
1284,Dmitry Jones,21
1285,Иван Johnson,44
1286,Сергей Johnson,51
1287,Артем Johnson,83
1288,Dmitry Петров,50
1289,Dmitry Garcia,57
1290,Michael Jones,65
1291,Dmitry Brown,60
1292,Anna Williams,18
1293,Maria Сидоров,31
1294,Olga Смирнов,36
1295,John Davis,28
1296,Максим Jones,47
1297,Александр Jones,41
1298,Иван Williams,73
1299,Алексей Сидоров,57
1300,Александр Miller,21
1301,Dmitry Brown,84
1302,Максим Петров,49
1303,Elena Волков,24
1304,Maria Лебедев,81
1305,Алексей Jones,23
1306,Anna Miller,64
1307,Olga Волков,70
1308,Elena Johnson,58
1309,Дмитрий Garcia,77
1310,John Johnson,35
1311,Alex Williams,82
1312,Michael Miller,29
1313,Michael Петров,21
1314,John Лебедев,57
1315,Michael Jones,74
1316,Michael Кузнецов,77
1317,Михаил Johnson,86
1318,Максим Smith,85
1319,Александр Иванов,35
1320,Андрей Сидоров,24
1321,Дмитрий Smith,54
1322,Андрей Davis,48
1323,Сергей Williams,87
1324,Elena Williams,25
1325,Артем Williams,29
1326,Иван Davis,25
1327,Дмитрий Иванов,36
1328,Михаил Кузнецов,54
1329,Михаил Johnson,40
1330,Николай Davis,65
1331,Иван Лебедев,74
1332,Андрей Davis,67
1333,Алексей Jones,67
1334,Emily Петров,34
1335,Sarah Davis,33
1336,Elena Johnson,66
1337,Дмитрий Петров,49
1338,Максим Лебедев,82
1339,Артем Кузнецов,31
1340,Алексей Brown,82
1341,Maria Miller,60
1342,Михаил Williams,46
1343,Андрей Сидоров,38
1344,Сергей Смирнов,88
1345,Максим Smith,59
1346,Николай Лебедев,58
1347,Dmitry Davis,57
1348,Maria Петров,19
1349,Alex Кузнецов,23
1350,Emily Miller,69
1351,Maria Петров,35
1352,Дмитрий Davis,51
1353,Olga Иванов,35
1354,Дмитрий Волков,82
1355,Иван Williams,87
1356,Михаил Козлов,41
1357,Дмитрий Волков,59
1358,Sarah Смирнов,76
1359,Alex Иванов,57
1360,Иван Козлов,66
1361,Николай Jones,75
1362,Александр Волков,32
1363,Maria Miller,18
1364,Michael Козлов,89
1365,Сергей Miller,88
1366,Николай Смирнов,50
1367,Сергей Смирнов,63
1368,Sarah Smith,42
1369,Александр Brown,53
1370,John Волков,58
1371,Sarah Brown,29
1372,Elena Miller,44
1373,Сергей Сидоров,58
1374,Сергей Сидоров,19
1375,Olga Смирнов,21
1376,Dmitry Иванов,35
1377,Андрей Иванов,43
1378,Emily Smith,87
1379,Maria Кузнецов,73
1380,Александр Davis,88
1381,Sarah Garcia,55
1382,Emily Jones,51
1383,Olga Волков,48
1384,Sarah Сидоров,69
1385,Артем Jones,31
1386,John Сидоров,77
1387,Elena Johnson,54
1388,Alex Смирнов,18
1389,Alex Волков,58
1390,Alex Miller,26
1391,Maria Иванов,79
1392,Максим Williams,74
1393,Андрей Davis,67
1394,Michael Смирнов,43
1395,Артем Williams,19
1396,Olga Miller,60
1397,Алексей Смирнов,72
1398,Михаил Miller,26
1399,Николай Лебедев,69
1400,Сергей Козлов,46
1401,Алексей Garcia,79
1402,Николай Garcia,79
1403,Михаил Иванов,65
1404,Elena Иванов,37
1405,Maria Кузнецов,66
1406,Иван Волков,77
1407,Максим Smith,41
1408,Сергей Сидоров,29
1409,John Johnson,33
1410,Olga Smith,74
1411,Sarah Garcia,53
1412,John Smith,21
1413,Дмитрий Лебедев,45
1414,Maria Кузнецов,83
1415,Sarah Johnson,36
1416,Максим Смирнов,26
1417,Maria Волков,67
1418,Михаил Волков,48
1419,Артем Jones,61
1420,John Волков,32
1421,Dmitry Кузнецов,74
1422,Alex Jones,67
1423,Алексей Johnson,54
1424,Иван Лебедев,49
1425,Elena Иванов,44
1426,Olga Johnson,50
1427,Николай Williams,87
1428,Артем Петров,63
1429,Elena Сидоров,51
1430,Артем Smith,46
1431,Максим Кузнецов,42
1432,Alex Brown,43
1433,Olga Davis,34
1434,John Петров,32
1435,Максим Johnson,24
1436,Olga Williams,44
1437,Дмитрий Davis,27
1438,Maria Смирнов,23
1439,Михаил Козлов,22
1440,Сергей Davis,45
1441,Alex Козлов,70
1442,John Garcia,55
1443,Сергей Miller,73
1444,Olga Смирнов,84
1445,Александр Петров,66
1446,Дмитрий Петров,25
1447,Максим Garcia,75
1448,Olga Williams,87
1449,Александр Иванов,45
1450,Артем Brown,62
1451,Maria Лебедев,70
1452,Иван Сидоров,79
1453,Anna Davis,69
1454,Sarah Волков,87
1455,Anna Smith,30
1456,John Miller,30
1457,Алексей Сидоров,80
1458,Sarah Jones,66
1459,Elena Кузнецов,21
1460,Michael Brown,81
1461,Андрей Johnson,38
1462,Артем Garcia,38
1463,Иван Miller,37
1464,Андрей Davis,90
1465,Александр Иванов,34
1466,Дмитрий Garcia,37
1467,Михаил Miller,24
1468,Michael Johnson,82
1469,Михаил Волков,50
1470,Olga Johnson,66
1471,Dmitry Williams,69
1472,Дмитрий Волков,45
1473,Максим Jones,33
1474,Elena Кузнецов,42
1475,Андрей Козлов,45
1476,Николай Johnson,80
1477,Sarah Brown,75
1478,Sarah Кузнецов,50
1479,Дмитрий Лебедев,36
1480,Александр Jones,78
1481,Elena Davis,83
1482,Anna Williams,28
1483,Александр Williams,69
1484,Anna Лебедев,19
1485,Sarah Johnson,30
1486,Sarah Miller,32
1487,Алексей Smith,21
1488,Артем Лебедев,21
1489,Артем Williams,67
1490,Дмитрий Johnson,48
1491,Sarah Brown,59
1492,Anna Johnson,85
1493,Сергей Jones,45
1494,Сергей Козлов,20
1495,Michael Смирнов,73
1496,John Смирнов,69
1497,Иван Иванов,72
1498,Sarah Иванов,22
1499,Александр Brown,36
1500,Максим Петров,77
1501,John Волков,67
1502,Alex Brown,46
1503,Николай Jones,54
1504,Артем Козлов,76
1505,Дмитрий Козлов,43
1506,Иван Miller,33
1507,Максим Smith,58
1508,Elena Лебедев,77
1509,Emily Johnson,85
1510,Dmitry Иванов,85
1511,Maria Smith,71
1512,Сергей Петров,20
1513,Maria Петров,72
1514,Александр Лебедев,58
1515,Olga Williams,79
1516,Александр Волков,60
1517,Emily Иванов,27
1518,Михаил Смирнов,41
1519,Anna Garcia,43
1520,Иван Williams,48
1521,Dmitry Петров,20
1522,Dmitry Johnson,28
1523,Dmitry Козлов,41
1524,Алексей Garcia,37
1525,Olga Garcia,90
1526,Elena Williams,72
1527,Александр Jones,56
1528,Максим Johnson,67
1529,Anna Иванов,42
1530,Сергей Miller,38
1531,Alex Лебедев,48
1532,Maria Jones,52
1533,Alex Garcia,81
1534,Иван Лебедев,47
1535,Elena Сидоров,19
1536,Михаил Лебедев,32
1537,Александр Jones,38
1538,Николай Волков,67
1539,Сергей Davis,47
1540,Michael Johnson,85
1541,Максим Jones,64
1542,Sarah Петров,64
1543,Артем Смирнов,18
1544,Иван Jones,88
1545,Александр Иванов,41
1546,Сергей Волков,56
1547,Дмитрий Сидоров,89
1548,Иван Сидоров,61
1549,Андрей Лебедев,54
1550,Александр Garcia,86
1551,Sarah Смирнов,28
1552,Иван Johnson,63
1553,Elena Смирнов,29
1554,Александр Сидоров,68
1555,Дмитрий Сидоров,35
1556,John Волков,21
1557,Дмитрий Кузнецов,73
1558,Elena Smith,73
1559,Артем Garcia,74
1560,Sarah Волков,68
1561,Сергей Miller,90
1562,John Козлов,27
1563,Максим Garcia,79
1564,Михаил Смирнов,49
1565,Сергей Иванов,59
1566,Андрей Jones,72
1567,Максим Jones,36
1568,Иван Jones,24
1569,Olga Козлов,89
1570,Michael Davis,51
1571,Александр Johnson,45
1572,Александр Jones,25
1573,Николай Davis,69
1574,Максим Иванов,57
1575,Sarah Williams,19
1576,Иван Williams,40
1577,Алексей Johnson,41
1578,Alex Jones,80
1579,Olga Кузнецов,28
1580,Дмитрий Волков,54
1581,Иван Лебедев,25
1582,Anna Волков,20
1583,Иван Лебедев,87
1584,Elena Davis,47
1585,John Волков,47
1586,Михаил Miller,47
1587,Михаил Петров,59
1588,Dmitry Garcia,19
1589,Иван Miller,67
1590,Николай Davis,84
1591,Алексей Williams,49
1592,Артем Козлов,62
1593,Александр Williams,68
1594,Emily Лебедев,79
1595,Михаил Williams,73
1596,Elena Davis,51
1597,Николай Кузнецов,90
1598,John Jones,73
1599,Alex Козлов,29
1600,Сергей Петров,60
1601,Артем Лебедев,44
1602,Александр Лебедев,79
1603,Elena Brown,39
1604,Артем Jones,77
1605,John Williams,73
1606,Сергей Brown,81
1607,Артем Иванов,57
1608,Максим Смирнов,79
1609,Дмитрий Петров,60
1610,John Brown,20
1611,Olga Козлов,21
1612,Dmitry Кузнецов,21
1613,Maria Петров,62
1614,John Garcia,83
1615,Anna Кузнецов,47
1616,Olga Волков,90
1617,Дмитрий Кузнецов,51
1618,Sarah Кузнецов,29
1619,Elena Brown,88
1620,Maria Williams,79
1621,Александр Сидоров,24
1622,Иван Иванов,36
1623,Elena Miller,31
1624,Alex Лебедев,64
1625,Максим Волков,71
1626,Андрей Davis,78
1627,Dmitry Кузнецов,22
1628,Иван Петров,68
1629,Emily Смирнов,56
1630,Александр Лебедев,26
1631,Михаил Иванов,58
1632,Максим Волков,42
1633,Сергей Иванов,57
1634,Иван Johnson,89
1635,Дмитрий Davis,29
1636,Sarah Сидоров,44
1637,Артем Miller,38
1638,Иван Smith,19
1639,Сергей Петров,52
1640,Maria Иванов,33
1641,Иван Сидоров,79
1642,Maria Волков,39
1643,Иван Козлов,56
1644,Дмитрий Miller,87
1645,Alex Петров,29
1646,Sarah Miller,74
1647,Александр Иванов,81
1648,John Кузнецов,60
1649,Anna Johnson,45
1650,Olga Jones,40
1651,Максим Иванов,75
1652,Elena Козлов,35
1653,Michael Волков,85
1654,Сергей Волков,70
1655,Sarah Davis,82
1656,Elena Кузнецов,23
1657,Максим Jones,76
1658,Сергей Brown,85
1659,Артем Williams,72
1660,Maria Smith,77
1661,Emily Лебедев,19
1662,Иван Волков,67
1663,Dmitry Лебедев,71
1664,Dmitry Иванов,53
1665,Артем Смирнов,19
1666,Дмитрий Brown,22
1667,Михаил Сидоров,49
1668,Michael Смирнов,62
1669,Alex Кузнецов,48
1670,Сергей Лебедев,23
1671,Артем Лебедев,18
1672,Алексей Miller,42
1673,Иван Петров,25
1674,Николай Иванов,70
1675,Александр Smith,54
1676,Sarah Смирнов,70
1677,Maria Иванов,28
1678,Elena Williams,66
1679,John Волков,65
1680,Артем Jones,48
1681,Sarah Сидоров,74
1682,John Козлов,22
1683,Алексей Смирнов,88
1684,Michael Волков,63
1685,Dmitry Williams,61
1686,Sarah Garcia,85
1687,Николай Козлов,44
1688,Андрей Смирнов,46
1689,Elena Кузнецов,29
1690,Emily Смирнов,90
1691,Emily Кузнецов,49
1692,Michael Волков,85
1693,Сергей Сидоров,42
1694,Maria Волков,69
1695,Dmitry Jones,69
1696,Дмитрий Brown,51
1697,Алексей Williams,51
1698,Alex Лебедев,44
1699,Olga Williams,85
1700,Артем Williams,56
1701,John Davis,71
1702,Michael Brown,61
1703,Николай Волков,51
1704,Olga Johnson,75
1705,Emily Петров,47
1706,Olga Smith,84
1707,Maria Лебедев,67
1708,Elena Кузнецов,73
1709,Anna Williams,60
1710,Сергей Brown,23
1711,Maria Brown,62
1712,Александр Волков,42
1713,Emily Smith,26
1714,Андрей Jones,47
1715,Иван Davis,45
1716,Артем Johnson,23
1717,Алексей Jones,69
1718,Алексей Иванов,63
1719,Elena Johnson,55
1720,Alex Davis,81
1721,Алексей Williams,64
1722,Elena Miller,31
1723,Alex Кузнецов,32
1724,Anna Smith,24
1725,Michael Garcia,48
1726,Elena Петров,74
1727,Максим Петров,55
1728,Александр Williams,50
1729,Michael Jones,83
1730,Александр Jones,67
1731,Dmitry Волков,44
1732,Александр Лебедев,72
1733,Николай Кузнецов,63
1734,Андрей Davis,88
1735,Maria Кузнецов,82
1736,Андрей Smith,61
1737,Алексей Miller,71
1738,Elena Jones,72
1739,Алексей Иванов,58
1740,Maria Лебедев,46
1741,Александр Williams,75
1742,Михаил Иванов,23
1743,Артем Сидоров,43
1744,Michael Smith,77
1745,Elena Козлов,23
1746,Michael Miller,71
1747,Olga Лебедев,39
1748,Elena Brown,72
1749,Иван Сидоров,41
1750,John Сидоров,27
1751,John Williams,40
1752,Михаил Волков,76
1753,Александр Лебедев,39
1754,Артем Davis,43
1755,Сергей Davis,70
1756,Olga Смирнов,30
1757,John Garcia,48
1758,Elena Кузнецов,28
1759,Michael Smith,85
1760,Anna Johnson,89
1761,Dmitry Jones,54
1762,Алексей Davis,38
1763,Olga Williams,66
1764,Elena Волков,66
1765,Michael Miller,65
1766,Dmitry Лебедев,85
1767,Дмитрий Петров,38
1768,Elena Козлов,60
1769,Olga Лебедев,89
1770,Михаил Сидоров,53
1771,Сергей Сидоров,26
1772,Michael Кузнецов,87
1773,Алексей Jones,45
1774,John Jones,59
1775,Dmitry Лебедев,25
1776,John Лебедев,35
1777,Александр Лебедев,20
1778,Emily Лебедев,50
1779,John Лебедев,32
1780,Dmitry Jones,84
1781,Сергей Иванов,43
1782,Maria Козлов,35
1783,Dmitry Jones,55
1784,Артем Лебедев,37
1785,Иван Williams,50
1786,Maria Williams,78
1787,Michael Волков,21
1788,Sarah Brown,55
1789,Александр Garcia,48
1790,Anna Johnson,57
1791,Иван Волков,55
1792,Anna Brown,63
1793,Maria Davis,44
1794,Михаил Кузнецов,28
1795,Максим Волков,21
1796,Michael Smith,64
1797,Александр Кузнецов,67
1798,Emily Смирнов,42
1799,Максим Смирнов,34
1800,Elena Козлов,72
1801,Maria Garcia,33
1802,Артем Jones,77
1803,Алексей Кузнецов,56
1804,Иван Волков,63
1805,Michael Иванов,46
1806,Максим Кузнецов,85
1807,Николай Smith,72
1808,Андрей Jones,53
1809,Elena Иванов,27
1810,Дмитрий Brown,37
1811,Николай Петров,20
1812,Olga Garcia,29
1813,Emily Лебедев,81
1814,Emily Garcia,46
1815,Dmitry Лебедев,89
1816,Александр Garcia,59
1817,Olga Davis,38
1818,Александр Кузнецов,65
1819,John Smith,56
1820,Алексей Иванов,44
1821,Андрей Волков,57
1822,Dmitry Miller,67
1823,Михаил Иванов,50
1824,Иван Davis,89
1825,Emily Johnson,58
1826,Maria Brown,49
1827,Иван Козлов,18
1828,Maria Лебедев,78
1829,Дмитрий Иванов,71
1830,Michael Davis,64
1831,Dmitry Williams,27
1832,Dmitry Иванов,24
1833,Elena Кузнецов,71
1834,Michael Garcia,32
1835,Дмитрий Jones,44
1836,John Иванов,50
1837,Максим Williams,67
1838,Alex Johnson,77
1839,Алексей Jones,55
1840,Сергей Brown,22
1841,John Jones,60
1842,Иван Garcia,31
1843,Olga Петров,35
1844,Николай Петров,63
1845,Elena Волков,28
1846,Elena Кузнецов,34
1847,Иван Miller,51
1848,Dmitry Петров,70
1849,Emily Волков,67
1850,Максим Miller,33
1851,Michael Лебедев,45
1852,Дмитрий Смирнов,28
1853,Дмитрий Garcia,38
1854,Maria Johnson,47
1855,Alex Davis,56
1856,Alex Лебедев,32
1857,John Jones,70
1858,Anna Brown,22
1859,Olga Johnson,80
1860,Anna Brown,41
1861,Elena Иванов,42
1862,Дмитрий Miller,80
1863,Николай Smith,59
1864,Артем Davis,89
1865,Михаил Garcia,31
1866,Sarah Williams,18
1867,Dmitry Garcia,80
1868,Anna Петров,27
1869,Alex Смирнов,48
1870,Michael Лебедев,24
1871,Olga Brown,90
1872,Александр Сидоров,83
1873,Иван Козлов,38
1874,Алексей Smith,70
1875,Maria Лебедев,76
1876,Александр Сидоров,45
1877,Андрей Волков,70
1878,John Miller,72
1879,Иван Smith,40
1880,Дмитрий Кузнецов,58
1881,Андрей Волков,23
1882,Dmitry Петров,41
1883,Сергей Лебедев,63
1884,Emily Волков,87
1885,Maria Smith,89
1886,Алексей Козлов,41
1887,John Кузнецов,22
1888,Александр Кузнецов,33
1889,Elena Лебедев,41
1890,Артем Козлов,56
1891,Alex Garcia,26
1892,Николай Jones,43
1893,Алексей Jones,84
1894,Алексей Лебедев,42
1895,John Smith,34
1896,Emily Smith,49
1897,Иван Волков,62
1898,John Jones,69
1899,Elena Garcia,60
1900,Emily Петров,40
1901,Максим Miller,36
1902,Sarah Лебедев,53
1903,Emily Johnson,62
1904,John Jones,29
1905,John Miller,90
1906,Артем Кузнецов,29
1907,Александр Иванов,73
1908,Алексей Brown,39
1909,John Иванов,65
1910,Elena Williams,49
1911,Michael Miller,31
1912,Dmitry Miller,34
1913,Dmitry Brown,69
1914,Александр Смирнов,51
1915,Артем Волков,22
1916,Максим Jones,32
1917,Александр Петров,30
1918,Андрей Davis,56
1919,Артем Jones,27
1920,Максим Иванов,58
1921,Александр Garcia,86
1922,Артем Лебедев,35
1923,Алексей Волков,67
1924,Elena Jones,70
1925,Emily Williams,52
1926,Sarah Кузнецов,79
1927,Alex Brown,22
1928,Maria Jones,52
1929,Михаил Davis,90
1930,Сергей Козлов,24
1931,Михаил Петров,63
1932,Olga Williams,54
1933,Артем Smith,23
1934,Olga Williams,80
1935,Сергей Волков,87
1936,Sarah Williams,18
1937,Николай Иванов,56
1938,Сергей Williams,49
1939,Dmitry Garcia,60
1940,Михаил Козлов,19
1941,Dmitry Smith,88
1942,Elena Смирнов,51
1943,Sarah Smith,85
1944,Maria Garcia,23
1945,Michael Johnson,86
1946,Sarah Козлов,44
1947,Михаил Davis,50
1948,Emily Козлов,44
1949,Андрей Garcia,66
1950,Артем Davis,48
1951,Emily Miller,27
1952,Olga Miller,77
1953,Александр Лебедев,35
1954,John Иванов,79
1955,John Brown,60
1956,Иван Davis,62
1957,Emily Волков,88
1958,Сергей Miller,75
1959,Дмитрий Козлов,65
1960,Николай Davis,21
1961,Emily Кузнецов,39
1962,Maria Johnson,61
1963,Дмитрий Лебедев,34
1964,Михаил Johnson,58
1965,Anna Smith,74
1966,Olga Иванов,41
1967,Olga Johnson,79
1968,Anna Лебедев,32
1969,Николай Garcia,38
1970,Андрей Козлов,87
1971,Maria Johnson,57
1972,Андрей Williams,57
1973,Дмитрий Jones,74
1974,Михаил Garcia,83
1975,Emily Garcia,49
1976,Алексей Davis,36
1977,Александр Smith,74
1978,Maria Jones,64
1979,Emily Brown,62
1980,Emily Петров,55
1981,Olga Jones,18
1982,Elena Смирнов,32
1983,Александр Smith,45
1984,Артем Кузнецов,53
1985,Иван Smith,68
1986,Сергей Волков,85
1987,Иван Johnson,52
1988,Sarah Кузнецов,90
1989,Sarah Garcia,32
1990,Артем Davis,24
1991,Михаил Davis,24
1992,Sarah Смирнов,25
1993,Алексей Петров,63
1994,Александр Miller,60
1995,Emily Лебедев,89
1996,Алексей Кузнецов,67
1997,Michael Jones,85
1998,Михаил Jones,26
1999,Иван Иванов,53
2000,Dmitry Jones,62
2001,Dmitry Смирнов,88
2002,Anna Smith,61
2003,Иван Garcia,55
2004,Андрей Williams,59
2005,Андрей Smith,65
2006,Иван Smith,53
2007,Дмитрий Сидоров,75
2008,Sarah Williams,89
2009,Olga Garcia,27
2010,Александр Иванов,27
2011,Alex Петров,78
2012,Михаил Johnson,37
2013,Elena Сидоров,77
2014,Dmitry Garcia,78
2015,Артем Garcia,54
2016,Андрей Garcia,53
2017,Anna Петров,80
2018,Alex Иванов,47
2019,Michael Сидоров,90
2020,Николай Смирнов,24
2021,Артем Jones,73
2022,Сергей Brown,49
2023,Николай Williams,82
2024,Максим Лебедев,42
2025,Андрей Garcia,76
2026,Андрей Davis,83
2027,Михаил Козлов,49
2028,Emily Williams,42
2029,Sarah Козлов,65
2030,Dmitry Иванов,61
2031,Sarah Davis,49
2032,Alex Лебедев,70
2033,Olga Петров,24
2034,Elena Кузнецов,74
2035,Sarah Волков,63
2036,Андрей Williams,58
2037,Алексей Smith,66
2038,Дмитрий Иванов,31
2039,Андрей Сидоров,72
2040,Сергей Смирнов,79
2041,Elena Jones,89
2042,Olga Miller,83
2043,Olga Davis,49
2044,Emily Волков,80
2045,Alex Miller,42
2046,Андрей Иванов,87
2047,Elena Сидоров,67
2048,Dmitry Лебедев,68
2049,Sarah Кузнецов,71
2050,Александр Williams,56
2051,Александр Иванов,53
2052,Максим Кузнецов,21
2053,Михаил Miller,33
2054,Maria Сидоров,41
2055,Михаил Волков,67
2056,Иван Смирнов,59
2057,Михаил Петров,85
2058,Michael Johnson,38
2059,Михаил Smith,18
2060,Андрей Williams,63
2061,Михаил Иванов,65
2062,Максим Miller,37
2063,Алексей Кузнецов,47
2064,Elena Williams,53
2065,Михаил Кузнецов,61
2066,Alex Garcia,20
2067,Michael Smith,84
2068,John Johnson,64
2069,Артем Davis,19
2070,Sarah Johnson,73
2071,Андрей Miller,80
2072,Emily Williams,65
2073,Андрей Кузнецов,84
2074,Maria Сидоров,62
2075,Dmitry Кузнецов,88
2076,Olga Brown,59
2077,Maria Johnson,22
2078,Сергей Сидоров,20
2079,Anna Garcia,62
2080,Иван Петров,67
2081,Михаил Davis,74
2082,Сергей Williams,32
2083,Sarah Brown,68
2084,John Smith,85
2085,Дмитрий Кузнецов,55
2086,Дмитрий Miller,84
2087,Anna Смирнов,31
2088,John Williams,22
2089,Алексей Петров,46
2090,Михаил Кузнецов,86
2091,John Smith,53
2092,Olga Williams,74
2093,Артем Сидоров,43
2094,Алексей Williams,78
2095,Olga Смирнов,50
2096,John Jones,44
2097,Sarah Jones,77
2098,Андрей Волков,59
2099,Elena Smith,90
2100,Michael Кузнецов,41
2101,Артем Smith,81
2102,Иван Лебедев,55
2103,Dmitry Иванов,19
2104,Андрей Garcia,84
2105,Алексей Garcia,51
2106,Sarah Smith,85
2107,Sarah Johnson,37
2108,Алексей Козлов,48
2109,Максим Петров,29
2110,Emily Garcia,59
2111,Dmitry Johnson,57
2112,Александр Miller,28
2113,Dmitry Brown,69
2114,Александр Сидоров,56
2115,Артем Brown,45
2116,Sarah Jones,29
2117,Андрей Davis,56
2118,Emily Miller,33
2119,Michael Волков,58
2120,Михаил Козлов,47
2121,Olga Johnson,19
2122,Elena Jones,73
2123,Anna Jones,39
2124,Дмитрий Волков,53
2125,Сергей Лебедев,63
2126,Николай Smith,72
2127,Алексей Smith,87
2128,Александр Miller,35
2129,Максим Jones,66
2130,Иван Волков,56
2131,Anna Jones,72
2132,Иван Davis,42
2133,Maria Johnson,82
2134,Dmitry Кузнецов,74
2135,Michael Davis,80
2136,Emily Jones,20
2137,Maria Иванов,40
2138,Alex Кузнецов,63
2139,Артем Волков,58
2140,Александр Miller,43
2141,Дмитрий Лебедев,47
2142,Александр Garcia,60
2143,Александр Williams,71
2144,Sarah Williams,60
2145,Olga Сидоров,51
2146,Артем Козлов,21
2147,Anna Лебедев,60
2148,Emily Jones,46
2149,Максим Johnson,52
2150,Михаил Brown,45
2151,Дмитрий Козлов,26
2152,Maria Jones,62
2153,Андрей Волков,57
2154,Михаил Сидоров,76
2155,Андрей Miller,78
2156,Дмитрий Петров,48
2157,Сергей Brown,27
2158,Михаил Brown,76
2159,Николай Козлов,85
2160,Michael Miller,29
2161,Elena Смирнов,86
2162,Olga Smith,35
2163,John Garcia,53
2164,Николай Jones,70
2165,Сергей Кузнецов,84
2166,Sarah Петров,90
2167,Михаил Miller,75
2168,Anna Jones,44
2169,Николай Смирнов,30
2170,Dmitry Иванов,71
2171,Anna Miller,47
2172,Elena Лебедев,50
2173,Anna Garcia,88
2174,Olga Davis,72
2175,Elena Козлов,25
2176,Alex Garcia,66
2177,Сергей Козлов,81
2178,Michael Davis,50
2179,Alex Сидоров,40
2180,Артем Davis,48
2181,Michael Johnson,87
2182,Michael Лебедев,53
2183,Elena Козлов,75
2184,Алексей Davis,48
2185,Olga Miller,38
2186,Anna Johnson,29
2187,Michael Jones,58
2188,Dmitry Brown,85
2189,Александр Garcia,24
2190,Emily Johnson,47
2191,Olga Смирнов,69
2192,Артем Смирнов,75
2193,Дмитрий Волков,39
2194,Сергей Williams,39
2195,Olga Davis,47
2196,Olga Johnson,79
2197,Sarah Davis,19
2198,Michael Davis,80
2199,Михаил Jones,18
2200,Николай Сидоров,53
2201,Anna Сидоров,67
2202,Николай Miller,60
2203,Дмитрий Johnson,47
2204,Alex Сидоров,74
2205,Михаил Петров,86
2206,Артем Smith,27
2207,Алексей Jones,48
2208,Артем Лебедев,18
2209,Михаил Лебедев,32
2210,Michael Лебедев,80
2211,Андрей Лебедев,57
2212,Николай Garcia,80
2213,Emily Brown,71
2214,Anna Garcia,54
2215,Anna Davis,65
2216,Alex Иванов,63
2217,Максим Лебедев,72
2218,Сергей Smith,89
2219,Sarah Смирнов,66
2220,Алексей Волков,68
2221,Sarah Johnson,39
2222,Dmitry Лебедев,76
2223,Sarah Williams,84
2224,Alex Иванов,86
2225,Maria Волков,53
2226,Elena Козлов,59
2227,Sarah Miller,31
2228,Elena Смирнов,40
2229,Emily Brown,76
2230,Николай Лебедев,40
2231,Michael Иванов,53
2232,Алексей Смирнов,66
2233,John Смирнов,72
2234,Александр Смирнов,72
2235,Maria Garcia,76
2236,Максим Иванов,57
2237,Иван Кузнецов,57
2238,Sarah Иванов,53
2239,Михаил Williams,38
2240,Alex Смирнов,79
2241,Михаил Кузнецов,47
2242,Maria Williams,52
2243,Michael Волков,65
2244,Дмитрий Davis,74
2245,Maria Davis,27
2246,Андрей Кузнецов,19
2247,Михаил Волков,24
2248,Михаил Сидоров,72
2249,Сергей Jones,60
2250,Иван Петров,74
2251,Александр Brown,66
2252,Дмитрий Miller,71
2253,Артем Johnson,60
2254,Olga Williams,24
2255,Александр Jones,34
2256,Николай Петров,65
2257,John Miller,27
2258,Alex Smith,70
2259,Алексей Козлов,18
2260,Maria Davis,24
2261,Alex Иванов,72
2262,John Смирнов,43
2263,Alex Miller,22
2264,Николай Кузнецов,63
2265,Sarah Johnson,63
2266,Иван Иванов,83
2267,Иван Brown,42
2268,John Лебедев,69
2269,Дмитрий Сидоров,90
2270,John Сидоров,19
2271,John Brown,63
2272,Elena Williams,59
2273,Dmitry Jones,69
2274,Elena Jones,27
2275,Elena Сидоров,89
2276,Максим Лебедев,26
2277,Emily Кузнецов,23
2278,Дмитрий Лебедев,27
2279,Алексей Волков,78
2280,Sarah Davis,46
2281,John Jones,30
2282,John Davis,54
2283,Андрей Кузнецов,49
2284,Дмитрий Williams,29
2285,Дмитрий Волков,37
2286,Сергей Brown,18
2287,Николай Сидоров,73
2288,Андрей Brown,26
2289,Maria Смирнов,47
2290,Алексей Davis,24
2291,Иван Лебедев,38
2292,Sarah Петров,25
2293,Николай Johnson,73
2294,Артем Иванов,79
2295,Николай Сидоров,86
2296,Alex Иванов,77
2297,Olga Miller,43
2298,Дмитрий Brown,43
2299,Dmitry Johnson,82
2300,Михаил Сидоров,90
2301,Михаил Козлов,74
2302,Dmitry Brown,29
2303,Николай Smith,26
2304,Михаил Сидоров,18
2305,Michael Johnson,53
2306,Emily Johnson,61
2307,Андрей Волков,64
2308,Michael Волков,23
2309,Dmitry Williams,64
2310,Maria Jones,71
2311,Michael Johnson,82
2312,Dmitry Johnson,87
2313,Артем Козлов,66
2314,Alex Smith,70
2315,Anna Смирнов,81
2316,Алексей Сидоров,71
2317,Olga Johnson,54
2318,Иван Петров,38
2319,Alex Козлов,74
2320,Michael Кузнецов,30
2321,Максим Кузнецов,35
2322,Elena Иванов,38
2323,Александр Williams,56
2324,Андрей Волков,57
2325,Николай Волков,43
2326,Dmitry Jones,74
2327,Максим Лебедев,89
2328,Alex Johnson,67
2329,John Козлов,88
2330,Dmitry Garcia,46
2331,Андрей Smith,84
2332,Максим Davis,29
2333,Elena Сидоров,23
2334,Elena Garcia,58
2335,Николай Лебедев,65
2336,Maria Williams,72
2337,Anna Brown,75
2338,Михаил Волков,56
2339,Сергей Смирнов,81
2340,Emily Davis,48
2341,Максим Brown,84
2342,Sarah Davis,50
2343,Michael Сидоров,55
2344,Sarah Garcia,84
2345,Иван Лебедев,71
2346,Андрей Williams,90
2347,Александр Смирнов,32
2348,Anna Смирнов,26
2349,Olga Smith,50
2350,Андрей Кузнецов,86
2351,Андрей Козлов,41
2352,Alex Davis,51
2353,Иван Кузнецов,75
2354,Артем Кузнецов,58
2355,Olga Jones,56
2356,Иван Williams,21
2357,Максим Davis,78
2358,Alex Miller,35
2359,Алексей Brown,51
2360,Алексей Smith,40
2361,Emily Сидоров,72
2362,Anna Williams,42
2363,Olga Волков,33
2364,Андрей Brown,84
2365,Anna Miller,86
2366,Николай Петров,65
2367,Olga Иванов,48
2368,Elena Jones,88
2369,Elena Смирнов,84
2370,Сергей Miller,28
2371,Андрей Williams,30
2372,Максим Garcia,61
2373,John Смирнов,33
2374,Дмитрий Сидоров,30
2375,John Williams,86
2376,Андрей Смирнов,31
2377,John Сидоров,53
2378,Сергей Smith,59
2379,Александр Miller,71
2380,Alex Miller,64
2381,Михаил Иванов,61
2382,Olga Петров,52
2383,Elena Johnson,78
2384,Сергей Miller,37
2385,Elena Williams,66
2386,John Кузнецов,70
2387,Sarah Сидоров,75
2388,Olga Волков,42
2389,Anna Петров,50
2390,Сергей Miller,39
2391,Michael Jones,88
2392,Андрей Johnson,76
2393,Александр Кузнецов,65
2394,Elena Brown,33
2395,Emily Garcia,65
2396,Артем Волков,28
2397,Alex Петров,54
2398,Дмитрий Miller,43
2399,Дмитрий Miller,67
2400,Николай Смирнов,46
2401,Emily Williams,47
2402,Андрей Smith,80
2403,Dmitry Петров,21
2404,Дмитрий Кузнецов,36
2405,Николай Jones,85
2406,Michael Garcia,83
2407,Михаил Иванов,34
2408,Дмитрий Петров,90
2409,Olga Иванов,38
2410,Михаил Петров,79
2411,Дмитрий Лебедев,69
2412,Dmitry Волков,38
2413,Сергей Иванов,32
2414,Сергей Волков,85
2415,Михаил Петров,79
2416,John Jones,48
2417,Николай Петров,47
2418,Sarah Miller,59
2419,Михаил Brown,71
2420,Максим Смирнов,65
2421,Elena Смирнов,18
2422,Maria Лебедев,85
2423,Дмитрий Brown,60
2424,Иван Лебедев,82
2425,Michael Волков,55
2426,John Петров,76
2427,Алексей Кузнецов,64
2428,Андрей Козлов,34
2429,Михаил Иванов,86
2430,Андрей Miller,50
2431,Anna Johnson,36
2432,Александр Williams,42
2433,Михаил Garcia,86
2434,Михаил Сидоров,26
2435,Olga Miller,27
2436,Maria Williams,90
2437,Иван Jones,22
2438,Николай Davis,79
2439,Максим Смирнов,48
2440,Maria Иванов,30
2441,Максим Петров,23
2442,Сергей Garcia,35
2443,Anna Jones,71
2444,Иван Кузнецов,67
2445,Alex Козлов,49
2446,Максим Смирнов,18
2447,Николай Jones,21
2448,Elena Smith,28
2449,Alex Кузнецов,32
2450,Olga Кузнецов,51
2451,Sarah Brown,58
2452,Дмитрий Smith,44
2453,Максим Williams,52
2454,Dmitry Davis,31
2455,Максим Смирнов,41
2456,Michael Garcia,19
2457,Иван Miller,77
2458,Elena Иванов,88
2459,Михаил Johnson,41
2460,Сергей Johnson,43
2461,Артем Davis,43
2462,Michael Иванов,78
2463,Андрей Jones,47
2464,Максим Сидоров,86
2465,Dmitry Johnson,45
2466,Elena Лебедев,24
2467,Olga Miller,52
2468,Sarah Иванов,88
2469,Александр Johnson,24
2470,Михаил Davis,36
2471,Michael Williams,21
2472,Дмитрий Garcia,51
2473,Emily Кузнецов,78
2474,Elena Иванов,18
2475,Olga Лебедев,30
2476,Alex Smith,58
2477,Sarah Сидоров,89
2478,John Иванов,75
2479,Максим Williams,89
2480,Olga Garcia,73
2481,Михаил Петров,28
2482,Алексей Davis,80
2483,Dmitry Garcia,74
2484,Anna Garcia,70
2485,Michael Сидоров,65
2486,Emily Smith,82
2487,Дмитрий Кузнецов,89
2488,Sarah Лебедев,87
2489,Olga Волков,73
2490,Sarah Johnson,66
2491,Дмитрий Волков,46
2492,Михаил Miller,81
2493,Михаил Brown,40
2494,Dmitry Garcia,32
2495,Michael Иванов,59
2496,Александр Лебедев,73
2497,Алексей Williams,56
2498,Elena Волков,80
2499,Dmitry Miller,19
2500,Olga Иванов,78
2501,Elena Лебедев,58
2502,Алексей Лебедев,48
2503,Николай Волков,90
2504,Anna Miller,46
2505,Александр Smith,49
2506,Alex Иванов,18
2507,Michael Garcia,68
2508,Emily Garcia,85
2509,Maria Jones,78
2510,Dmitry Волков,32
2511,Иван Brown,76
2512,Olga Сидоров,39
2513,Артем Козлов,76
2514,Olga Козлов,64
2515,Максим Jones,24
2516,Артем Петров,26
2517,Иван Jones,42
2518,Michael Лебедев,77
2519,Сергей Jones,18
2520,Дмитрий Козлов,37
2521,Emily Garcia,27
2522,Сергей Иванов,30
2523,Артем Jones,86
2524,Андрей Петров,26
2525,Sarah Davis,84
2526,Николай Johnson,70
2527,Emily Jones,76
2528,Emily Johnson,41
2529,Михаил Смирнов,25
2530,Михаил Кузнецов,42
2531,Sarah Jones,41
2532,Андрей Jones,42
2533,Иван Williams,23
2534,Maria Сидоров,52
2535,Артем Johnson,77
2536,Elena Jones,78
2537,Алексей Кузнецов,18
2538,Максим Петров,36
2539,Михаил Johnson,65
2540,John Петров,63
2541,Иван Garcia,87
2542,Михаил Кузнецов,26
2543,Дмитрий Garcia,48
2544,Артем Davis,75
2545,Иван Иванов,72
2546,Alex Jones,64
2547,John Williams,46
2548,Максим Петров,82
2549,Anna Davis,38
2550,Максим Козлов,69
2551,Артем Волков,80
2552,John Петров,34
2553,Николай Волков,90
2554,Dmitry Smith,68
2555,Сергей Волков,63
2556,Michael Williams,19
2557,Michael Лебедев,89
2558,Иван Miller,63
2559,Максим Кузнецов,25
2560,Сергей Сидоров,68
2561,Anna Сидоров,87
2562,Dmitry Кузнецов,82
2563,Дмитрий Smith,53
2564,Dmitry Miller,52
2565,Александр Williams,73
2566,Александр Волков,51
2567,Андрей Jones,88
2568,Максим Кузнецов,32
2569,Андрей Иванов,23
2570,John Johnson,29
2571,Иван Garcia,41
2572,Anna Козлов,78
2573,Андрей Brown,52
2574,Николай Сидоров,86
2575,Андрей Иванов,43
2576,Максим Козлов,84
2577,Anna Miller,63
2578,Александр Johnson,23
2579,Андрей Garcia,47
2580,Elena Козлов,37
2581,Maria Волков,29
2582,Alex Garcia,41
2583,Sarah Smith,37
2584,Сергей Смирнов,57
2585,Elena Петров,66
2586,John Williams,23
2587,Olga Williams,45
2588,Михаил Brown,20
2589,Emily Johnson,33
2590,John Smith,44
2591,Алексей Williams,36
2592,Olga Jones,26
2593,Александр Кузнецов,26
2594,Anna Волков,75
2595,Сергей Jones,43
2596,Алексей Козлов,76
2597,Olga Лебедев,55
2598,Maria Петров,59
2599,Иван Garcia,62
2600,Emily Петров,26
2601,Николай Garcia,67
2602,Михаил Кузнецов,59
2603,Сергей Смирнов,86
2604,Elena Jones,19
2605,Dmitry Garcia,22
2606,Николай Smith,36
2607,Иван Johnson,58
2608,Андрей Козлов,86
2609,Elena Williams,48
2610,Emily Garcia,68
2611,Николай Сидоров,81
2612,Сергей Miller,63
2613,Sarah Johnson,54
2614,Дмитрий Johnson,65
2615,Michael Davis,19
2616,Михаил Davis,60
2617,Michael Волков,76
2618,Anna Davis,30
2619,Иван Davis,39
2620,Николай Сидоров,31
2621,Dmitry Кузнецов,85
2622,Михаил Волков,56
2623,Anna Garcia,48
2624,Emily Лебедев,41
2625,Sarah Лебедев,19
2626,Emily Смирнов,66
2627,Иван Johnson,78
2628,Alex Сидоров,37
2629,Сергей Johnson,67
2630,Сергей Smith,20
2631,Elena Кузнецов,24
2632,Максим Волков,57
2633,Андрей Williams,43
2634,Dmitry Смирнов,54
2635,Elena Garcia,19
2636,Алексей Иванов,58
2637,Алексей Лебедев,43
2638,Александр Смирнов,64
2639,Иван Волков,46
2640,John Козлов,45
2641,Артем Smith,22
2642,Артем Miller,73
2643,Михаил Garcia,65
2644,Алексей Смирнов,45
2645,Андрей Козлов,56
2646,Elena Кузнецов,45
2647,Дмитрий Garcia,46
2648,Максим Петров,84
2649,Maria Davis,57
2650,Olga Davis,59
2651,Maria Козлов,21
2652,Алексей Brown,81
2653,Александр Garcia,69
2654,John Brown,33
2655,Иван Smith,19
2656,Dmitry Сидоров,56
2657,Alex Петров,35
2658,Alex Кузнецов,38
2659,Алексей Miller,65
2660,Сергей Davis,53
2661,Elena Williams,68
2662,Emily Brown,72
2663,Дмитрий Сидоров,52
2664,Dmitry Смирнов,30
2665,Alex Козлов,32
2666,Michael Miller,49
2667,Сергей Johnson,23
2668,Anna Williams,45
2669,Иван Петров,54
2670,Максим Кузнецов,50
2671,Michael Смирнов,47
2672,Иван Петров,74
2673,Алексей Лебедев,75
2674,Michael Кузнецов,29
2675,Иван Davis,34
2676,Dmitry Смирнов,66
2677,Сергей Петров,77
2678,Dmitry Johnson,37
2679,Michael Williams,43
2680,Anna Johnson,85
2681,Николай Davis,65
2682,Elena Davis,52
2683,Дмитрий Козлов,85
2684,Сергей Davis,41
2685,Emily Смирнов,24
2686,Алексей Williams,67
2687,Dmitry Волков,88
2688,Михаил Сидоров,25
2689,Dmitry Петров,34
2690,Maria Иванов,70
2691,Anna Кузнецов,33
2692,Дмитрий Сидоров,61
2693,Иван Miller,27
2694,Michael Davis,65
2695,Иван Петров,47
2696,Сергей Davis,37
2697,Николай Miller,73
2698,Максим Сидоров,80
2699,Александр Davis,55
2700,Андрей Петров,73
2701,Sarah Волков,30
2702,Emily Davis,30
2703,Алексей Козлов,54
2704,Артем Петров,57
2705,Андрей Петров,87
2706,Sarah Кузнецов,29
2707,Андрей Williams,75
2708,Anna Сидоров,50
2709,Sarah Лебедев,65
2710,Алексей Смирнов,81
2711,Дмитрий Davis,86
2712,Михаил Garcia,54
2713,Emily Williams,71
2714,Михаил Кузнецов,66
2715,Dmitry Brown,77
2716,Сергей Williams,54
2717,Maria Волков,82
2718,Michael Brown,75
2719,Андрей Johnson,36
2720,Алексей Иванов,40
2721,Dmitry Smith,37
2722,Сергей Смирнов,74
2723,Александр Лебедев,73
2724,Дмитрий Williams,84
2725,John Smith,57
2726,Дмитрий Garcia,77
2727,Андрей Smith,67
2728,Сергей Miller,26
2729,Иван Смирнов,84
2730,Иван Петров,57
2731,Андрей Кузнецов,45
2732,Maria Петров,84
2733,Olga Волков,86
2734,Maria Williams,18
2735,Николай Johnson,81
2736,Michael Williams,43
2737,Андрей Кузнецов,61
2738,Sarah Williams,33
2739,Dmitry Miller,88
2740,Dmitry Волков,56
2741,Артем Smith,68
2742,Sarah Козлов,66
2743,Olga Miller,22
2744,Emily Williams,76
2745,Anna Garcia,70
2746,Сергей Smith,72
2747,Андрей Garcia,42
2748,Sarah Miller,76
2749,Александр Williams,79
2750,Olga Петров,77
2751,Александр Johnson,80
2752,Dmitry Сидоров,62
2753,Максим Garcia,28
2754,Николай Jones,80
2755,Алексей Brown,22
2756,Алексей Brown,83
2757,Elena Johnson,56
2758,Maria Смирнов,44
2759,Sarah Сидоров,84
2760,Olga Williams,73
2761,Сергей Сидоров,81
2762,Николай Волков,57
2763,Артем Волков,74
2764,Иван Кузнецов,47
2765,Иван Garcia,48
2766,Dmitry Davis,53
2767,Максим Иванов,20
2768,Сергей Кузнецов,49
2769,Emily Garcia,18
2770,Emily Garcia,82
2771,Артем Miller,60
2772,Михаил Brown,35
2773,Сергей Козлов,24
2774,Michael Козлов,33
2775,Maria Davis,81
2776,Michael Johnson,28
2777,Алексей Петров,66
2778,Michael Jones,78
2779,Андрей Miller,35
2780,Sarah Johnson,65
2781,John Miller,31
2782,Сергей Петров,19
2783,Maria Смирнов,20
2784,Olga Козлов,71
2785,Sarah Jones,80
2786,Olga Jones,23
2787,Алексей Davis,20
2788,Михаил Williams,69
2789,Alex Smith,62
2790,Алексей Smith,21
2791,Михаил Лебедев,29
2792,Elena Иванов,43
2793,Emily Jones,19
2794,Michael Кузнецов,35
2795,Emily Jones,18
2796,Emily Кузнецов,50
2797,Sarah Смирнов,40
2798,Maria Смирнов,20
2799,Максим Smith,61
2800,Максим Johnson,25
2801,John Miller,83
2802,Michael Smith,48
2803,Olga Козлов,63
2804,Николай Волков,48
2805,Сергей Иванов,65
2806,Александр Miller,40
2807,Михаил Иванов,88
2808,Dmitry Козлов,70
2809,Olga Кузнецов,23
2810,Дмитрий Jones,43
2811,Сергей Сидоров,41
2812,Алексей Козлов,25
2813,Olga Miller,69
2814,Сергей Williams,57
2815,Sarah Волков,47
2816,Александр Davis,46
2817,John Miller,76
2818,Николай Иванов,25
2819,Александр Brown,71
2820,Иван Волков,74
2821,Андрей Сидоров,52
2822,Андрей Козлов,74
2823,Иван Johnson,64
2824,Артем Miller,79
2825,Максим Сидоров,59
2826,Иван Johnson,53
2827,Александр Miller,33
2828,Иван Смирнов,32
2829,Сергей Davis,31
2830,John Кузнецов,29
2831,Olga Williams,62
2832,Александр Смирнов,42
2833,Sarah Williams,41
2834,Николай Иванов,59
2835,Дмитрий Miller,66
2836,Alex Кузнецов,45
2837,Андрей Петров,64
2838,Михаил Козлов,83
2839,Anna Brown,62
2840,Michael Волков,89
2841,Sarah Иванов,84
2842,Артем Jones,48
2843,Артем Williams,26
2844,Michael Смирнов,36
2845,Артем Смирнов,30
2846,Андрей Miller,47
2847,Дмитрий Волков,73
2848,Maria Козлов,68
2849,Elena Волков,22
2850,John Козлов,56
2851,Elena Johnson,51
2852,Иван Garcia,42
2853,Александр Смирнов,87
2854,Michael Козлов,89
2855,Алексей Петров,90
2856,Михаил Иванов,81
2857,Dmitry Garcia,39
2858,Алексей Иванов,53
2859,Maria Brown,79
2860,Андрей Иванов,48
2861,Dmitry Иванов,66
2862,Alex Smith,62
2863,Maria Лебедев,39
2864,Dmitry Сидоров,62
2865,Александр Johnson,23
2866,Anna Волков,24
2867,Dmitry Волков,64
2868,Сергей Davis,46
2869,Иван Смирнов,51
2870,Николай Brown,21
2871,Anna Козлов,46
2872,Михаил Волков,86
2873,Максим Smith,52
2874,Olga Иванов,73
2875,John Козлов,77
2876,Alex Davis,60
2877,Александр Волков,49
2878,Сергей Miller,83
2879,Sarah Williams,34
2880,Anna Лебедев,80
2881,Алексей Miller,68
2882,Иван Smith,71
2883,Anna Иванов,74
2884,Michael Смирнов,29
2885,Артем Сидоров,44
2886,Александр Иванов,18
2887,Александр Williams,75
2888,Андрей Лебедев,43
2889,Sarah Козлов,36
2890,Алексей Сидоров,55
2891,Maria Козлов,73
2892,Михаил Jones,71
2893,Сергей Сидоров,21
2894,Артем Smith,24
2895,Михаил Кузнецов,73
2896,Александр Козлов,20
2897,Артем Brown,81
2898,Николай Garcia,60
2899,Elena Иванов,28
2900,Андрей Garcia,35
2901,Emily Johnson,68
2902,Дмитрий Петров,40
2903,Michael Петров,61
2904,Maria Волков,64
2905,Maria Петров,89
2906,Максим Smith,74
2907,Алексей Davis,48
2908,Dmitry Петров,67
2909,Emily Сидоров,21
2910,Emily Иванов,62
2911,John Brown,32
2912,Emily Иванов,45
2913,Emily Garcia,82
2914,Dmitry Jones,81
2915,Дмитрий Сидоров,34
2916,Dmitry Davis,82
2917,Иван Smith,60
2918,Alex Лебедев,21
2919,Сергей Jones,53
2920,Михаил Jones,80
2921,Dmitry Кузнецов,57
2922,Elena Brown,65
2923,Дмитрий Иванов,74
2924,Михаил Davis,64
2925,Alex Смирнов,52
2926,Sarah Smith,90
2927,Михаил Лебедев,84
2928,Dmitry Лебедев,29
2929,Olga Johnson,56
2930,Максим Сидоров,87
2931,Elena Козлов,87
2932,Александр Лебедев,78
2933,Michael Jones,86
2934,John Brown,77
2935,Дмитрий Miller,52
2936,John Лебедев,56
2937,Максим Петров,42
2938,Михаил Иванов,40
2939,Максим Иванов,20
2940,Emily Brown,48
2941,Sarah Козлов,48
2942,Максим Кузнецов,42
2943,Maria Brown,36
2944,Olga Brown,85
2945,Alex Смирнов,27
2946,Дмитрий Garcia,71
2947,Olga Петров,35
2948,Dmitry Johnson,69
2949,Emily Кузнецов,50
2950,Артем Кузнецов,34
2951,Михаил Петров,71
2952,Emily Jones,20
2953,Alex Иванов,69
2954,Максим Волков,27
2955,Sarah Лебедев,89
2956,Николай Jones,57
2957,Андрей Johnson,89
2958,Elena Davis,35
2959,Андрей Garcia,77
2960,Dmitry Jones,42
2961,Olga Johnson,26
2962,Николай Williams,54
2963,Михаил Сидоров,47
2964,Anna Johnson,32
2965,Артем Петров,36
2966,Максим Williams,54
2967,Maria Smith,25
2968,Sarah Jones,33
2969,Sarah Miller,19
2970,Dmitry Петров,72
2971,Alex Лебедев,89
2972,Дмитрий Johnson,65
2973,Михаил Smith,77
2974,Anna Davis,46
2975,Александр Смирнов,55
2976,Maria Козлов,46
2977,Emily Johnson,67
2978,Dmitry Garcia,50
2979,Михаил Davis,30
2980,Elena Волков,21
2981,Maria Кузнецов,73
2982,Emily Козлов,21
2983,Артем Jones,36
2984,Elena Сидоров,31
2985,Алексей Garcia,39
2986,Дмитрий Козлов,73
2987,Алексей Johnson,75
2988,Артем Brown,85
2989,Андрей Smith,56
2990,Дмитрий Johnson,82
2991,Anna Williams,23
2992,Николай Лебедев,72
2993,Michael Волков,72
2994,Elena Петров,35
2995,Emily Johnson,84
2996,Сергей Иванов,19
2997,Sarah Davis,89
2998,Dmitry Кузнецов,47
2999,Николай Сидоров,20
3000,Elena Davis,74
3001,Anna Williams,31
3002,Артем Brown,32
3003,Alex Петров,52
3004,Maria Miller,29
3005,Николай Лебедев,66
3006,Emily Волков,30
3007,Алексей Johnson,22
3008,Максим Brown,56
3009,Olga Петров,89
3010,Elena Smith,90
3011,Dmitry Johnson,86
3012,Иван Brown,45
3013,Sarah Лебедев,61
3014,Алексей Johnson,64
3015,Сергей Williams,56
3016,Дмитрий Смирнов,49
3017,Maria Смирнов,84
3018,Александр Johnson,69
3019,Сергей Williams,41
3020,Elena Лебедев,74
3021,Сергей Иванов,27
3022,John Сидоров,90
3023,Алексей Волков,73
3024,Alex Jones,42
3025,John Сидоров,67
3026,Dmitry Smith,29
3027,Артем Сидоров,74
3028,Elena Davis,37
3029,Дмитрий Кузнецов,56
3030,Sarah Козлов,58
3031,Александр Smith,49
3032,Николай Garcia,87
3033,Андрей Козлов,43
3034,Андрей Петров,45
3035,Emily Smith,38
3036,Maria Davis,76
3037,Anna Jones,66
3038,Olga Иванов,26
3039,Иван Петров,52
3040,Андрей Jones,53
3041,Николай Кузнецов,49
3042,Emily Козлов,82
3043,Emily Смирнов,44
3044,Алексей Кузнецов,75
3045,Алексей Davis,56
3046,John Smith,21
3047,Olga Miller,83
3048,John Сидоров,34
3049,Maria Miller,77
3050,John Williams,80
3051,Андрей Кузнецов,24
3052,Александр Лебедев,44
3053,Алексей Смирнов,69
3054,Михаил Johnson,73
3055,Александр Johnson,41
3056,Михаил Brown,26
3057,Михаил Козлов,19
3058,Olga Davis,62
3059,Артем Иванов,82
3060,Maria Иванов,77
3061,Michael Miller,35
3062,Михаил Смирнов,27
3063,Михаил Кузнецов,69
3064,Андрей Смирнов,55
3065,John Иванов,77
3066,Emily Davis,63
3067,Сергей Williams,53
3068,Дмитрий Лебедев,27
3069,John Jones,28
3070,Иван Davis,66
3071,Алексей Williams,25
3072,Артем Williams,71
3073,Sarah Иванов,35
3074,Александр Петров,30
3075,Emily Смирнов,43
3076,Elena Davis,53
3077,Michael Smith,26
3078,Иван Лебедев,46
3079,Elena Brown,30
3080,Sarah Johnson,31
3081,Sarah Johnson,37
3082,Elena Miller,21
3083,Anna Jones,48
3084,John Jones,71
3085,Максим Иванов,61
3086,Sarah Garcia,86
3087,Алексей Davis,65
3088,Андрей Miller,63
3089,Артем Кузнецов,59
3090,John Davis,26
3091,Иван Johnson,77
3092,Maria Сидоров,60
3093,Michael Иванов,70
3094,Михаил Williams,45
3095,Михаил Garcia,34
3096,Maria Garcia,37
3097,Anna Williams,61
3098,Алексей Сидоров,87
3099,Emily Davis,21
3100,Николай Garcia,48
3101,John Miller,55
3102,Николай Смирнов,64
3103,Olga Jones,21
3104,Michael Davis,27
3105,Александр Brown,33
3106,Андрей Петров,83
3107,Иван Сидоров,24
3108,Elena Лебедев,75
3109,Emily Смирнов,84
3110,Иван Иванов,38
3111,Sarah Волков,19
3112,Алексей Лебедев,75
3113,Maria Иванов,70
3114,Maria Волков,25
3115,Dmitry Смирнов,72
3116,Иван Miller,42
3117,Michael Лебедев,73
3118,Андрей Johnson,78
3119,Иван Jones,67
3120,Николай Jones,51
3121,Michael Garcia,39
3122,Михаил Smith,46
3123,Александр Кузнецов,67
3124,Sarah Кузнецов,79
3125,Алексей Brown,55
3126,Dmitry Петров,68
3127,Максим Козлов,90
3128,Михаил Davis,32
3129,Michael Davis,81
3130,Алексей Johnson,24
3131,Elena Лебедев,77
3132,Anna Иванов,33
3133,John Козлов,85
3134,Olga Miller,75
3135,Иван Jones,52
3136,Elena Петров,83
3137,Elena Williams,64
3138,Emily Williams,47
3139,Николай Смирнов,41
3140,Дмитрий Иванов,29
3141,Андрей Jones,57
3142,Александр Смирнов,54
3143,Emily Смирнов,82
3144,Sarah Garcia,55
3145,Dmitry Кузнецов,89
3146,Николай Johnson,22
3147,Максим Сидоров,28
3148,Алексей Williams,89
3149,Александр Козлов,44
3150,John Davis,55
3151,Sarah Brown,60
3152,Иван Смирнов,47
3153,Alex Brown,46
3154,Николай Сидоров,53
3155,Sarah Сидоров,20
3156,Михаил Волков,70
3157,Sarah Смирнов,26
3158,Михаил Смирнов,44
3159,Elena Козлов,28
3160,Olga Brown,78
3161,Elena Brown,21
3162,Максим Петров,65
3163,Сергей Лебедев,69
3164,Dmitry Johnson,47
3165,Артем Козлов,27
3166,Alex Смирнов,45
3167,Иван Сидоров,26
3168,Михаил Смирнов,26
3169,Michael Williams,89
3170,Elena Williams,34
3171,Maria Davis,23
3172,Дмитрий Кузнецов,84
3173,Андрей Brown,24
3174,Алексей Смирнов,31
3175,Сергей Davis,55
3176,Александр Jones,58
3177,Андрей Jones,71
3178,Николай Smith,69
3179,Максим Garcia,65
3180,Michael Смирнов,23
3181,Иван Волков,21
3182,Anna Смирнов,62
3183,Андрей Miller,64
3184,Emily Johnson,72
3185,Sarah Волков,32
3186,Иван Петров,19
3187,Алексей Williams,60
3188,Emily Williams,26
3189,Elena Davis,63
3190,Maria Jones,35
3191,Иван Кузнецов,90
3192,Алексей Garcia,59
3193,Сергей Козлов,55
3194,Michael Miller,48
3195,Dmitry Brown,57
3196,Михаил Петров,48
3197,Sarah Волков,26
3198,Emily Garcia,77
3199,Anna Петров,74
3200,Алексей Davis,44
3201,Alex Лебедев,81
3202,Максим Miller,74
3203,Михаил Иванов,46
3204,Alex Козлов,63
3205,Алексей Johnson,31
3206,Александр Johnson,67
3207,Maria Волков,68
3208,Elena Garcia,25
3209,Anna Miller,42
3210,Alex Петров,81
3211,Olga Garcia,80
3212,Sarah Davis,44
3213,Дмитрий Smith,66
3214,Максим Jones,65
3215,Иван Волков,65
3216,Maria Williams,28
3217,Алексей Jones,34
3218,Michael Garcia,73
3219,Сергей Козлов,88
3220,Алексей Williams,90
3221,Иван Brown,86
3222,Olga Кузнецов,78
3223,Алексей Miller,45
3224,Иван Петров,20
3225,Иван Williams,36
3226,Alex Davis,62
3227,John Петров,75
3228,Максим Кузнецов,52
3229,Дмитрий Miller,52
3230,Sarah Jones,27
3231,Alex Кузнецов,89
3232,Максим Волков,46
3233,Александр Лебедев,86
3234,Michael Волков,32
3235,Иван Brown,81
3236,Dmitry Смирнов,80
3237,Сергей Jones,74
3238,Dmitry Garcia,18
3239,Michael Лебедев,59
3240,Михаил Волков,21
3241,Maria Смирнов,23
3242,Elena Лебедев,72
3243,John Козлов,69
3244,Emily Петров,73
3245,Emily Williams,78
3246,Артем Петров,37
3247,Dmitry Иванов,25
3248,Anna Козлов,23
3249,Emily Лебедев,41
3250,Артем Williams,36
3251,Максим Иванов,25
3252,Сергей Кузнецов,84
3253,Dmitry Brown,73
3254,Иван Brown,55
3255,Андрей Иванов,73
3256,Максим Кузнецов,30
3257,Alex Jones,44
3258,Андрей Смирнов,79
3259,Михаил Brown,28
3260,Anna Johnson,29
3261,Anna Garcia,30
3262,Anna Кузнецов,46
3263,Anna Сидоров,53
3264,Алексей Johnson,47
3265,Elena Smith,36
3266,John Козлов,50
3267,Иван Johnson,47
3268,Иван Иванов,54
3269,Максим Лебедев,72
3270,Алексей Петров,19
3271,Дмитрий Козлов,57
3272,Elena Johnson,27
3273,John Jones,69
3274,Михаил Williams,26
3275,Olga Garcia,75
3276,Elena Miller,78
3277,Артем Miller,78
3278,Maria Смирнов,90
3279,Максим Иванов,46
3280,Dmitry Кузнецов,58
3281,Maria Garcia,31
3282,John Williams,45
3283,Дмитрий Сидоров,47
3284,Emily Козлов,66
3285,Николай Волков,38
3286,Alex Davis,62
3287,Сергей Петров,18
3288,Дмитрий Johnson,43
3289,Sarah Brown,84
3290,Николай Smith,31
3291,Anna Петров,89
3292,Maria Brown,71
3293,Николай Johnson,45
3294,Дмитрий Лебедев,23
3295,Emily Miller,68
3296,Иван Кузнецов,84
3297,Николай Козлов,80
3298,Dmitry Волков,34
3299,Дмитрий Johnson,79
3300,Михаил Иванов,21
3301,John Williams,61
3302,Olga Иванов,49
3303,Андрей Волков,19
3304,Alex Кузнецов,37
3305,Михаил Козлов,69
3306,Dmitry Smith,63
3307,Anna Williams,47
3308,Николай Jones,40
3309,Максим Петров,47
3310,Michael Петров,43
3311,Иван Davis,77
3312,Сергей Garcia,71
3313,Михаил Кузнецов,27
3314,Иван Garcia,26
3315,Дмитрий Johnson,43
3316,Сергей Сидоров,73
3317,Emily Волков,25
3318,Сергей Козлов,47
3319,Иван Johnson,32
3320,Иван Garcia,83
3321,Андрей Jones,42
3322,Сергей Davis,18
3323,Алексей Jones,37
3324,Алексей Brown,59
3325,Olga Davis,88
3326,Alex Garcia,25
3327,Артем Сидоров,68
3328,Anna Miller,76
3329,Anna Miller,50
3330,Артем Кузнецов,38
3331,Anna Смирнов,35
3332,Андрей Davis,68
3333,Sarah Brown,55
3334,Алексей Волков,65
3335,Максим Brown,24
3336,Elena Jones,81
3337,Михаил Петров,79
3338,Sarah Волков,54
3339,Alex Johnson,34
3340,Michael Смирнов,35
3341,Anna Кузнецов,45
3342,Сергей Иванов,87
3343,Maria Сидоров,40
3344,Андрей Jones,41
3345,Emily Davis,75
3346,Артем Смирнов,60
3347,Maria Williams,34
3348,Артем Miller,58
3349,Артем Смирнов,21
3350,Sarah Williams,76
3351,Emily Смирнов,80
3352,Сергей Волков,74
3353,Артем Brown,27
3354,Иван Сидоров,50
3355,Алексей Петров,74
3356,Иван Кузнецов,38
3357,Maria Brown,60
3358,Сергей Brown,73
3359,Николай Miller,35
3360,Michael Волков,46
3361,Dmitry Волков,89
3362,Sarah Miller,87
3363,Артем Garcia,64
3364,Николай Smith,47
3365,Николай Волков,43
3366,Александр Иванов,54
3367,Иван Смирнов,67
3368,Сергей Сидоров,29
3369,Максим Смирнов,40
3370,Дмитрий Козлов,52
3371,Сергей Иванов,30
3372,Elena Johnson,74
3373,Иван Miller,31
3374,Maria Волков,42
3375,Михаил Петров,78
3376,Максим Козлов,78
3377,Андрей Brown,23
3378,Alex Davis,29
3379,Сергей Лебедев,35
3380,Артем Davis,86
3381,Алексей Козлов,80
3382,Olga Петров,53
3383,Александр Кузнецов,47
3384,John Jones,90
3385,Александр Смирнов,24
3386,Александр Кузнецов,50
3387,Дмитрий Лебедев,82
3388,Emily Jones,54
3389,Николай Garcia,82
3390,Алексей Иванов,76
3391,Emily Смирнов,22
3392,Michael Петров,34
3393,Артем Волков,21
3394,Иван Иванов,60
3395,Emily Волков,76
3396,Сергей Brown,45
3397,Sarah Иванов,55
3398,Emily Williams,24
3399,Elena Garcia,83
3400,Михаил Garcia,66
3401,Dmitry Смирнов,42
3402,Maria Сидоров,55
3403,Иван Brown,80
3404,Александр Smith,33
3405,Алексей Козлов,29
3406,Elena Лебедев,27
3407,Olga Davis,20
3408,Александр Лебедев,86
3409,Иван Davis,65
3410,Михаил Smith,39
3411,Алексей Волков,59
3412,Максим Jones,64
3413,Elena Кузнецов,40
3414,Михаил Петров,59
3415,Артем Козлов,57
3416,Maria Кузнецов,36
3417,Alex Brown,18
3418,Дмитрий Волков,55
3419,Olga Козлов,48
3420,Emily Лебедев,69
3421,Dmitry Jones,57
3422,Андрей Williams,59
3423,John Волков,76
3424,Артем Jones,28
3425,Alex Петров,40
3426,Maria Петров,81
3427,Артем Garcia,50
3428,Максим Смирнов,72
3429,Dmitry Garcia,24
3430,Александр Петров,48
3431,Olga Miller,80
3432,Maria Brown,38
3433,Sarah Jones,51
3434,Сергей Волков,90
3435,Максим Волков,82
3436,Sarah Петров,60
3437,Dmitry Johnson,69
3438,Дмитрий Сидоров,43
3439,Сергей Miller,66
3440,Elena Johnson,63
3441,Николай Петров,43
3442,Dmitry Кузнецов,49
3443,Olga Johnson,40
3444,Сергей Кузнецов,56
3445,Sarah Сидоров,41
3446,Иван Кузнецов,72
3447,John Смирнов,79
3448,Sarah Smith,84
3449,Дмитрий Волков,74
3450,Emily Williams,25
3451,Дмитрий Смирнов,32
3452,Дмитрий Волков,73
3453,Максим Johnson,26
3454,Николай Петров,33
3455,Sarah Garcia,18
3456,Dmitry Miller,18
3457,Dmitry Козлов,43
3458,Александр Johnson,27
3459,Иван Brown,56
3460,John Сидоров,53
3461,Michael Петров,66
3462,Michael Garcia,82
3463,John Кузнецов,62
3464,Emily Иванов,53
3465,Olga Johnson,33
3466,Dmitry Лебедев,19
3467,Michael Johnson,46
3468,Alex Smith,80
3469,Olga Johnson,67
3470,Olga Смирнов,56
3471,Maria Козлов,37
3472,Olga Johnson,29
3473,Olga Miller,62
3474,Дмитрий Иванов,32
3475,Maria Петров,22
3476,Артем Лебедев,33
3477,John Davis,30
3478,Михаил Сидоров,52
3479,Максим Сидоров,33
3480,Дмитрий Сидоров,30
3481,Maria Волков,69
3482,Emily Brown,64
3483,Michael Jones,28
3484,Сергей Garcia,62
3485,John Garcia,33
3486,Sarah Козлов,90
3487,Anna Jones,67
3488,Андрей Garcia,46
3489,Alex Davis,49
3490,Николай Петров,39
3491,Михаил Лебедев,18
3492,Сергей Jones,50
3493,Maria Miller,71
3494,Иван Иванов,35
3495,Dmitry Сидоров,44
3496,Максим Smith,43
3497,Александр Кузнецов,46
3498,Anna Williams,49
3499,Emily Смирнов,90
3500,Андрей Иванов,82
3501,Иван Miller,86
3502,Olga Иванов,44
3503,Иван Лебедев,23
3504,Александр Иванов,89
3505,Michael Сидоров,44
3506,Maria Davis,37
3507,Elena Смирнов,43
3508,Sarah Williams,51
3509,Михаил Петров,38
3510,Sarah Кузнецов,71
3511,Dmitry Сидоров,70
3512,Дмитрий Кузнецов,72
3513,Сергей Williams,35
3514,Olga Williams,84
3515,Alex Лебедев,76
3516,Dmitry Williams,88
3517,Сергей Лебедев,39
3518,Sarah Davis,68
3519,Sarah Сидоров,38
3520,Максим Сидоров,23
3521,Александр Сидоров,33
3522,Дмитрий Кузнецов,52
3523,Сергей Williams,33
3524,Maria Смирнов,35
3525,Сергей Jones,19
3526,Дмитрий Кузнецов,34
3527,Дмитрий Davis,71
3528,Сергей Смирнов,29
3529,Alex Johnson,78
3530,Артем Garcia,31
3531,Сергей Smith,57
3532,Alex Лебедев,62
3533,Артем Смирнов,74
3534,Dmitry Jones,55
3535,Dmitry Jones,31
3536,Olga Smith,18
3537,Александр Кузнецов,50
3538,Elena Лебедев,75
3539,Максим Сидоров,83
3540,Алексей Williams,53
3541,Dmitry Garcia,82
3542,John Петров,80
3543,Алексей Смирнов,54
3544,Михаил Смирнов,71
3545,Артем Сидоров,82
3546,Elena Davis,84
3547,Артем Сидоров,37
3548,Александр Сидоров,44
3549,Alex Jones,64
3550,Александр Williams,60
3551,Anna Сидоров,58
3552,Maria Смирнов,59
3553,Михаил Сидоров,56
3554,Николай Garcia,81
3555,Михаил Волков,90
3556,Алексей Козлов,52
3557,Alex Brown,87
3558,Дмитрий Davis,86
3559,Maria Смирнов,38
3560,Sarah Волков,75
3561,Anna Smith,57
3562,Olga Miller,69
3563,Артем Jones,76
3564,Сергей Smith,38
3565,John Смирнов,46
3566,Elena Williams,61
3567,Sarah Смирнов,47
3568,Sarah Лебедев,28
3569,Alex Jones,49
3570,Сергей Волков,80
3571,Michael Garcia,42
3572,Dmitry Козлов,75
3573,Elena Miller,78
3574,Михаил Garcia,51
3575,Иван Williams,26
3576,Алексей Кузнецов,64
3577,Максим Волков,27
3578,Михаил Jones,32
3579,Николай Williams,21
3580,Николай Johnson,26
3581,Артем Garcia,86
3582,Михаил Brown,53
3583,Dmitry Лебедев,57
3584,Olga Garcia,61
3585,Александр Смирнов,43
3586,Алексей Garcia,42
3587,Emily Лебедев,50
3588,Dmitry Smith,88
3589,Артем Brown,86
3590,Dmitry Brown,34
3591,Сергей Miller,20
3592,Александр Smith,53
3593,Максим Сидоров,73
3594,Николай Лебедев,81
3595,Алексей Davis,33
3596,Иван Петров,28
3597,Elena Лебедев,40
3598,Михаил Miller,26
3599,John Волков,28
3600,Максим Кузнецов,79
3601,Александр Иванов,78
3602,Alex Волков,35
3603,Maria Иванов,32
3604,Emily Jones,46
3605,John Smith,58
3606,Emily Brown,53
3607,Emily Davis,42
3608,Maria Козлов,31
3609,John Jones,90
3610,Emily Иванов,88
3611,Александр Смирнов,89
3612,Иван Козлов,28
3613,Olga Смирнов,62
3614,Michael Кузнецов,82
3615,Максим Кузнецов,84
3616,Michael Brown,83
3617,John Brown,69
3618,Иван Кузнецов,63
3619,Michael Кузнецов,59
3620,Андрей Лебедев,74
3621,Anna Иванов,85
3622,Sarah Brown,68
3623,Maria Петров,79
3624,Olga Williams,27
3625,Дмитрий Сидоров,69
3626,Elena Miller,20
3627,Maria Brown,65
3628,Emily Smith,86
3629,Алексей Davis,36
3630,Иван Williams,30
3631,Сергей Jones,35
3632,Николай Смирнов,57
3633,Иван Козлов,85
3634,Sarah Петров,86
3635,Иван Смирнов,24
3636,Михаил Лебедев,24
3637,Алексей Лебедев,36
3638,Dmitry Смирнов,67
3639,Артем Miller,85
3640,Алексей Иванов,85
3641,Alex Jones,54
3642,Николай Смирнов,43
3643,Михаил Davis,25
3644,Anna Brown,62
3645,Дмитрий Козлов,58
3646,Sarah Кузнецов,45
3647,Дмитрий Лебедев,30
3648,Михаил Davis,67
3649,Дмитрий Иванов,27
3650,Иван Кузнецов,62
3651,Alex Johnson,25
3652,Николай Петров,23
3653,Артем Кузнецов,61
3654,Артем Johnson,54
3655,John Смирнов,78
3656,Михаил Сидоров,33
3657,Артем Williams,83
3658,Emily Garcia,67
3659,Olga Miller,30
3660,Sarah Иванов,18
3661,Alex Кузнецов,43
3662,Sarah Johnson,65
3663,Michael Williams,58
3664,Emily Лебедев,77
3665,Артем Сидоров,47
3666,Elena Волков,36
3667,Anna Davis,75
3668,Anna Козлов,44
3669,Максим Williams,32
3670,Emily Лебедев,47
3671,Александр Лебедев,55
3672,Михаил Кузнецов,90
3673,Elena Garcia,43
3674,Dmitry Garcia,57
3675,Андрей Brown,66
3676,Michael Smith,48
3677,Emily Кузнецов,70
3678,John Miller,50
3679,Иван Смирнов,54
3680,Артем Smith,87
3681,Anna Davis,75
3682,Emily Кузнецов,78
3683,Сергей Williams,39
3684,Alex Лебедев,79
3685,Elena Johnson,18
3686,Dmitry Smith,72
3687,Sarah Johnson,29
3688,Elena Johnson,61
3689,Maria Кузнецов,53
3690,Anna Johnson,84
3691,Михаил Smith,67
3692,Андрей Brown,63
3693,Сергей Петров,65
3694,Olga Волков,66
3695,Maria Smith,51
3696,Sarah Козлов,44
3697,Михаил Волков,76
3698,Артем Лебедев,48
3699,Alex Williams,57
3700,Sarah Козлов,35
3701,Maria Jones,49
3702,Olga Смирнов,18
3703,Дмитрий Иванов,22
3704,Иван Волков,85
3705,Дмитрий Williams,64
3706,Андрей Лебедев,31
3707,Алексей Сидоров,38
3708,Алексей Лебедев,20
3709,Maria Smith,33
3710,Артем Петров,22
3711,Sarah Garcia,53
3712,Elena Garcia,76
3713,Михаил Davis,85
3714,Михаил Лебедев,81
3715,Дмитрий Лебедев,27
3716,Дмитрий Кузнецов,67
3717,Артем Johnson,75
3718,Николай Смирнов,53
3719,Сергей Козлов,30
3720,Olga Davis,18
3721,Olga Сидоров,63
3722,John Davis,34
3723,Дмитрий Козлов,54
3724,Николай Лебедев,36
3725,Sarah Davis,28
3726,Michael Williams,74
3727,Андрей Davis,46
3728,Elena Miller,52
3729,Сергей Brown,62
3730,Maria Иванов,52
3731,Михаил Garcia,84
3732,Emily Волков,61
3733,Dmitry Петров,66
3734,Алексей Кузнецов,36
3735,Иван Кузнецов,39
3736,Michael Williams,55
3737,Андрей Козлов,64
3738,Александр Jones,62
3739,Сергей Williams,59
3740,Alex Miller,25
3741,Андрей Davis,21
3742,Александр Smith,37
3743,Андрей Smith,53
3744,Михаил Williams,78
3745,Николай Сидоров,75
3746,Michael Brown,46
3747,Сергей Волков,61
3748,Максим Волков,18
3749,Николай Miller,39
3750,Alex Davis,66
3751,Алексей Miller,32
3752,Александр Козлов,45
3753,Elena Кузнецов,20
3754,Sarah Brown,24
3755,Sarah Miller,68
3756,Артем Иванов,57
3757,Алексей Garcia,78
3758,Александр Smith,19
3759,Michael Jones,73
3760,Dmitry Лебедев,75
3761,Elena Garcia,53
3762,Sarah Jones,47
3763,Алексей Иванов,90
3764,Артем Иванов,20
3765,Maria Сидоров,38
3766,Николай Miller,52
3767,Дмитрий Brown,23
3768,Sarah Miller,51
3769,John Jones,38
3770,Sarah Davis,85
3771,Михаил Смирнов,29
3772,John Петров,87
3773,Дмитрий Johnson,62
3774,Emily Сидоров,43
3775,Emily Волков,66
3776,Артем Davis,57
3777,Olga Волков,82
3778,Alex Лебедев,76
3779,Anna Лебедев,62
3780,Anna Кузнецов,63
3781,Иван Лебедев,21
3782,Алексей Сидоров,87
3783,Алексей Лебедев,44
3784,Александр Смирнов,26
3785,Михаил Козлов,56
3786,Сергей Кузнецов,53
3787,Anna Johnson,31
3788,Михаил Miller,36
3789,Михаил Кузнецов,86
3790,Артем Garcia,30
3791,Артем Смирнов,78
3792,Дмитрий Сидоров,33
3793,Дмитрий Miller,32
3794,Александр Miller,65
3795,John Козлов,50
3796,Алексей Williams,51
3797,Артем Garcia,85
3798,Александр Garcia,31
3799,Dmitry Иванов,82
3800,Sarah Лебедев,81
3801,Anna Davis,61
3802,Николай Смирнов,40
3803,Maria Smith,65
3804,Максим Козлов,23
3805,Emily Williams,41
3806,Michael Волков,38
3807,Alex Miller,80
3808,Emily Brown,33
3809,Elena Jones,82
3810,Максим Иванов,75
3811,Максим Смирнов,46
3812,Артем Jones,69
3813,Иван Петров,75
3814,Николай Brown,22
3815,Николай Петров,54
3816,Михаил Смирнов,46
3817,Алексей Johnson,73
3818,Anna Garcia,68
3819,Александр Смирнов,58
3820,Maria Garcia,25
3821,Emily Williams,88
3822,Elena Петров,51
3823,Михаил Williams,69
3824,Olga Кузнецов,76
3825,Михаил Сидоров,83
3826,Olga Лебедев,26
3827,Дмитрий Лебедев,62
3828,Александр Иванов,18
3829,Сергей Козлов,85
3830,Михаил Волков,30
3831,Артем Davis,41
3832,Артем Петров,41
3833,Michael Иванов,53
3834,Дмитрий Garcia,69
3835,Olga Волков,90
3836,Maria Davis,50
3837,Андрей Лебедев,64
3838,Dmitry Brown,52
3839,Alex Garcia,40
3840,Dmitry Garcia,20
3841,Dmitry Смирнов,18
3842,John Кузнецов,21
3843,Артем Кузнецов,63
3844,Андрей Miller,45
3845,Николай Smith,50
3846,Николай Петров,59
3847,Emily Петров,62
3848,Михаил Garcia,19
3849,Emily Кузнецов,58
3850,Sarah Garcia,74
3851,Максим Johnson,43
3852,Иван Лебедев,86
3853,Сергей Смирнов,71
3854,Elena Сидоров,77
3855,Anna Сидоров,56
3856,Дмитрий Davis,55
3857,Alex Miller,74
3858,Maria Davis,38
3859,Elena Johnson,20
3860,Николай Сидоров,25
3861,Александр Johnson,49
3862,Андрей Miller,24
3863,Michael Garcia,68
3864,Максим Сидоров,19
3865,Николай Волков,29
3866,Сергей Jones,68
3867,Николай Davis,57
3868,Maria Иванов,18
3869,Alex Козлов,79
3870,Иван Лебедев,34
3871,Anna Иванов,64
3872,Дмитрий Иванов,24
3873,Maria Кузнецов,78
3874,Сергей Смирнов,68
3875,Николай Сидоров,56
3876,Сергей Смирнов,20
3877,Алексей Johnson,31
3878,John Miller,45
3879,Дмитрий Williams,65
3880,Дмитрий Davis,33
3881,Sarah Jones,18
3882,Дмитрий Brown,68
3883,Michael Garcia,64
3884,Михаил Garcia,21
3885,Михаил Волков,61
3886,Николай Петров,89
3887,Дмитрий Smith,82
3888,Алексей Смирнов,78
3889,Michael Петров,33
3890,John Петров,34
3891,John Johnson,20
3892,Михаил Смирнов,71
3893,Alex Иванов,49
3894,Alex Петров,78
3895,John Brown,45
3896,Артем Jones,52
3897,Maria Смирнов,46
3898,Anna Козлов,40
3899,John Козлов,79
3900,Александр Смирнов,56
3901,Сергей Johnson,67
3902,Алексей Волков,78
3903,Sarah Williams,81
3904,Alex Johnson,87
3905,Сергей Козлов,26
3906,Алексей Jones,73
3907,Alex Jones,22
3908,Михаил Jones,55
3909,Николай Williams,74
3910,Максим Jones,81
3911,Михаил Brown,48
3912,Dmitry Jones,27
3913,Александр Garcia,83
3914,John Davis,86
3915,Sarah Волков,74
3916,Alex Davis,45
3917,Sarah Кузнецов,68
3918,Александр Williams,74
3919,Sarah Волков,76
3920,Дмитрий Garcia,48
3921,Артем Петров,21
3922,Андрей Smith,22
3923,Olga Miller,69
3924,Алексей Лебедев,87
3925,Maria Johnson,33
3926,Elena Лебедев,75
3927,Алексей Davis,65
3928,Максим Jones,60
3929,Elena Петров,71
3930,Николай Garcia,69
3931,Алексей Смирнов,69
3932,Иван Davis,87
3933,Николай Лебедев,63
3934,Михаил Лебедев,27
3935,Elena Brown,75
3936,Emily Garcia,66
3937,Александр Смирнов,21
3938,Максим Сидоров,54
3939,Михаил Davis,69
3940,Александр Кузнецов,83
3941,Алексей Williams,42
3942,Anna Волков,89
3943,Дмитрий Johnson,21
3944,Алексей Волков,61
3945,Иван Лебедев,45
3946,Elena Johnson,71
3947,Николай Петров,50
3948,Anna Кузнецов,47
3949,Michael Davis,82
3950,Сергей Miller,48
3951,Артем Miller,25
3952,Elena Петров,39
3953,Olga Козлов,41
3954,Elena Козлов,53
3955,Sarah Jones,26
3956,Сергей Johnson,80
3957,Anna Davis,74
3958,Olga Иванов,42
3959,Михаил Jones,58
3960,Артем Лебедев,40
3961,Алексей Davis,50
3962,Николай Иванов,44
3963,Emily Miller,77
3964,Алексей Волков,47
3965,John Кузнецов,89
3966,Андрей Williams,56
3967,Anna Волков,63
3968,Alex Williams,54
3969,Алексей Иванов,68
3970,Михаил Кузнецов,47
3971,Алексей Johnson,89
3972,Михаил Smith,24
3973,Сергей Smith,50
3974,Дмитрий Davis,43
3975,Николай Лебедев,71
3976,Сергей Brown,60
3977,Olga Johnson,33
3978,Anna Волков,43
3979,Sarah Сидоров,64
3980,Maria Davis,55
3981,John Иванов,88
3982,Михаил Miller,77
3983,Иван Сидоров,80
3984,Emily Козлов,70
3985,Maria Garcia,86
3986,Elena Brown,38
3987,Sarah Сидоров,80
3988,Иван Смирнов,81
3989,Olga Волков,39
3990,Алексей Смирнов,20
3991,Артем Garcia,60
3992,Алексей Williams,23
3993,Михаил Лебедев,59
3994,Emily Козлов,61
3995,Sarah Garcia,89
3996,Anna Лебедев,70
3997,Olga Смирнов,65
3998,Сергей Кузнецов,55
3999,Михаил Петров,68
4000,Сергей Garcia,19
4001,Elena Смирнов,42
4002,Emily Davis,25
4003,Michael Петров,43
4004,Николай Лебедев,38
4005,Alex Козлов,81
4006,Sarah Сидоров,58
4007,Dmitry Miller,55
4008,Андрей Smith,75
4009,Anna Смирнов,25
4010,Иван Smith,25
4011,Иван Williams,60
4012,Anna Петров,64
4013,Александр Johnson,77
4014,John Johnson,89
4015,Elena Johnson,23
4016,Алексей Williams,61
4017,Дмитрий Козлов,19
4018,Michael Козлов,55
4019,Сергей Волков,46
4020,Артем Козлов,68
4021,Elena Волков,56
4022,Андрей Волков,61
4023,Olga Garcia,61
4024,Maria Волков,69
4025,Алексей Smith,46
4026,Иван Williams,32
4027,Михаил Козлов,22
4028,Dmitry Волков,57
4029,Alex Смирнов,23
4030,Dmitry Козлов,20
4031,Sarah Smith,29
4032,Emily Волков,30
4033,Александр Смирнов,38
4034,Sarah Сидоров,21
4035,Михаил Кузнецов,27
4036,Elena Garcia,22
4037,John Сидоров,27
4038,Андрей Jones,86
4039,Николай Jones,86
4040,Николай Кузнецов,39
4041,Anna Davis,47
4042,Сергей Козлов,74
4043,Сергей Johnson,71
4044,Дмитрий Лебедев,75
4045,Михаил Иванов,68
4046,Anna Волков,74
4047,Дмитрий Козлов,90
4048,Алексей Johnson,32
4049,Дмитрий Davis,87
4050,Артем Сидоров,19
4051,Emily Кузнецов,21
4052,Сергей Johnson,78
4053,Sarah Козлов,52
4054,Maria Garcia,42
4055,Maria Miller,54
4056,Dmitry Miller,18
4057,Sarah Сидоров,87
4058,Александр Miller,87
4059,Maria Johnson,83
4060,Olga Сидоров,26
4061,Sarah Smith,90
4062,Артем Петров,37
4063,Алексей Кузнецов,47
4064,Dmitry Кузнецов,25
4065,Anna Davis,37
4066,Николай Johnson,32
4067,Александр Garcia,65
4068,Артем Лебедев,23
4069,Алексей Davis,19
4070,Максим Сидоров,88
4071,Александр Brown,71
4072,Sarah Williams,59
4073,Николай Иванов,42
4074,Иван Williams,47
4075,Maria Garcia,37
4076,Иван Петров,54
4077,Михаил Miller,32
4078,Maria Jones,27
4079,Anna Козлов,57
4080,Сергей Петров,35
4081,Dmitry Brown,82
4082,Сергей Johnson,53
4083,Максим Davis,32
4084,Алексей Кузнецов,76
4085,Николай Williams,81
4086,Sarah Jones,66
4087,Alex Brown,26
4088,Emily Иванов,78
4089,Алексей Кузнецов,24
4090,Николай Иванов,51
4091,Дмитрий Петров,86
4092,Максим Davis,76
4093,Михаил Williams,90
4094,Андрей Garcia,31
4095,Артем Jones,81
4096,Иван Сидоров,41
4097,Михаил Jones,30
4098,Артем Волков,90
4099,Михаил Jones,83
4100,Алексей Петров,62
4101,Emily Garcia,88
4102,Alex Miller,30
4103,Michael Лебедев,66
4104,Андрей Jones,31
4105,Maria Johnson,20
4106,Андрей Smith,29
4107,Александр Смирнов,83
4108,Michael Козлов,52
4109,Emily Brown,81
4110,Michael Davis,43
4111,Michael Johnson,63
4112,Максим Garcia,88
4113,Elena Johnson,42
4114,Alex Петров,61
4115,Сергей Johnson,29
4116,Alex Лебедев,38
4117,Elena Лебедев,78
4118,Алексей Козлов,81
4119,Sarah Лебедев,44
4120,Михаил Johnson,44
4121,Артем Garcia,72
4122,Артем Кузнецов,89
4123,Андрей Garcia,43
4124,Anna Brown,80
4125,Olga Brown,77
4126,Maria Smith,74
4127,Maria Jones,87
4128,John Петров,60
4129,Сергей Jones,57
4130,Alex Волков,56
4131,Alex Garcia,50
4132,Николай Jones,85
4133,Иван Johnson,36
4134,Alex Кузнецов,47
4135,Иван Jones,31
4136,Alex Лебедев,23
4137,Anna Jones,29
4138,Михаил Петров,40
4139,Иван Сидоров,37
4140,Emily Волков,68
4141,Артем Garcia,84
4142,Артем Miller,87
4143,Дмитрий Кузнецов,18
4144,Андрей Козлов,71
4145,John Иванов,42
4146,Maria Brown,28
4147,Michael Davis,86
4148,Maria Davis,57
4149,Артем Волков,69
4150,Николай Davis,59
4151,Артем Davis,57
4152,John Smith,83
4153,Иван Smith,32
4154,Olga Brown,50
4155,Александр Garcia,68
4156,Alex Козлов,65
4157,Dmitry Smith,43
4158,Максим Петров,83
4159,Алексей Смирнов,58
4160,Сергей Williams,27
4161,Николай Лебедев,35
4162,Anna Johnson,82
4163,Максим Smith,65
4164,Николай Garcia,39
4165,Сергей Лебедев,75
4166,Александр Garcia,80
4167,Сергей Johnson,80
4168,Иван Кузнецов,42
4169,Сергей Davis,26
4170,Maria Davis,22
4171,Alex Лебедев,58
4172,Maria Garcia,72
4173,Emily Miller,60
4174,Иван Лебедев,79
4175,Николай Лебедев,42
4176,Александр Davis,24
4177,Alex Miller,31
4178,Артем Козлов,85
4179,Michael Smith,21
4180,Maria Williams,61
4181,Emily Johnson,51
4182,John Garcia,24
4183,Alex Smith,80
4184,John Johnson,51
4185,Максим Jones,89
4186,Максим Garcia,40
4187,John Волков,71
4188,Андрей Волков,48
4189,Сергей Смирнов,45
4190,Alex Козлов,63
4191,Elena Davis,73
4192,Sarah Miller,19
4193,Alex Smith,82
4194,Иван Козлов,67
4195,Elena Johnson,58
4196,Michael Johnson,48
4197,Maria Волков,44
4198,Иван Miller,48
4199,Elena Miller,61
4200,Michael Смирнов,51
4201,Андрей Brown,31
4202,Алексей Johnson,69
4203,Сергей Jones,73
4204,Alex Волков,82
4205,Александр Лебедев,72
4206,Emily Brown,42
4207,Дмитрий Козлов,75
4208,Elena Смирнов,39
4209,Sarah Козлов,33
4210,John Miller,71
4211,Dmitry Смирнов,70
4212,Максим Петров,24
4213,Сергей Williams,35
4214,Николай Johnson,48
4215,Алексей Johnson,38
4216,Алексей Волков,36
4217,Dmitry Козлов,71
4218,Иван Сидоров,32
4219,Olga Иванов,60
4220,Michael Brown,32
4221,Michael Jones,68
4222,Николай Johnson,74
4223,Дмитрий Davis,58
4224,John Jones,59
4225,Андрей Smith,62
4226,Olga Smith,84
4227,Максим Козлов,30
4228,Elena Петров,51
4229,Olga Смирнов,21
4230,Максим Williams,51
4231,Emily Brown,72
4232,Dmitry Волков,42
4233,John Miller,39
4234,Dmitry Garcia,84
4235,Emily Johnson,18
4236,Артем Johnson,86
4237,Иван Петров,47
4238,Emily Williams,73
4239,Сергей Miller,60
4240,Дмитрий Miller,26
4241,Артем Козлов,19
4242,Olga Сидоров,35
4243,Elena Козлов,38
4244,Александр Miller,72
4245,Michael Волков,83
4246,Anna Волков,19
4247,Anna Davis,35
4248,Иван Smith,73
4249,Максим Иванов,39
4250,Сергей Miller,62
4251,Anna Иванов,38
4252,Алексей Козлов,84
4253,Николай Сидоров,32
4254,Maria Smith,18
4255,Dmitry Miller,30
4256,Alex Смирнов,37
4257,Александр Johnson,80
4258,Александр Козлов,83
4259,Michael Brown,46
4260,Иван Smith,27
4261,Elena Волков,24
4262,Андрей Johnson,75
4263,Николай Smith,25
4264,Maria Davis,39
4265,Elena Miller,50
4266,Алексей Davis,66
4267,Elena Williams,44
4268,Michael Miller,82
4269,Андрей Jones,30
4270,Alex Иванов,61
4271,Андрей Smith,65
4272,Michael Иванов,27
4273,Michael Волков,48
4274,Alex Иванов,37
4275,Иван Смирнов,53
4276,Александр Смирнов,20
4277,Андрей Garcia,38
4278,Дмитрий Козлов,87
4279,Андрей Иванов,67
4280,Michael Сидоров,18
4281,Александр Сидоров,34
4282,Артем Jones,75
4283,Алексей Иванов,47
4284,Dmitry Кузнецов,81
4285,Михаил Лебедев,30
4286,Dmitry Волков,47
4287,Андрей Garcia,69
4288,Александр Кузнецов,42
4289,Дмитрий Козлов,24
4290,Sarah Иванов,81
4291,Алексей Кузнецов,62
4292,Артем Козлов,22
4293,Сергей Кузнецов,79
4294,Emily Garcia,29
4295,Elena Smith,78
4296,Elena Сидоров,90
4297,Иван Smith,67
4298,Максим Козлов,89
4299,John Сидоров,29
4300,Michael Сидоров,66
4301,Николай Johnson,69
4302,Maria Сидоров,31
4303,Alex Лебедев,76
4304,Michael Johnson,33
4305,John Miller,35
4306,Alex Johnson,82
4307,Сергей Smith,52
4308,Olga Smith,37
4309,Александр Иванов,65
4310,Elena Иванов,43
4311,Дмитрий Garcia,21
4312,Артем Smith,39
4313,Sarah Иванов,77
4314,Michael Смирнов,19
4315,Olga Петров,42
4316,Андрей Jones,37
4317,Sarah Garcia,75
4318,Emily Смирнов,36
4319,Николай Johnson,77
4320,John Сидоров,85
4321,Maria Johnson,66
4322,Dmitry Лебедев,84
4323,Иван Иванов,72
4324,Elena Johnson,19
4325,Elena Козлов,75
4326,Elena Смирнов,74
4327,Sarah Johnson,66
4328,Андрей Garcia,68
4329,Александр Smith,83
4330,Михаил Johnson,44
4331,John Brown,83
4332,Olga Волков,84
4333,Anna Garcia,45
4334,Olga Иванов,35
4335,Dmitry Garcia,73
4336,Dmitry Davis,32
4337,Dmitry Лебедев,70
4338,Sarah Сидоров,69
4339,Михаил Johnson,58
4340,Николай Иванов,33
4341,Дмитрий Козлов,46
4342,Артем Miller,23
4343,Николай Сидоров,69
4344,Michael Smith,86
4345,Olga Miller,36
4346,Сергей Лебедев,74
4347,Артем Смирнов,36
4348,Sarah Лебедев,66
4349,Максим Смирнов,40
4350,Сергей Лебедев,77
4351,Elena Jones,30
4352,Olga Иванов,51
4353,Olga Иванов,36
4354,Николай Иванов,82
4355,Elena Козлов,85
4356,Алексей Лебедев,31
4357,Olga Williams,54
4358,Александр Сидоров,50
4359,Дмитрий Волков,54
4360,John Волков,81
4361,Sarah Кузнецов,72
4362,Maria Лебедев,31
4363,Alex Johnson,20
4364,Emily Волков,53
4365,John Davis,40
4366,Андрей Иванов,46
4367,Alex Williams,66
4368,Anna Miller,23
4369,John Козлов,69
4370,Иван Miller,26
4371,Dmitry Лебедев,42
4372,Артем Смирнов,44
4373,Николай Лебедев,28
4374,Михаил Brown,86
4375,Андрей Кузнецов,86
4376,Александр Davis,39
4377,Артем Козлов,58
4378,Александр Козлов,41
4379,Dmitry Петров,34
4380,Sarah Иванов,61
4381,Anna Garcia,56
4382,Elena Williams,44
4383,Андрей Иванов,73
4384,John Волков,43
4385,Emily Волков,43
4386,Emily Garcia,74
4387,Elena Козлов,40
4388,John Williams,45
4389,Алексей Кузнецов,90
4390,Дмитрий Иванов,72
4391,Maria Jones,59
4392,Александр Смирнов,48
4393,Дмитрий Смирнов,28
4394,Alex Brown,24
4395,John Williams,25
4396,Olga Смирнов,65
4397,Алексей Сидоров,61
4398,Maria Brown,80
4399,Olga Smith,28
4400,Максим Кузнецов,76
4401,Elena Miller,78
4402,Dmitry Козлов,52
4403,Иван Волков,67
4404,Александр Johnson,55
4405,Андрей Johnson,69
4406,Алексей Иванов,60
4407,Elena Лебедев,86
4408,Emily Garcia,19
4409,Максим Волков,33
4410,Дмитрий Jones,44
4411,Алексей Garcia,48
4412,Сергей Иванов,88
4413,Иван Козлов,89
4414,Michael Петров,60
4415,Александр Смирнов,60
4416,Emily Brown,24
4417,Алексей Кузнецов,32
4418,John Brown,39
4419,Olga Сидоров,66
4420,Иван Brown,32
4421,Olga Петров,35
4422,John Davis,32
4423,Dmitry Brown,82
4424,Сергей Jones,86
4425,Sarah Козлов,85
4426,Сергей Лебедев,73
4427,Dmitry Johnson,85
4428,Elena Смирнов,31
4429,Anna Петров,87
4430,Anna Davis,79
4431,Anna Сидоров,67
4432,John Smith,18
4433,Сергей Смирнов,66
4434,Emily Лебедев,89
4435,Сергей Davis,75
4436,Michael Лебедев,66
4437,Андрей Garcia,55
4438,Сергей Miller,21
4439,Александр Волков,44
4440,Максим Иванов,50
4441,Maria Garcia,70
4442,Сергей Сидоров,28
4443,Sarah Петров,54
4444,Максим Сидоров,34
4445,Дмитрий Jones,60
4446,Elena Miller,79
4447,Sarah Davis,85
4448,Emily Лебедев,27
4449,Иван Miller,85
4450,Максим Лебедев,71
4451,Maria Кузнецов,48
4452,Иван Smith,64
4453,Дмитрий Jones,34
4454,Maria Смирнов,81
4455,Максим Иванов,90
4456,Александр Лебедев,19
4457,Александр Смирнов,67
4458,Michael Волков,71
4459,Alex Кузнецов,55
4460,Артем Иванов,31
4461,Артем Кузнецов,50
4462,Maria Smith,23
4463,John Jones,50
4464,Emily Johnson,77
4465,John Davis,50
4466,Maria Сидоров,76
4467,Dmitry Петров,21
4468,Михаил Лебедев,45
4469,Александр Иванов,31
4470,Emily Jones,57
4471,Emily Сидоров,85
4472,Николай Иванов,71
4473,Александр Волков,50
4474,Olga Davis,47
4475,Сергей Brown,56
4476,Сергей Miller,78
4477,Андрей Волков,18
4478,Olga Кузнецов,31
4479,Артем Лебедев,83
4480,Сергей Johnson,87
4481,Николай Кузнецов,65
4482,Elena Козлов,61
4483,Olga Сидоров,61
4484,Максим Miller,31
4485,Michael Иванов,59
4486,Maria Иванов,86
4487,Michael Williams,74
4488,Михаил Смирнов,66
4489,Emily Miller,75
4490,Anna Волков,86
4491,Михаил Garcia,88
4492,Максим Brown,56
4493,Андрей Davis,36
4494,Olga Jones,26
4495,Anna Williams,83
4496,Anna Jones,85
4497,Sarah Козлов,75
4498,Alex Волков,64
4499,Алексей Jones,46
4500,Sarah Волков,84
4501,Maria Лебедев,82
4502,John Козлов,54
4503,Emily Лебедев,80
4504,Дмитрий Козлов,72
4505,Emily Garcia,89
4506,Emily Козлов,29
4507,Michael Davis,47
4508,Иван Johnson,33
4509,Михаил Williams,80
4510,Emily Garcia,36
4511,Сергей Smith,75
4512,Elena Волков,23
4513,Андрей Кузнецов,79
4514,Андрей Smith,89
4515,Алексей Smith,64
4516,Сергей Davis,71
4517,Андрей Davis,46
4518,Николай Miller,28
4519,Николай Brown,42
4520,Olga Козлов,31
4521,Николай Johnson,23
4522,Иван Garcia,30
4523,Сергей Смирнов,36
4524,Андрей Козлов,48
4525,Emily Jones,48
4526,Максим Brown,68
4527,Anna Козлов,84
4528,Александр Козлов,31
4529,Артем Smith,62
4530,Дмитрий Garcia,20
4531,Артем Brown,48
4532,Maria Иванов,68
4533,Иван Smith,60
4534,Михаил Волков,72
4535,Артем Garcia,18
4536,Maria Петров,36
4537,Anna Brown,53
4538,John Brown,35
4539,John Козлов,31
4540,Артем Brown,68
4541,Михаил Smith,61
4542,Артем Miller,26
4543,John Miller,86
4544,Olga Garcia,79
4545,Anna Smith,79
4546,Максим Иванов,62
4547,Anna Козлов,47
4548,Николай Кузнецов,36
4549,Olga Смирнов,40
4550,Артем Смирнов,28
4551,Андрей Кузнецов,57
4552,Anna Волков,32
4553,Андрей Garcia,79
4554,Алексей Miller,41
4555,Olga Лебедев,48
4556,Dmitry Смирнов,30
4557,Андрей Сидоров,32
4558,Максим Davis,29
4559,Дмитрий Сидоров,58
4560,Michael Brown,54
4561,Дмитрий Лебедев,45
4562,Максим Козлов,29
4563,Maria Smith,33
4564,Alex Лебедев,72
4565,Андрей Кузнецов,84
4566,Alex Williams,42
4567,Андрей Иванов,26
4568,Alex Smith,46
4569,Сергей Сидоров,64
4570,Dmitry Петров,82
4571,Алексей Кузнецов,67
4572,Sarah Иванов,78
4573,Olga Петров,22
4574,Anna Лебедев,37
4575,Дмитрий Davis,73
4576,Николай Miller,79
4577,Андрей Jones,82
4578,Elena Козлов,45
4579,Иван Garcia,39
4580,Александр Johnson,89
4581,Michael Смирнов,65
4582,Olga Козлов,67
4583,Дмитрий Лебедев,67
4584,Dmitry Смирнов,42
4585,Александр Smith,75
4586,Иван Davis,61
4587,Anna Иванов,42
4588,Андрей Johnson,53
4589,Olga Сидоров,38
4590,Дмитрий Волков,58
4591,Александр Кузнецов,67
4592,Sarah Иванов,40
4593,Michael Смирнов,61
4594,Olga Johnson,79
4595,Алексей Johnson,75
4596,Михаил Davis,35
4597,Андрей Williams,41
4598,Olga Петров,27
4599,Михаил Davis,66
4600,Dmitry Иванов,89
4601,Максим Смирнов,42
4602,Николай Davis,89
4603,Сергей Иванов,44
4604,Андрей Волков,87
4605,Александр Smith,46
4606,Michael Williams,25
4607,Dmitry Davis,52
4608,Алексей Smith,33
4609,Максим Сидоров,22
4610,Sarah Петров,90
4611,Elena Miller,76
4612,Anna Лебедев,44
4613,Michael Williams,52
4614,Michael Brown,21
4615,Дмитрий Garcia,38
4616,Olga Jones,31
4617,John Williams,57
4618,Алексей Лебедев,66
4619,Николай Brown,82
4620,Николай Кузнецов,74
4621,John Garcia,78
4622,Emily Garcia,22
4623,John Davis,56
4624,Артем Miller,33
4625,Артем Сидоров,76
4626,Иван Williams,53
4627,Emily Козлов,33
4628,Михаил Jones,82
4629,Сергей Лебедев,38
4630,Anna Brown,29
4631,Андрей Jones,59
4632,John Иванов,34
4633,Emily Иванов,46
4634,Александр Johnson,90
4635,Александр Smith,41
4636,Андрей Кузнецов,60
4637,Alex Лебедев,47
4638,John Козлов,89
4639,Anna Smith,23
4640,Sarah Smith,26
4641,Maria Brown,35
4642,Андрей Williams,80
4643,Anna Smith,46
4644,Артем Лебедев,59
4645,Maria Davis,55
4646,Elena Johnson,64
4647,Elena Smith,29
4648,Александр Brown,22
4649,Александр Davis,84
4650,Alex Волков,58
4651,Иван Smith,83
4652,Михаил Davis,48
4653,Сергей Miller,59
4654,Михаил Smith,61
4655,Алексей Garcia,49
4656,Сергей Johnson,69
4657,Emily Лебедев,19
4658,John Козлов,68
4659,Сергей Smith,37
4660,Алексей Лебедев,88
4661,Артем Jones,21
4662,Dmitry Козлов,81
4663,Андрей Johnson,46
4664,Артем Козлов,72
4665,Anna Сидоров,82
4666,Maria Williams,79
4667,Maria Лебедев,70
4668,Emily Лебедев,43
4669,Александр Jones,36
4670,Dmitry Петров,72
4671,Андрей Смирнов,53
4672,Артем Davis,64
4673,John Jones,56
4674,Olga Иванов,72
4675,Иван Johnson,31
4676,Иван Смирнов,42
4677,Максим Иванов,41
4678,Артем Jones,38
4679,Андрей Brown,39
4680,Dmitry Козлов,86
4681,Maria Смирнов,79
4682,Алексей Лебедев,69
4683,Александр Smith,60
4684,Elena Кузнецов,60
4685,Maria Лебедев,28
4686,Sarah Петров,52
4687,Николай Сидоров,51
4688,Emily Лебедев,33
4689,Андрей Сидоров,31
4690,Сергей Brown,31
4691,Михаил Davis,36
4692,Elena Петров,54
4693,Elena Сидоров,24
4694,Maria Johnson,61
4695,Сергей Волков,61
4696,Иван Johnson,86
4697,Иван Лебедев,22
4698,Николай Brown,89
4699,Maria Смирнов,18
4700,Dmitry Сидоров,20
4701,Michael Johnson,58
4702,Артем Сидоров,87
4703,Артем Петров,85
4704,Elena Miller,27
4705,Михаил Johnson,74
4706,Emily Davis,49
4707,Elena Garcia,18
4708,Emily Волков,57
4709,Иван Козлов,61
4710,Maria Иванов,83
4711,Michael Smith,49
4712,Sarah Смирнов,71
4713,Alex Smith,49
4714,Alex Смирнов,75
4715,Michael Петров,89
4716,Emily Петров,31
4717,Николай Козлов,64
4718,Elena Williams,63
4719,Dmitry Davis,52
4720,Сергей Smith,57
4721,Sarah Davis,23
4722,Дмитрий Williams,65
4723,Михаил Волков,52
4724,Alex Сидоров,18
4725,Сергей Волков,28
4726,John Johnson,72
4727,Alex Козлов,35
4728,Михаил Miller,83
4729,Алексей Brown,74
4730,Michael Smith,34
4731,Сергей Davis,67
4732,Maria Козлов,70
4733,Sarah Smith,54
4734,Olga Williams,59
4735,John Лебедев,41
4736,Maria Кузнецов,24
4737,Андрей Garcia,38
4738,Николай Garcia,37
4739,Elena Miller,81
4740,Михаил Волков,70
4741,Maria Jones,83
4742,Артем Сидоров,87
4743,Дмитрий Сидоров,77
4744,Maria Jones,45
4745,Alex Williams,39
4746,Maria Miller,50
4747,Michael Петров,82
4748,Николай Garcia,40
4749,Olga Davis,51
4750,John Miller,52
4751,Alex Кузнецов,28
4752,Андрей Петров,46
4753,Maria Brown,43
4754,Иван Лебедев,23
4755,Александр Williams,64
4756,Olga Williams,45
4757,John Brown,60
4758,Дмитрий Иванов,83
4759,Андрей Кузнецов,86
4760,Emily Davis,31
4761,Артем Williams,80
4762,Дмитрий Davis,76
4763,Алексей Johnson,52
4764,Sarah Волков,70
4765,Михаил Иванов,37
4766,Михаил Smith,80
4767,Alex Brown,73
4768,Андрей Smith,18
4769,Артем Петров,45
4770,Maria Волков,66
4771,Sarah Смирнов,19
4772,Michael Brown,30
4773,Дмитрий Garcia,82
4774,Maria Иванов,66
4775,Артем Brown,64
4776,Максим Brown,71
4777,Anna Brown,46
4778,Elena Кузнецов,60
4779,Алексей Волков,22
4780,Максим Сидоров,66
4781,Алексей Сидоров,62
4782,Алексей Петров,32
4783,Elena Williams,81
4784,Michael Garcia,32
4785,Alex Лебедев,46
4786,Emily Иванов,68
4787,John Петров,47
4788,Maria Miller,72
4789,Николай Jones,82
4790,Emily Волков,54
4791,Anna Волков,42
4792,Иван Brown,67
4793,Николай Сидоров,60
4794,Maria Смирнов,32
4795,Dmitry Иванов,80
4796,Михаил Волков,64
4797,Андрей Волков,48
4798,Michael Смирнов,71
4799,Anna Williams,51
4800,Michael Козлов,84
4801,Dmitry Козлов,35
4802,Артем Williams,20
4803,Иван Jones,61
4804,Emily Лебедев,68
4805,Maria Смирнов,60
4806,Николай Williams,52
4807,Максим Иванов,60
4808,Dmitry Козлов,55
4809,Сергей Волков,32
4810,Артем Иванов,76
4811,Александр Johnson,63
4812,Александр Козлов,86
4813,Michael Jones,49
4814,Николай Иванов,84
4815,Michael Davis,31
4816,Michael Garcia,43
4817,Olga Smith,47
4818,Максим Smith,32
4819,Николай Jones,40
4820,Дмитрий Кузнецов,35
4821,Sarah Garcia,36
4822,Максим Волков,87
4823,John Brown,65
4824,Olga Jones,73
4825,Emily Петров,85
4826,Николай Brown,22
4827,Андрей Козлов,56
4828,Sarah Smith,52
4829,Michael Кузнецов,67
4830,Михаил Волков,80
4831,Александр Петров,52
4832,Sarah Williams,65
4833,Alex Сидоров,28
4834,Olga Петров,33
4835,Алексей Miller,85
4836,Sarah Сидоров,21
4837,Sarah Garcia,32
4838,Dmitry Johnson,51
4839,John Davis,60
4840,Elena Davis,85
4841,Андрей Козлов,23
4842,Elena Garcia,59
4843,Emily Сидоров,18
4844,Michael Сидоров,21
4845,Николай Лебедев,52
4846,Dmitry Петров,25
4847,Dmitry Brown,72
4848,Дмитрий Смирнов,44
4849,Александр Волков,77
4850,Николай Кузнецов,57
4851,Алексей Davis,82
4852,Дмитрий Brown,25
4853,Sarah Лебедев,53
4854,Артем Смирнов,61
4855,Emily Волков,73
4856,Иван Davis,18
4857,Сергей Кузнецов,63
4858,Emily Johnson,82
4859,Anna Кузнецов,24
4860,Александр Garcia,47
4861,Иван Лебедев,84
4862,Дмитрий Davis,25
4863,Сергей Смирнов,45
4864,Михаил Смирнов,51
4865,Sarah Jones,88
4866,Дмитрий Brown,79
4867,Olga Козлов,83
4868,Андрей Brown,32
4869,John Петров,35
4870,Александр Smith,65
4871,Dmitry Jones,85
4872,Elena Иванов,52
4873,Михаил Козлов,65
4874,Sarah Smith,78
4875,Иван Волков,26
4876,Anna Miller,41
4877,Дмитрий Смирнов,28
4878,Максим Jones,82
4879,Michael Лебедев,20
4880,Иван Смирнов,34
4881,John Davis,44
4882,Александр Jones,45
4883,Сергей Волков,29
4884,Alex Иванов,37
4885,Максим Сидоров,80
4886,Alex Garcia,63
4887,Сергей Иванов,61
4888,Николай Волков,63
4889,Maria Brown,46
4890,Olga Garcia,60
4891,Дмитрий Miller,68
4892,Алексей Иванов,84
4893,Александр Williams,86
4894,Андрей Сидоров,78
4895,Михаил Козлов,55
4896,Алексей Miller,43
4897,Михаил Jones,32
4898,Николай Garcia,32
4899,Elena Петров,76
4900,Андрей Miller,44
4901,Elena Смирнов,76
4902,Алексей Smith,90
4903,Dmitry Davis,22
4904,Anna Davis,86
4905,Sarah Кузнецов,27
4906,John Иванов,86
4907,Александр Петров,63
4908,Иван Brown,53
4909,Александр Лебедев,86
4910,Дмитрий Волков,67
4911,Алексей Петров,50
4912,Максим Козлов,41
4913,Michael Лебедев,33
4914,Артем Волков,78
4915,Dmitry Williams,73
4916,Сергей Козлов,69
4917,Maria Williams,86
4918,Anna Смирнов,18
4919,Михаил Лебедев,65
4920,Николай Brown,67
4921,Maria Davis,25
4922,Sarah Brown,47
4923,Maria Jones,20
4924,Anna Сидоров,87
4925,Максим Лебедев,90
4926,Максим Лебедев,37
4927,Алексей Miller,64
4928,Иван Смирнов,18
4929,John Miller,76
4930,Максим Brown,31
4931,Александр Johnson,49
4932,Alex Jones,76
4933,Иван Козлов,50
4934,Михаил Miller,79
4935,Максим Лебедев,35
4936,Андрей Smith,57
4937,Michael Miller,64
4938,Elena Козлов,68
4939,Максим Кузнецов,63
4940,Olga Волков,42
4941,Anna Сидоров,32
4942,Андрей Кузнецов,19
4943,Александр Кузнецов,70
4944,Сергей Garcia,61
4945,Dmitry Смирнов,51
4946,Александр Jones,39
4947,Николай Петров,87
4948,Elena Петров,80
4949,Maria Лебедев,78
4950,Дмитрий Иванов,51
4951,Sarah Garcia,82
4952,Elena Петров,27
4953,Elena Иванов,83
4954,Сергей Garcia,18
4955,Дмитрий Smith,68
4956,Михаил Козлов,48
4957,Сергей Smith,19
4958,Сергей Иванов,74
4959,Артем Miller,59
4960,Sarah Волков,31
4961,Alex Смирнов,20
4962,Максим Лебедев,42
4963,Anna Williams,85
4964,Dmitry Davis,29
4965,Alex Кузнецов,64
4966,Maria Сидоров,42
4967,Артем Garcia,51
4968,Иван Williams,67
4969,Иван Garcia,69
4970,Андрей Волков,43
4971,Алексей Garcia,34
4972,Максим Jones,90
4973,Anna Кузнецов,84
4974,Дмитрий Jones,69
4975,Elena Петров,51
4976,Дмитрий Davis,50
4977,Михаил Johnson,36
4978,Maria Волков,20
4979,Артем Williams,47
4980,Emily Сидоров,68
4981,Максим Петров,22
4982,Алексей Brown,74
4983,Михаил Козлов,89
4984,John Смирнов,21
4985,Anna Brown,43
4986,John Williams,46
4987,Александр Волков,34
4988,Maria Козлов,70
4989,Иван Кузнецов,76
4990,Артем Garcia,18
4991,Anna Miller,19
4992,Сергей Петров,84
4993,Michael Johnson,52
4994,Alex Сидоров,27
4995,Anna Williams,29
4996,Дмитрий Иванов,43
4997,Maria Смирнов,60
4998,Alex Jones,88
4999,Sarah Кузнецов,29
5000,Maria Сидоров,77
5001,Дмитрий Волков,38
5002,Александр Иванов,43
5003,Anna Jones,73
5004,Андрей Волков,72
5005,Anna Garcia,85
5006,Emily Miller,25
5007,Александр Смирнов,47
5008,Emily Brown,74
5009,Николай Иванов,86
5010,Артем Johnson,74
5011,Michael Miller,80
5012,Артем Кузнецов,66
5013,Максим Кузнецов,71
5014,Александр Brown,83
5015,Алексей Иванов,52
5016,Николай Смирнов,27
5017,Emily Smith,31
5018,Дмитрий Miller,33
5019,Иван Волков,39
5020,Olga Лебедев,29
5021,Михаил Williams,48
5022,Maria Smith,87
5023,Dmitry Jones,65
5024,Emily Волков,37
5025,Maria Miller,22
5026,Сергей Петров,56
5027,Anna Волков,57
5028,Anna Козлов,59
5029,John Williams,88
5030,Николай Иванов,61
5031,Alex Иванов,22
5032,Николай Smith,26
5033,Maria Смирнов,36
5034,Алексей Волков,19
5035,Александр Jones,34
5036,Sarah Johnson,76
5037,Sarah Сидоров,46
5038,Dmitry Сидоров,32
5039,Michael Johnson,36
5040,Андрей Смирнов,79
5041,Максим Козлов,55
5042,Sarah Волков,44
5043,Olga Smith,41
5044,Михаил Кузнецов,73
5045,Дмитрий Miller,39
5046,Michael Johnson,53
5047,Алексей Smith,89
5048,Elena Лебедев,34
5049,Иван Johnson,39
5050,Алексей Иванов,53
5051,Elena Иванов,39
5052,John Лебедев,84
5053,Dmitry Davis,87
5054,Olga Сидоров,19
5055,Максим Smith,64
5056,John Волков,40
5057,Максим Иванов,18
5058,Emily Williams,86
5059,Алексей Jones,55
5060,John Johnson,41
5061,Сергей Jones,74
5062,Michael Смирнов,49
5063,Дмитрий Волков,48
5064,Николай Кузнецов,45
5065,Иван Лебедев,55
5066,Emily Jones,25
5067,Maria Jones,29
5068,Maria Miller,65
5069,Sarah Сидоров,71
5070,Максим Иванов,81
5071,Иван Петров,65
5072,Александр Смирнов,60
5073,Александр Сидоров,44
5074,Михаил Williams,41
5075,Emily Brown,38
5076,Андрей Davis,35
5077,Dmitry Miller,50
5078,Николай Лебедев,39
5079,Сергей Смирнов,39
5080,Sarah Смирнов,50
5081,John Brown,53
5082,Сергей Brown,90
5083,Иван Davis,53
5084,Dmitry Smith,32
5085,Dmitry Davis,42
5086,Michael Смирнов,65
5087,Андрей Smith,20
5088,Николай Johnson,51
5089,Dmitry Miller,34
5090,Алексей Петров,76
5091,John Сидоров,26
5092,Сергей Garcia,63
5093,Anna Davis,33
5094,Александр Johnson,69
5095,Dmitry Williams,71
5096,Anna Козлов,57
5097,Maria Лебедев,21
5098,Olga Сидоров,45
5099,Артем Козлов,90
5100,Сергей Иванов,60
5101,Alex Smith,33
5102,Николай Williams,31
5103,Иван Miller,44
5104,Артем Davis,19
5105,Maria Волков,23
5106,Emily Davis,22
5107,Артем Jones,36
5108,Elena Волков,31
5109,Андрей Смирнов,72
5110,Иван Смирнов,31
5111,Сергей Смирнов,71
5112,Сергей Williams,18
5113,Алексей Miller,63
5114,Michael Петров,74
5115,Дмитрий Смирнов,64
5116,Dmitry Лебедев,28
5117,Anna Jones,50
5118,Николай Williams,82
5119,Николай Кузнецов,47
5120,John Garcia,23
5121,Алексей Johnson,71
5122,Александр Петров,75
5123,Maria Davis,32
5124,Anna Brown,28
5125,Николай Иванов,74
5126,Максим Jones,89
5127,Иван Smith,26
5128,Сергей Волков,20
5129,Emily Davis,38
5130,Sarah Garcia,76
5131,John Davis,23
5132,Николай Smith,48
5133,Артем Волков,31
5134,Maria Smith,19
5135,Иван Петров,30
5136,Dmitry Иванов,66
5137,Olga Davis,56
5138,Elena Jones,35
5139,Артем Иванов,86
5140,Дмитрий Brown,35
5141,Elena Сидоров,31
5142,Александр Jones,30
5143,Sarah Козлов,62
5144,Андрей Johnson,27
5145,Алексей Jones,46
5146,Emily Сидоров,56
5147,Emily Miller,51
5148,Elena Волков,60
5149,Emily Williams,21
5150,John Петров,39
5151,Артем Козлов,57
5152,Michael Сидоров,21
5153,Алексей Петров,49
5154,Иван Garcia,77
5155,Артем Garcia,68
5156,Maria Козлов,25
5157,Elena Кузнецов,54
5158,Sarah Davis,31
5159,Olga Brown,65
5160,Alex Williams,53
5161,Михаил Смирнов,52
5162,Артем Петров,48
5163,Michael Смирнов,34
5164,Emily Смирнов,59
5165,John Miller,45
5166,Андрей Smith,73
5167,Михаил Miller,37
5168,Михаил Williams,50
5169,Алексей Garcia,62
5170,Emily Смирнов,39
5171,Николай Сидоров,88
5172,Максим Волков,85
5173,Alex Сидоров,79
5174,Артем Williams,80
5175,Sarah Сидоров,69
5176,Michael Johnson,22
5177,Alex Козлов,59
5178,Максим Garcia,32
5179,Elena Miller,27
5180,Максим Jones,40
5181,Alex Davis,81
5182,Olga Смирнов,52
5183,Михаил Кузнецов,64
5184,Максим Jones,81
5185,Андрей Brown,50
5186,Артем Williams,86
5187,Андрей Johnson,37
5188,Alex Davis,29
5189,Александр Лебедев,83
5190,Андрей Brown,83
5191,Максим Miller,42
5192,John Козлов,37
5193,Николай Кузнецов,51
5194,Андрей Brown,50
5195,Сергей Johnson,40
5196,Michael Williams,31
5197,Александр Smith,83
5198,Michael Волков,83
5199,Сергей Smith,24
5200,Anna Johnson,81
5201,Михаил Jones,18
5202,Максим Волков,20
5203,Дмитрий Garcia,62
5204,Сергей Smith,78
5205,Dmitry Кузнецов,37
5206,Николай Johnson,67
5207,Dmitry Davis,47
5208,Alex Davis,81
5209,Elena Волков,49
5210,Dmitry Garcia,67
5211,Anna Jones,18
5212,Александр Петров,64
5213,Александр Сидоров,72
5214,Николай Козлов,26
5215,Alex Козлов,53
5216,Сергей Brown,62
5217,Emily Смирнов,54
5218,Alex Волков,57
5219,Sarah Петров,81
5220,Olga Brown,75
5221,Maria Smith,53
5222,Alex Smith,63
5223,Николай Петров,77
5224,Сергей Смирнов,59
5225,Maria Johnson,49
5226,Дмитрий Козлов,46
5227,Michael Davis,50
5228,Михаил Davis,29
5229,Olga Williams,33
5230,Maria Williams,60
5231,Emily Garcia,66
5232,Michael Кузнецов,38
5233,Александр Петров,75
5234,Olga Brown,54
5235,Артем Петров,43
5236,Emily Davis,28
5237,Михаил Jones,24
5238,Сергей Smith,57
5239,Александр Петров,74
5240,Иван Лебедев,65
5241,Emily Williams,18
5242,Sarah Волков,52
5243,Sarah Иванов,57
5244,Николай Brown,31
5245,Николай Miller,70
5246,Максим Miller,54
5247,Elena Davis,39
5248,Иван Козлов,74
5249,John Williams,80
5250,Дмитрий Miller,81
5251,Sarah Иванов,90
5252,John Волков,78
5253,Michael Лебедев,38
5254,Elena Jones,86
5255,Dmitry Волков,62
5256,Артем Davis,86
5257,John Johnson,74
5258,Сергей Smith,67
5259,Sarah Смирнов,72
5260,Sarah Miller,86
5261,Дмитрий Davis,24
5262,Olga Johnson,27
5263,Михаил Смирнов,41
5264,Николай Волков,77
5265,Maria Miller,56
5266,Андрей Johnson,72
5267,Maria Волков,38
5268,Maria Сидоров,68
5269,Emily Волков,32
5270,Андрей Смирнов,80
5271,Максим Волков,61
5272,Алексей Brown,83
5273,Anna Иванов,63
5274,Olga Williams,82
5275,Артем Кузнецов,60
5276,Дмитрий Смирнов,88
5277,Дмитрий Garcia,68
5278,Olga Кузнецов,39
5279,Иван Козлов,44
5280,Dmitry Davis,62
5281,Иван Козлов,52
5282,Михаил Лебедев,54
5283,Anna Кузнецов,87
5284,Dmitry Козлов,37
5285,Olga Garcia,47
5286,Anna Петров,76
5287,Сергей Петров,61
5288,Emily Петров,47
5289,Emily Brown,53
5290,Иван Кузнецов,36
5291,John Davis,33
5292,Алексей Козлов,44
5293,Сергей Петров,44
5294,Anna Williams,76
5295,Максим Смирнов,35
5296,Артем Сидоров,37
5297,Максим Davis,66
5298,Olga Davis,65
5299,Алексей Davis,54
5300,Alex Johnson,46
5301,Дмитрий Смирнов,34
5302,Alex Смирнов,56
5303,Алексей Кузнецов,79
5304,Emily Garcia,43
5305,Anna Сидоров,19
5306,Андрей Иванов,64
5307,Emily Петров,31
5308,Александр Jones,41
5309,Николай Jones,66
5310,Olga Петров,36
5311,Максим Петров,68
5312,Dmitry Кузнецов,76
5313,Elena Smith,45
5314,Сергей Волков,87
5315,Михаил Garcia,65
5316,Алексей Garcia,50
5317,Sarah Смирнов,18
5318,Иван Петров,73
5319,Olga Brown,56
5320,Иван Williams,28
5321,Иван Сидоров,50
5322,Дмитрий Miller,77
5323,Андрей Davis,39
5324,Dmitry Garcia,58
5325,Sarah Jones,23
5326,Андрей Brown,37
5327,Michael Miller,40
5328,John Brown,19
5329,Андрей Smith,39
5330,Сергей Jones,36
5331,Olga Miller,23
5332,John Davis,51
5333,Николай Davis,33
5334,Dmitry Brown,25
5335,Elena Кузнецов,43
5336,Emily Кузнецов,73
5337,Михаил Козлов,83
5338,Михаил Кузнецов,83
5339,John Сидоров,63
5340,Anna Smith,79
5341,Maria Иванов,83
5342,Dmitry Johnson,89
5343,Emily Кузнецов,27
5344,Sarah Williams,20
5345,Elena Miller,63
5346,Alex Смирнов,18
5347,John Brown,70
5348,Сергей Garcia,37
5349,Артем Garcia,84
5350,Артем Miller,87
5351,Николай Davis,23
5352,Сергей Козлов,22
5353,Алексей Сидоров,22
5354,Maria Miller,55
5355,Александр Лебедев,37
5356,Elena Jones,23
5357,Дмитрий Лебедев,59
5358,Сергей Brown,30
5359,Алексей Смирнов,65
5360,Emily Сидоров,72
5361,Dmitry Jones,53
5362,Андрей Smith,90
5363,Михаил Brown,82
5364,Сергей Сидоров,62
5365,Максим Сидоров,61
5366,Alex Иванов,72
5367,Иван Смирнов,32
5368,Dmitry Smith,26
5369,Maria Smith,79
5370,Алексей Волков,88
5371,Артем Сидоров,54
5372,Иван Смирнов,51
5373,Максим Лебедев,56
5374,Максим Сидоров,74
5375,Артем Смирнов,37
5376,Михаил Лебедев,72
5377,Maria Лебедев,90
5378,Sarah Смирнов,59
5379,John Петров,26
5380,Александр Brown,60
5381,Михаил Лебедев,67
5382,Иван Петров,49
5383,Артем Козлов,20
5384,Anna Иванов,33
5385,Olga Сидоров,56
5386,Александр Johnson,27
5387,Anna Лебедев,86
5388,Алексей Сидоров,49
5389,Michael Smith,24
5390,Michael Петров,70
5391,Андрей Davis,59
5392,Дмитрий Davis,64
5393,Артем Смирнов,44
5394,Николай Williams,52
5395,John Williams,85
5396,Emily Brown,42
5397,Николай Jones,72
5398,Артем Козлов,35
5399,Максим Лебедев,57
5400,Sarah Davis,71
5401,Николай Smith,67
5402,Александр Козлов,85
5403,Anna Козлов,61
5404,Максим Сидоров,24
5405,Maria Johnson,87
5406,Anna Козлов,33
5407,Иван Волков,87
5408,Михаил Jones,19
5409,Michael Garcia,30
5410,Anna Smith,36
5411,Maria Сидоров,85
5412,Anna Miller,87
5413,Dmitry Williams,30
5414,Андрей Davis,86
5415,Михаил Miller,28
5416,Maria Jones,38
5417,Артем Brown,32
5418,Maria Jones,28
5419,Сергей Лебедев,54
5420,Михаил Johnson,72
5421,Maria Иванов,34
5422,Максим Jones,53
5423,Emily Brown,75
5424,Alex Smith,29
5425,Сергей Davis,21
5426,Anna Brown,56
5427,Максим Garcia,67
5428,Emily Смирнов,77
5429,Alex Петров,50
5430,Dmitry Смирнов,49
5431,Андрей Smith,64
5432,Michael Miller,88
5433,Olga Johnson,62
5434,Maria Garcia,72
5435,John Jones,49
5436,Максим Garcia,56
5437,Emily Волков,89
5438,Elena Jones,89
5439,Андрей Кузнецов,43
5440,Андрей Brown,43
5441,Иван Петров,83
5442,Olga Davis,45
5443,Дмитрий Johnson,85
5444,Michael Кузнецов,44
5445,Sarah Garcia,58
5446,John Jones,41
5447,Emily Davis,44
5448,Alex Лебедев,87
5449,Иван Davis,59
5450,Сергей Козлов,73
5451,Michael Miller,74
5452,Olga Davis,57
5453,John Козлов,63
5454,Михаил Johnson,46
5455,Артем Jones,53
5456,Александр Miller,46
5457,Сергей Козлов,30
5458,Maria Garcia,64
5459,Артем Miller,85
5460,Александр Сидоров,69
5461,Иван Brown,59
5462,Michael Иванов,81
5463,Михаил Williams,39
5464,Elena Смирнов,31
5465,Olga Johnson,28
5466,Dmitry Brown,59
5467,Dmitry Сидоров,34
5468,Elena Петров,40
5469,Emily Davis,26
5470,Иван Smith,62
5471,Артем Davis,47
5472,Александр Williams,80
5473,Alex Jones,56
5474,Michael Сидоров,34
5475,Emily Козлов,48
5476,Anna Williams,31
5477,Olga Miller,84
5478,Александр Williams,28
5479,Алексей Сидоров,68
5480,Дмитрий Davis,42
5481,John Иванов,44
5482,Maria Козлов,35
5483,Elena Davis,19
5484,Максим Garcia,59
5485,Sarah Davis,22
5486,Elena Williams,80
5487,John Miller,42
5488,Николай Смирнов,46
5489,Иван Jones,22
5490,Михаил Davis,48
5491,Elena Williams,79
5492,John Иванов,72
5493,Иван Johnson,65
5494,Olga Сидоров,29
5495,Андрей Johnson,54
5496,Сергей Jones,37
5497,Михаил Garcia,24
5498,Sarah Garcia,77
5499,Olga Smith,30
5500,Dmitry Петров,23
5501,Александр Miller,26
5502,Артем Лебедев,40
5503,Андрей Лебедев,62
5504,Elena Garcia,24
5505,Иван Лебедев,28
5506,John Johnson,36
5507,Dmitry Jones,35
5508,Андрей Иванов,28
5509,Михаил Davis,89
5510,Maria Лебедев,31
5511,Андрей Davis,48
5512,Emily Кузнецов,80
5513,Alex Иванов,26
5514,Александр Петров,30
5515,Dmitry Miller,78
5516,Максим Davis,36
5517,Артем Brown,36
5518,Alex Кузнецов,58
5519,Elena Williams,48
5520,Emily Johnson,41
5521,Александр Кузнецов,87
5522,Дмитрий Miller,35
5523,Дмитрий Williams,34
5524,Anna Smith,46
5525,Андрей Кузнецов,84
5526,Olga Кузнецов,49
5527,Elena Сидоров,79
5528,Николай Smith,40
5529,Olga Davis,55
5530,Максим Garcia,30
5531,Михаил Лебедев,58
5532,Артем Сидоров,66
5533,Алексей Волков,85
5534,Иван Иванов,45
5535,Николай Davis,48
5536,John Johnson,47
5537,Emily Johnson,57
5538,Michael Волков,63
5539,Николай Петров,60
5540,Алексей Сидоров,63
5541,Артем Garcia,51
5542,Алексей Miller,62
5543,Maria Лебедев,73
5544,Артем Кузнецов,24
5545,Иван Смирнов,23
5546,Emily Davis,42
5547,Николай Иванов,20
5548,Alex Смирнов,63
5549,Максим Williams,55
5550,Maria Козлов,52
5551,Александр Волков,70
5552,Сергей Козлов,44
5553,Emily Лебедев,43
5554,Михаил Петров,88
5555,Maria Davis,57
5556,Иван Петров,73
5557,Иван Козлов,27
5558,Dmitry Jones,80
5559,Dmitry Smith,57
5560,Emily Brown,38
5561,John Козлов,51
5562,John Smith,49
5563,Alex Петров,57
5564,Максим Smith,60
5565,Maria Brown,41
5566,Иван Сидоров,23
5567,Максим Williams,46
5568,Алексей Сидоров,41
5569,Sarah Davis,81
5570,Emily Смирнов,42
5571,Elena Лебедев,75
5572,Андрей Garcia,55
5573,Anna Лебедев,83
5574,Александр Brown,73
5575,Elena Brown,70
5576,Michael Волков,44
5577,Dmitry Davis,36
5578,Иван Смирнов,68
5579,Алексей Петров,55
5580,Alex Смирнов,18
5581,Николай Garcia,80
5582,Olga Лебедев,77
5583,Olga Johnson,23
5584,Михаил Петров,36
5585,Maria Brown,89
5586,Иван Johnson,21
5587,Sarah Smith,86
5588,Артем Иванов,31
5589,Emily Davis,86
5590,Алексей Miller,88
5591,Сергей Петров,84
5592,Алексей Johnson,24
5593,Максим Лебедев,58
5594,Андрей Williams,61
5595,Дмитрий Кузнецов,86
5596,Anna Смирнов,40
5597,Дмитрий Иванов,48
5598,Olga Козлов,81
5599,Olga Сидоров,66
5600,Anna Jones,61
5601,Андрей Петров,44
5602,Michael Smith,62
5603,Anna Smith,75
5604,Alex Davis,23
5605,Артем Brown,26
5606,Алексей Johnson,56
5607,Emily Johnson,27
5608,Anna Davis,25
5609,Alex Смирнов,39
5610,Maria Петров,31
5611,John Иванов,28
5612,Olga Miller,54
5613,Артем Лебедев,87
5614,Sarah Иванов,74
5615,Michael Jones,75
5616,Dmitry Miller,67
5617,Дмитрий Williams,87
5618,Михаил Козлов,22
5619,Maria Brown,85
5620,Dmitry Garcia,86
5621,Артем Козлов,50
5622,Elena Волков,41
5623,Дмитрий Иванов,60
5624,Сергей Сидоров,51
5625,Alex Смирнов,60
5626,Александр Brown,80
5627,Elena Williams,29
5628,Александр Козлов,32
5629,Alex Miller,67
5630,Алексей Brown,34
5631,Sarah Иванов,68
5632,John Johnson,25
5633,Андрей Smith,24
5634,Максим Иванов,56
5635,Emily Лебедев,77
5636,Андрей Петров,76
5637,Maria Garcia,21
5638,Дмитрий Кузнецов,49
5639,Olga Смирнов,79
5640,Артем Miller,58
5641,Sarah Brown,79
5642,Michael Garcia,43
5643,Михаил Лебедев,77
5644,Максим Петров,47
5645,Elena Сидоров,87
5646,Александр Смирнов,71
5647,Максим Лебедев,48
5648,John Смирнов,27
5649,Алексей Смирнов,51
5650,Иван Волков,52
5651,Иван Williams,56
5652,Elena Miller,47
5653,Александр Волков,81
5654,Anna Козлов,68
5655,Anna Петров,71
5656,Николай Brown,31
5657,Emily Лебедев,26
5658,John Williams,47
5659,Николай Smith,44
5660,Дмитрий Jones,25
5661,Иван Davis,84
5662,Alex Иванов,84
5663,Николай Johnson,59
5664,Anna Петров,28
5665,Алексей Козлов,76
5666,Максим Smith,88
5667,Иван Smith,33
5668,Michael Johnson,48
5669,Alex Miller,53
5670,Николай Смирнов,28
5671,Максим Иванов,65
5672,Иван Петров,24
5673,Dmitry Jones,37
5674,Emily Иванов,46
5675,Иван Davis,77
5676,Андрей Brown,53
5677,Alex Garcia,78
5678,Olga Сидоров,27
5679,Алексей Петров,48
5680,Alex Miller,88
5681,Алексей Смирнов,26
5682,Michael Волков,49
5683,Maria Garcia,49
5684,Maria Johnson,58
5685,Иван Davis,47
5686,Александр Brown,39
5687,Николай Garcia,81
5688,Alex Волков,82
5689,Dmitry Петров,76
5690,Михаил Garcia,65
5691,Андрей Williams,18
5692,Maria Jones,72
5693,Сергей Смирнов,44
5694,Sarah Davis,27
5695,Sarah Волков,31
5696,Николай Сидоров,24
5697,Михаил Jones,20
5698,Сергей Кузнецов,89
5699,Сергей Волков,58
5700,Михаил Smith,27
5701,Дмитрий Волков,47
5702,Olga Кузнецов,28
5703,Sarah Смирнов,64
5704,Дмитрий Петров,42
5705,Андрей Лебедев,53
5706,Maria Williams,84
5707,Михаил Johnson,67
5708,Emily Иванов,43
5709,Alex Smith,26
5710,Алексей Williams,85
5711,Алексей Сидоров,40
5712,Дмитрий Лебедев,68
5713,Anna Сидоров,89
5714,Артем Лебедев,26
5715,Elena Иванов,26
5716,Максим Jones,72
5717,Dmitry Волков,82
5718,Alex Смирнов,58
5719,John Smith,83
5720,Максим Johnson,34
5721,Сергей Garcia,47
5722,Александр Иванов,70
5723,Андрей Сидоров,65
5724,Михаил Garcia,87
5725,Максим Петров,26
5726,Dmitry Miller,29
5727,Артем Miller,22
5728,Olga Jones,28
5729,Сергей Сидоров,76
5730,John Garcia,77
5731,Maria Jones,62
5732,Дмитрий Brown,72
5733,Michael Williams,28
5734,John Лебедев,25
5735,Алексей Davis,49
5736,Андрей Jones,69
5737,Maria Garcia,46
5738,Артем Кузнецов,42
5739,Сергей Лебедев,19
5740,Артем Иванов,49
5741,Михаил Волков,24
5742,Николай Johnson,25
5743,John Волков,77
5744,Emily Волков,83
5745,Алексей Jones,87
5746,Alex Jones,49
5747,Alex Сидоров,31
5748,Anna Davis,70
5749,Алексей Петров,30
5750,Максим Johnson,49
5751,Anna Smith,51
5752,Михаил Garcia,23
5753,Olga Иванов,29
5754,Emily Волков,40
5755,Emily Jones,84
5756,Maria Smith,26
5757,Olga Иванов,89
5758,Андрей Лебедев,63
5759,Olga Сидоров,54
5760,Артем Garcia,41
5761,Михаил Smith,63
5762,Сергей Brown,45
5763,Александр Петров,88
5764,Alex Garcia,49
5765,Артем Davis,46
5766,Dmitry Волков,64
5767,Sarah Кузнецов,80
5768,Emily Brown,81
5769,Александр Иванов,75
5770,Сергей Сидоров,51
5771,Максим Козлов,48
5772,Андрей Лебедев,72
5773,Сергей Williams,89
5774,Михаил Johnson,41
5775,Olga Лебедев,67
5776,Михаил Лебедев,64
5777,Emily Козлов,57
5778,Николай Сидоров,81
5779,Anna Garcia,52
5780,Артем Johnson,66
5781,Иван Johnson,90
5782,Александр Davis,27
5783,Elena Jones,47
5784,Артем Волков,50
5785,Максим Johnson,72
5786,Николай Smith,43
5787,Артем Brown,85
5788,John Сидоров,27
5789,Николай Иванов,67
5790,Дмитрий Williams,63
5791,Alex Сидоров,49
5792,Olga Петров,37
5793,Elena Miller,59
5794,Michael Волков,51
5795,Максим Петров,82
5796,Michael Кузнецов,39
5797,Николай Davis,24
5798,Артем Лебедев,66
5799,Michael Brown,58
5800,Сергей Davis,79
5801,Александр Волков,39
5802,Михаил Козлов,42
5803,Дмитрий Петров,55
5804,Михаил Петров,23
5805,Olga Кузнецов,58
5806,John Jones,29
5807,Michael Brown,37
5808,Emily Козлов,26
5809,Anna Davis,24
5810,Андрей Davis,46
5811,Дмитрий Лебедев,27
5812,Сергей Miller,42
5813,John Сидоров,57
5814,Olga Иванов,84
5815,Elena Сидоров,89
5816,Michael Волков,23
5817,Сергей Smith,49
5818,Sarah Williams,74
5819,Максим Williams,61
5820,Elena Кузнецов,35
5821,Alex Кузнецов,25
5822,Иван Garcia,73
5823,Алексей Петров,36
5824,Сергей Лебедев,78
5825,Elena Кузнецов,25
5826,Артем Williams,88
5827,Alex Garcia,49
5828,Максим Smith,35
5829,Алексей Козлов,61
5830,Alex Козлов,57
5831,Николай Кузнецов,80
5832,Александр Smith,47
5833,Сергей Williams,24
5834,Иван Сидоров,26
5835,Александр Smith,66
5836,Maria Jones,88
5837,Дмитрий Иванов,45
5838,Андрей Петров,34
5839,Emily Смирнов,65
5840,Sarah Кузнецов,57
5841,Сергей Davis,45
5842,Elena Garcia,52
5843,Николай Иванов,59
5844,Michael Davis,44
5845,Максим Иванов,81
5846,Андрей Петров,47
5847,Sarah Brown,30
5848,Николай Davis,36
5849,Николай Johnson,47
5850,Николай Williams,66
5851,Иван Лебедев,67
5852,Андрей Смирнов,67
5853,Alex Garcia,53
5854,Максим Козлов,67
5855,Андрей Кузнецов,47
5856,Alex Garcia,70
5857,John Сидоров,87
5858,Артем Miller,85
5859,Dmitry Smith,29
5860,Михаил Смирнов,61
5861,Michael Johnson,37
5862,Алексей Кузнецов,69
5863,Michael Williams,79
5864,Андрей Смирнов,80
5865,Alex Смирнов,37
5866,Alex Сидоров,79
5867,Михаил Davis,35
5868,Николай Волков,65
5869,Sarah Волков,53
5870,Olga Garcia,56
5871,Elena Williams,28
5872,Emily Miller,37
5873,Александр Петров,31
5874,Дмитрий Brown,47
5875,Артем Лебедев,26
5876,Emily Козлов,57
5877,John Davis,78
5878,Сергей Williams,33
5879,Sarah Johnson,32
5880,Anna Иванов,68
5881,John Волков,48
5882,Elena Miller,53
5883,Иван Иванов,39
5884,Sarah Brown,18
5885,Сергей Williams,43
5886,Максим Волков,77
5887,Артем Волков,83
5888,Артем Козлов,30
5889,Андрей Jones,40
5890,Elena Jones,54
5891,John Johnson,89
5892,Olga Smith,33
5893,Максим Johnson,21
5894,Александр Garcia,47
5895,Дмитрий Сидоров,89
5896,Anna Williams,28
5897,Olga Jones,72
5898,Иван Сидоров,42
5899,Alex Johnson,40
5900,Иван Brown,71
5901,Dmitry Johnson,53
5902,Anna Miller,82
5903,Николай Волков,39
5904,Olga Williams,21
5905,Michael Лебедев,47
5906,Elena Garcia,29
5907,Elena Козлов,78
5908,Александр Волков,68
5909,John Smith,56
5910,Сергей Кузнецов,54
5911,Артем Davis,60
5912,Артем Волков,28
5913,Максим Лебедев,48
5914,Николай Williams,85
5915,Emily Козлов,30
5916,Dmitry Miller,90
5917,Anna Иванов,83
5918,Olga Волков,53
5919,Elena Miller,56
5920,Максим Сидоров,61
5921,Михаил Петров,63
5922,Anna Козлов,49
5923,Olga Brown,23
5924,Максим Smith,46
5925,Дмитрий Jones,22
5926,Alex Иванов,35
5927,Elena Иванов,57
5928,Michael Иванов,70
5929,Артем Smith,58
5930,Александр Garcia,63
5931,John Сидоров,63
5932,Артем Кузнецов,28
5933,Sarah Смирнов,62
5934,Olga Петров,50
5935,Максим Davis,59
5936,Иван Смирнов,43
5937,Сергей Jones,82
5938,Dmitry Davis,42
5939,Anna Смирнов,19
5940,Артем Johnson,57
5941,Alex Кузнецов,39
5942,Emily Козлов,81
5943,Алексей Козлов,66
5944,John Козлов,38
5945,Alex Williams,43
5946,Андрей Jones,59
5947,Алексей Иванов,57
5948,Михаил Кузнецов,60
5949,Michael Смирнов,37
5950,Emily Brown,57
5951,Alex Miller,52
5952,Дмитрий Brown,62
5953,Николай Сидоров,68
5954,Maria Иванов,81
5955,Николай Smith,45
5956,Сергей Козлов,69
5957,Сергей Johnson,73
5958,Артем Jones,49
5959,Dmitry Williams,81
5960,Anna Smith,63
5961,Михаил Петров,54
5962,Alex Davis,48
5963,Maria Brown,26
5964,Артем Козлов,25
5965,Александр Петров,48
5966,Anna Johnson,39
5967,Olga Jones,39
5968,Алексей Петров,72
5969,Дмитрий Петров,76
5970,Михаил Петров,70
5971,Emily Smith,82
5972,Александр Кузнецов,68
5973,Maria Козлов,73
5974,Dmitry Johnson,37
5975,Anna Miller,81
5976,Elena Кузнецов,23
5977,Николай Miller,23
5978,Николай Иванов,79
5979,Николай Garcia,67
5980,Sarah Лебедев,84
5981,Сергей Волков,39
5982,Dmitry Johnson,60
5983,Иван Лебедев,59
5984,Максим Jones,56
5985,Sarah Jones,39
5986,Андрей Jones,85
5987,Emily Johnson,48
5988,Михаил Garcia,73
5989,Михаил Сидоров,64
5990,Michael Brown,26
5991,Михаил Лебедев,84
5992,Иван Garcia,88
5993,Михаил Miller,80
5994,Дмитрий Brown,83
5995,Дмитрий Miller,90
5996,Maria Davis,41
5997,John Johnson,24
5998,Дмитрий Кузнецов,75
5999,Михаил Williams,53
6000,Dmitry Волков,22
6001,Сергей Johnson,49
6002,Михаил Davis,77
6003,Михаил Jones,59
6004,Иван Brown,66
6005,Михаил Кузнецов,19
6006,Дмитрий Johnson,48
6007,Максим Miller,51
6008,Sarah Jones,37
6009,Николай Петров,47
6010,Михаил Smith,70
6011,Anna Garcia,88
6012,Emily Smith,52
6013,Дмитрий Smith,22
6014,Артем Garcia,38
6015,Максим Иванов,39
6016,Андрей Иванов,80
6017,Emily Williams,31
6018,Андрей Miller,87
6019,Андрей Smith,43
6020,Артем Смирнов,41
6021,Emily Петров,34
6022,Michael Смирнов,24
6023,John Козлов,59
6024,Alex Smith,33
6025,Иван Смирнов,59
6026,Максим Петров,23
6027,Андрей Miller,27
6028,Дмитрий Brown,73
6029,Dmitry Williams,32
6030,Николай Brown,61
6031,Андрей Иванов,62
6032,Elena Волков,82
6033,Anna Сидоров,54
6034,Sarah Williams,44
6035,Sarah Иванов,77
6036,Дмитрий Smith,21
6037,Olga Петров,70
6038,Михаил Иванов,88
6039,Артем Кузнецов,50
6040,Иван Jones,76
6041,John Кузнецов,37
6042,Michael Garcia,29
6043,Elena Иванов,86
6044,Николай Garcia,57
6045,Olga Jones,84
6046,Anna Miller,80
6047,Дмитрий Davis,20
6048,Anna Williams,53
6049,Michael Miller,35
6050,Michael Волков,44
6051,Anna Brown,60
6052,Иван Иванов,51
6053,Дмитрий Brown,86
6054,Николай Козлов,36
6055,Dmitry Иванов,72
6056,Алексей Лебедев,33
6057,Александр Кузнецов,77
6058,Elena Иванов,41
6059,Elena Brown,76
6060,John Смирнов,27
6061,Olga Davis,37
6062,Алексей Garcia,32
6063,Иван Davis,82
6064,John Кузнецов,63
6065,Николай Кузнецов,32
6066,Olga Лебедев,27
6067,Максим Miller,30
6068,Sarah Johnson,20
6069,John Волков,66
6070,Dmitry Garcia,42
6071,Николай Jones,85
6072,Алексей Козлов,47
6073,Maria Лебедев,52
6074,Emily Лебедев,90
6075,Михаил Brown,71
6076,Anna Петров,24
6077,Максим Кузнецов,59
6078,Anna Jones,50
6079,Андрей Лебедев,79
6080,Olga Miller,88
6081,Сергей Miller,80
6082,Сергей Козлов,64
6083,Olga Brown,57
6084,Александр Петров,88
6085,Алексей Иванов,71
6086,Michael Козлов,51
6087,Андрей Brown,68
6088,Сергей Иванов,63
6089,Александр Иванов,42
6090,Olga Brown,80
6091,Михаил Волков,18
6092,Sarah Miller,39
6093,Alex Jones,57
6094,Андрей Brown,44
6095,Максим Davis,52
6096,Дмитрий Davis,73
6097,Алексей Козлов,45
6098,John Козлов,44
6099,Алексей Williams,47
6100,Николай Williams,58
6101,Николай Сидоров,60
6102,Михаил Smith,27
6103,Maria Davis,83
6104,Olga Brown,46
6105,Иван Сидоров,63
6106,Александр Сидоров,79
6107,Elena Miller,39
6108,Sarah Козлов,71
6109,Emily Williams,57
6110,Дмитрий Johnson,51
6111,Emily Garcia,78
6112,Sarah Козлов,27
6113,Дмитрий Garcia,69
6114,Иван Johnson,66
6115,Александр Williams,65
6116,Николай Лебедев,20
6117,John Smith,55
6118,Михаил Williams,21
6119,Dmitry Лебедев,26
6120,John Петров,43
6121,Артем Волков,21
6122,Olga Miller,87
6123,Артем Johnson,41
6124,Dmitry Петров,63
6125,Elena Козлов,84
6126,Anna Смирнов,59
6127,Михаил Сидоров,26
6128,Alex Brown,34
6129,Maria Лебедев,43
6130,Иван Кузнецов,62
6131,Иван Петров,52
6132,Иван Garcia,31
6133,Андрей Williams,30
6134,John Лебедев,22
6135,Иван Miller,31
6136,Michael Сидоров,63
6137,Emily Иванов,27
6138,Сергей Кузнецов,36
6139,Anna Williams,49
6140,Emily Смирнов,82
6141,Anna Smith,52
6142,Андрей Miller,41
6143,Elena Козлов,71
6144,Артем Волков,35
6145,Алексей Сидоров,76
6146,Emily Jones,69
6147,Elena Garcia,49
6148,Elena Сидоров,81
6149,John Иванов,79
6150,Алексей Иванов,43
6151,Elena Davis,41
6152,Алексей Davis,22
6153,Michael Miller,60
6154,Александр Brown,33
6155,Michael Brown,31
6156,Иван Кузнецов,27
6157,Alex Miller,40
6158,Артем Сидоров,36
6159,Николай Davis,83
6160,Сергей Williams,88
6161,Николай Brown,21
6162,Алексей Miller,60
6163,Michael Johnson,39
6164,Michael Williams,71
6165,John Garcia,60
6166,Sarah Williams,26
6167,Anna Brown,36
6168,Сергей Jones,67
6169,Elena Johnson,36
6170,Anna Иванов,55
6171,Артем Волков,62
6172,Alex Davis,26
6173,Михаил Козлов,21
6174,Алексей Johnson,23
6175,Emily Williams,18
6176,Артем Кузнецов,27
6177,Андрей Brown,54
6178,Алексей Williams,67
6179,Артем Сидоров,75
6180,Emily Williams,56
6181,Elena Смирнов,60
6182,John Иванов,23
6183,Alex Кузнецов,74
6184,Максим Miller,42
6185,Михаил Лебедев,54
6186,Александр Козлов,29
6187,Андрей Лебедев,45
6188,Sarah Garcia,47
6189,Dmitry Davis,35
6190,Дмитрий Волков,22
6191,Александр Кузнецов,66
6192,Михаил Johnson,52
6193,Сергей Johnson,37
6194,Maria Miller,72
6195,Olga Williams,86
6196,Dmitry Smith,27
6197,Olga Smith,43
6198,Иван Smith,88
6199,Андрей Garcia,74
6200,Michael Козлов,63
6201,Алексей Сидоров,87
6202,Андрей Козлов,19
6203,Emily Петров,61
6204,Emily Williams,90
6205,Артем Garcia,43
6206,Сергей Brown,34
6207,Sarah Сидоров,74
6208,Николай Петров,89
6209,Anna Jones,27
6210,Michael Сидоров,50
6211,Dmitry Jones,51
6212,Olga Smith,55
6213,Иван Williams,35
6214,Андрей Смирнов,63
6215,John Johnson,90
6216,Михаил Davis,36
6217,Максим Brown,77
6218,Дмитрий Brown,46
6219,Дмитрий Miller,71
6220,Maria Козлов,29
6221,Николай Петров,86
6222,Иван Garcia,33
6223,John Петров,26
6224,Александр Иванов,57
6225,Михаил Лебедев,31
6226,Elena Jones,26
6227,Алексей Смирнов,25
6228,Артем Смирнов,87
6229,Emily Петров,85
6230,Anna Smith,68
6231,Николай Иванов,43
6232,Артем Сидоров,85
6233,Александр Сидоров,22
6234,Артем Смирнов,57
6235,Alex Лебедев,25
6236,Дмитрий Кузнецов,38
6237,Артем Jones,79
6238,Артем Лебедев,47
6239,Иван Smith,42
6240,Emily Johnson,75
6241,Александр Miller,79
6242,Dmitry Петров,65
6243,Alex Davis,74
6244,Максим Jones,63
6245,Alex Козлов,19
6246,Максим Brown,61
6247,Сергей Davis,65
6248,Михаил Jones,34
6249,Emily Волков,38
6250,Anna Иванов,29
6251,Сергей Garcia,53
6252,Иван Davis,58
6253,Дмитрий Williams,59
6254,Николай Jones,42
6255,Дмитрий Brown,40
6256,Dmitry Иванов,49
6257,Emily Brown,58
6258,Olga Иванов,52
6259,Сергей Кузнецов,55
6260,Alex Козлов,25
6261,Olga Иванов,76
6262,Emily Иванов,30
6263,Olga Brown,87
6264,Michael Иванов,35
6265,Андрей Сидоров,42
6266,Michael Johnson,43
6267,Anna Johnson,25
6268,Николай Кузнецов,66
6269,Николай Smith,27
6270,Dmitry Miller,76
6271,Дмитрий Петров,22
6272,Максим Jones,33
6273,Olga Петров,72
6274,Dmitry Garcia,68
6275,Николай Garcia,66
6276,Александр Garcia,27
6277,Михаил Лебедев,25
6278,Дмитрий Brown,84
6279,Алексей Garcia,36
6280,Дмитрий Сидоров,23
6281,Sarah Jones,75
6282,Elena Козлов,18
6283,Alex Smith,67
6284,Сергей Jones,33
6285,Алексей Волков,61
6286,Michael Иванов,39
6287,Michael Brown,38
6288,Olga Волков,60
6289,Sarah Davis,47
6290,Сергей Williams,54
6291,Артем Кузнецов,44
6292,Алексей Smith,81
6293,Николай Jones,38
6294,Иван Jones,24
6295,Michael Волков,63
6296,Максим Сидоров,40
6297,Михаил Smith,82
6298,Александр Johnson,39
6299,Алексей Иванов,83
6300,Sarah Петров,39
6301,Андрей Петров,54
6302,John Смирнов,57
6303,Иван Jones,39
6304,John Miller,68
6305,Emily Johnson,22
6306,Алексей Jones,67
6307,John Волков,58
6308,Michael Кузнецов,73
6309,Михаил Miller,21
6310,Dmitry Garcia,58
6311,Emily Jones,40
6312,John Smith,89
6313,Emily Смирнов,28
6314,Emily Петров,79
6315,Николай Smith,37
6316,Алексей Johnson,78
6317,Olga Петров,79
6318,Elena Смирнов,65
6319,Александр Davis,34
6320,Иван Smith,84
6321,Anna Иванов,29
6322,Sarah Лебедев,55
6323,Anna Miller,27
6324,Maria Davis,30
6325,Elena Волков,50
6326,Olga Garcia,84
6327,Sarah Davis,39
6328,Николай Johnson,18
6329,Dmitry Волков,62
6330,Максим Волков,57
6331,Michael Кузнецов,81
6332,Сергей Кузнецов,71
6333,Elena Сидоров,59
6334,Александр Johnson,72
6335,Michael Козлов,32
6336,Артем Сидоров,38
6337,Alex Сидоров,57
6338,John Козлов,19
6339,Иван Иванов,23
6340,Anna Петров,59
6341,Андрей Иванов,33
6342,Sarah Петров,31
6343,Emily Лебедев,89
6344,Иван Козлов,39
6345,Alex Johnson,59
6346,Николай Смирнов,79
6347,Dmitry Williams,37
6348,Anna Сидоров,88
6349,Артем Brown,47
6350,Michael Петров,53
6351,Андрей Лебедев,73
6352,Максим Волков,65
6353,Алексей Brown,86
6354,Anna Иванов,21
6355,Alex Волков,56
6356,Сергей Jones,23
6357,Александр Williams,89
6358,Иван Сидоров,86
6359,Иван Miller,69
6360,Sarah Miller,44
6361,Maria Козлов,60
6362,Sarah Петров,36
6363,Elena Davis,72
6364,Максим Смирнов,84
6365,Дмитрий Smith,38
6366,Алексей Волков,54
6367,Olga Волков,56
6368,Сергей Johnson,84
6369,Михаил Сидоров,46
6370,Sarah Williams,56
6371,Сергей Лебедев,89
6372,Михаил Козлов,19
6373,Александр Johnson,66
6374,Михаил Волков,55
6375,Olga Волков,86
6376,John Волков,24
6377,Michael Лебедев,83
6378,Александр Смирнов,30
6379,Dmitry Волков,90
6380,Артем Johnson,62
6381,Michael Смирнов,33
6382,Alex Jones,23
6383,Michael Смирнов,41
6384,Максим Miller,28
6385,Александр Смирнов,31
6386,Александр Иванов,30
6387,Anna Иванов,62
6388,Николай Петров,67
6389,Андрей Волков,41
6390,Dmitry Волков,59
6391,Михаил Brown,43
6392,Sarah Williams,32
6393,Michael Miller,51
6394,Михаил Волков,30
6395,John Лебедев,20
6396,Michael Jones,42
6397,John Williams,21
6398,Сергей Johnson,64
6399,Иван Козлов,73
6400,Александр Иванов,31
6401,Максим Волков,37
6402,Emily Кузнецов,44
6403,Александр Козлов,21
6404,Elena Козлов,80
6405,Dmitry Davis,66
6406,Иван Brown,52
6407,Michael Иванов,27
6408,Андрей Волков,84
6409,Michael Лебедев,86
6410,Алексей Козлов,51
6411,Olga Козлов,46
6412,Сергей Кузнецов,65
6413,Сергей Smith,53
6414,Elena Brown,75
6415,Sarah Jones,82
6416,Александр Волков,35
6417,Maria Петров,87
6418,Alex Smith,81
6419,Дмитрий Волков,22
6420,Emily Козлов,46
6421,Николай Garcia,59
6422,Сергей Волков,59
6423,Anna Jones,18
6424,John Smith,88
6425,Maria Williams,41
6426,Артем Волков,36
6427,John Garcia,60
6428,Elena Brown,33
6429,Anna Johnson,24
6430,Иван Brown,59
6431,Артем Johnson,35
6432,Olga Сидоров,81
6433,Olga Davis,57
6434,Максим Johnson,40
6435,Michael Козлов,65
6436,Emily Иванов,72
6437,Николай Miller,75
6438,Иван Smith,50
6439,Maria Smith,32
6440,Сергей Smith,90
6441,Michael Лебедев,53
6442,Сергей Кузнецов,20
6443,Olga Davis,31
6444,Dmitry Иванов,83
6445,Максим Смирнов,18
6446,Сергей Петров,42
6447,Сергей Williams,28
6448,Elena Козлов,33
6449,John Miller,81
6450,Dmitry Козлов,23
6451,Maria Иванов,19
6452,Anna Brown,67
6453,Сергей Сидоров,71
6454,Александр Иванов,87
6455,Anna Miller,27
6456,Михаил Williams,25
6457,Emily Davis,42
6458,Дмитрий Козлов,41
6459,Olga Петров,28
6460,Dmitry Garcia,61
6461,Артем Козлов,75
6462,Michael Кузнецов,29
6463,Maria Иванов,23
6464,Alex Кузнецов,56
6465,Александр Williams,35
6466,Сергей Иванов,31
6467,Николай Jones,87
6468,Артем Johnson,73
6469,Sarah Garcia,46
6470,Николай Davis,81
6471,Артем Козлов,29
6472,Emily Jones,59
6473,Elena Davis,57
6474,Михаил Сидоров,82
6475,Michael Brown,54
6476,Maria Лебедев,56
6477,Михаил Jones,76
6478,Андрей Иванов,88
6479,Alex Иванов,37
6480,Emily Сидоров,33
6481,Алексей Johnson,48
6482,Olga Смирнов,23
6483,Michael Смирнов,37
6484,Alex Brown,63
6485,Максим Miller,34
6486,Olga Williams,29
6487,Maria Лебедев,52
6488,Anna Brown,30
6489,Anna Garcia,25
6490,Александр Johnson,88
6491,Maria Козлов,70
6492,Dmitry Лебедев,43
6493,John Петров,80
6494,Maria Jones,66
6495,Dmitry Brown,78
6496,Olga Smith,22
6497,Иван Brown,21
6498,Anna Смирнов,50
6499,Maria Brown,43
6500,Emily Williams,79
6501,Emily Johnson,67
6502,Dmitry Смирнов,66
6503,Elena Смирнов,22
6504,Emily Johnson,81
6505,Александр Волков,48
6506,Sarah Johnson,23
6507,Дмитрий Smith,60
6508,Elena Brown,89
6509,Андрей Волков,89
6510,Артем Jones,78
6511,Андрей Иванов,28
6512,Алексей Jones,60
6513,Dmitry Лебедев,70
6514,Dmitry Williams,63
6515,Dmitry Davis,20
6516,Иван Петров,68
6517,Sarah Сидоров,39
6518,Alex Johnson,84
6519,Alex Сидоров,52
6520,Emily Garcia,33
6521,Андрей Miller,52
6522,Sarah Сидоров,57
6523,Michael Jones,39
6524,Дмитрий Козлов,25
6525,Sarah Иванов,88
6526,Николай Davis,52
6527,Алексей Brown,24
6528,John Смирнов,87
6529,Alex Davis,38
6530,Андрей Johnson,68
6531,Алексей Brown,51
6532,Сергей Smith,76
6533,Сергей Jones,24
6534,Николай Davis,23
6535,Иван Brown,44
6536,Alex Garcia,22
6537,Артем Кузнецов,28
6538,Michael Williams,20
6539,John Garcia,25
6540,John Кузнецов,23
6541,Михаил Сидоров,39
6542,Anna Иванов,26
6543,Иван Jones,46
6544,Michael Петров,33
6545,Maria Смирнов,74
6546,Андрей Кузнецов,70
6547,Anna Петров,27
6548,Дмитрий Garcia,50
6549,Михаил Garcia,43
6550,Dmitry Smith,78
6551,Алексей Козлов,32
6552,Anna Brown,90
6553,Максим Козлов,32
6554,Артем Кузнецов,72
6555,Emily Петров,47
6556,Артем Miller,88
6557,Michael Jones,65
6558,Николай Лебедев,40
6559,Sarah Сидоров,68
6560,Olga Brown,32
6561,Алексей Jones,60
6562,Emily Williams,67
6563,Elena Davis,31
6564,Sarah Davis,19
6565,Maria Smith,47
6566,Olga Петров,37
6567,Alex Петров,56
6568,Александр Davis,72
6569,Olga Волков,27
6570,Dmitry Jones,69
6571,Артем Иванов,84
6572,Артем Смирнов,72
6573,Olga Иванов,20
6574,Emily Петров,67
6575,Anna Jones,47
6576,Anna Козлов,87
6577,Александр Williams,34
6578,Артем Лебедев,76
6579,Anna Иванов,73
6580,Emily Иванов,55
6581,Андрей Лебедев,56
6582,Николай Сидоров,30
6583,Максим Лебедев,55
6584,John Иванов,24
6585,Alex Смирнов,81
6586,Сергей Garcia,89
6587,Алексей Лебедев,76
6588,Dmitry Лебедев,26
6589,Anna Smith,85
6590,Дмитрий Лебедев,26
6591,Maria Davis,80
6592,Дмитрий Johnson,60
6593,Olga Johnson,47
6594,Андрей Кузнецов,27
6595,Иван Волков,25
6596,Alex Smith,57
6597,Anna Smith,69
6598,Dmitry Williams,49
6599,Dmitry Сидоров,58
6600,Anna Williams,31
6601,Alex Смирнов,41
6602,Michael Козлов,79
6603,Артем Garcia,69
6604,Dmitry Williams,73
6605,Алексей Волков,19
6606,Михаил Смирнов,67
6607,Максим Козлов,38
6608,Emily Smith,58
6609,Сергей Козлов,47
6610,Maria Иванов,20
6611,Maria Brown,62
6612,John Лебедев,75
6613,Anna Козлов,20
6614,Dmitry Brown,65
6615,Michael Jones,18
6616,Дмитрий Miller,55
6617,Иван Сидоров,89
6618,Maria Сидоров,70
6619,John Петров,55
6620,Николай Johnson,48
6621,Николай Кузнецов,67
6622,Алексей Williams,49
6623,Сергей Смирнов,85
6624,Elena Кузнецов,25
6625,Anna Miller,62
6626,Александр Сидоров,45
6627,Sarah Сидоров,44
6628,Maria Сидоров,78
6629,Dmitry Смирнов,56
6630,Николай Davis,34
6631,Артем Garcia,64
6632,John Johnson,46
6633,Maria Johnson,60
6634,Алексей Смирнов,25
6635,Michael Козлов,37
6636,Olga Иванов,65
6637,Emily Лебедев,69
6638,Alex Garcia,30
6639,Алексей Иванов,79
6640,Elena Сидоров,64
6641,Elena Смирнов,81
6642,Дмитрий Иванов,74
6643,Sarah Сидоров,25
6644,Emily Козлов,55
6645,Николай Смирнов,88
6646,Александр Смирнов,90
6647,Alex Иванов,61
6648,Emily Davis,35
6649,Алексей Smith,50
6650,Maria Волков,58
6651,Сергей Miller,57
6652,Dmitry Smith,73
6653,Dmitry Jones,49
6654,Elena Davis,85
6655,Артем Кузнецов,53
6656,Николай Miller,49
6657,Артем Иванов,29
6658,Иван Петров,48
6659,Alex Johnson,48
6660,Иван Brown,58
6661,John Кузнецов,23
6662,Anna Brown,32
6663,Emily Смирнов,81
6664,Anna Иванов,89
6665,Dmitry Кузнецов,64
6666,Иван Козлов,60
6667,Алексей Козлов,19
6668,John Williams,25
6669,Артем Лебедев,48
6670,Дмитрий Лебедев,20
6671,Александр Johnson,37
6672,Иван Кузнецов,59
6673,Emily Williams,51
6674,Дмитрий Garcia,71
6675,Алексей Петров,74
6676,Дмитрий Козлов,66
6677,Maria Johnson,61
6678,Sarah Петров,46
6679,Sarah Miller,74
6680,Dmitry Петров,71
6681,Николай Козлов,24
6682,Максим Сидоров,36
6683,Сергей Smith,69
6684,Sarah Davis,64
6685,Александр Garcia,45
6686,Maria Garcia,22
6687,Иван Лебедев,75
6688,Андрей Кузнецов,71
6689,Михаил Davis,22
6690,Elena Кузнецов,43
6691,Сергей Johnson,68
6692,Emily Иванов,51
6693,Максим Смирнов,31
6694,Dmitry Волков,69
6695,Иван Johnson,50
6696,Артем Jones,90
6697,Николай Иванов,26
6698,Андрей Johnson,57
6699,Алексей Сидоров,84
6700,Артем Смирнов,89
6701,Сергей Williams,50
6702,Иван Smith,32
6703,Иван Williams,26
6704,Olga Brown,29
6705,Иван Сидоров,64
6706,Anna Смирнов,77
6707,Anna Miller,90
6708,Николай Волков,20
6709,Артем Brown,79
6710,Николай Garcia,67
6711,Максим Davis,32
6712,Михаил Петров,49
6713,Александр Козлов,57
6714,Emily Smith,32
6715,Михаил Miller,60
6716,Дмитрий Козлов,41
6717,Андрей Смирнов,72
6718,Александр Козлов,23
6719,Сергей Волков,41
6720,Maria Johnson,90
6721,Maria Davis,24
6722,Dmitry Davis,86
6723,Николай Johnson,41
6724,Дмитрий Лебедев,55
6725,Александр Johnson,25
6726,Elena Петров,28
6727,Michael Davis,67
6728,Иван Сидоров,22
6729,Дмитрий Garcia,58
6730,Николай Козлов,53
6731,Sarah Garcia,43
6732,Артем Волков,35
6733,Артем Garcia,33
6734,Иван Garcia,79
6735,Александр Garcia,21
6736,Николай Кузнецов,52
6737,Emily Garcia,70
6738,Elena Smith,59
6739,Николай Волков,77
6740,Алексей Miller,60
6741,Michael Jones,89
6742,Александр Сидоров,76
6743,Андрей Сидоров,24
6744,Андрей Сидоров,37
6745,Михаил Козлов,88
6746,Сергей Кузнецов,85
6747,Николай Garcia,26
6748,Alex Лебедев,90
6749,Александр Смирнов,78
6750,Anna Козлов,89
6751,Артем Петров,87
6752,Sarah Davis,32
6753,Андрей Brown,45
6754,Артем Smith,84
6755,Андрей Иванов,86
6756,Dmitry Garcia,33
6757,Anna Иванов,81
6758,Olga Smith,79
6759,Алексей Кузнецов,19
6760,Артем Лебедев,84
6761,Olga Williams,90
6762,John Garcia,56
6763,Michael Jones,47
6764,Sarah Кузнецов,53
6765,Алексей Козлов,36
6766,Николай Лебедев,62
6767,Maria Сидоров,36
6768,Maria Козлов,47
6769,Андрей Лебедев,29
6770,Андрей Петров,30
6771,Николай Brown,69
6772,Michael Смирнов,74
6773,Дмитрий Garcia,37
6774,Александр Johnson,32
6775,Dmitry Лебедев,32
6776,Максим Brown,38
6777,Максим Смирнов,50
6778,Elena Johnson,49
6779,Dmitry Лебедев,62
6780,Андрей Davis,19
6781,Elena Jones,33
6782,Elena Davis,40
6783,Emily Garcia,76
6784,Olga Волков,25
6785,John Smith,22
6786,Сергей Лебедев,56
6787,Emily Петров,26
6788,Михаил Смирнов,36
6789,Anna Сидоров,45
6790,Alex Smith,65
6791,Olga Кузнецов,35
6792,Алексей Лебедев,52
6793,Anna Козлов,44
6794,Sarah Волков,69
6795,Андрей Smith,68
6796,Дмитрий Кузнецов,61
6797,Elena Miller,25
6798,John Смирнов,66
6799,John Smith,66
6800,Николай Волков,84
6801,Максим Smith,49
6802,Dmitry Davis,59
6803,Anna Лебедев,39
6804,Михаил Лебедев,48
6805,Михаил Лебедев,63
6806,Anna Лебедев,28
6807,Elena Козлов,53
6808,Elena Johnson,60
6809,Александр Johnson,89
6810,John Garcia,36
6811,Алексей Кузнецов,55
6812,Elena Иванов,76
6813,Maria Brown,31
6814,Артем Brown,78
6815,Сергей Лебедев,58
6816,Михаил Davis,43
6817,Александр Кузнецов,76
6818,Максим Garcia,56
6819,Michael Smith,88
6820,Maria Davis,37
6821,Артем Williams,40
6822,Elena Jones,52
6823,Olga Смирнов,68
6824,Sarah Сидоров,55
6825,Сергей Лебедев,51
6826,Alex Сидоров,88
6827,Elena Smith,79
6828,Emily Волков,21
6829,Андрей Кузнецов,66
6830,Артем Smith,25
6831,Michael Козлов,20
6832,Дмитрий Сидоров,65
6833,Михаил Лебедев,65
6834,Alex Brown,50
6835,Olga Козлов,76
6836,Иван Miller,61
6837,Dmitry Williams,42
6838,Sarah Garcia,22
6839,Сергей Волков,74
6840,Maria Смирнов,46
6841,Александр Brown,70
6842,Michael Brown,74
6843,Максим Brown,56
6844,Emily Brown,61
6845,Максим Сидоров,48
6846,Сергей Смирнов,67
6847,Максим Jones,33
6848,Anna Brown,72
6849,Максим Williams,88
6850,Дмитрий Brown,49
6851,John Brown,33
6852,Николай Лебедев,19
6853,Александр Garcia,68
6854,Michael Miller,30
6855,Anna Сидоров,19
6856,Дмитрий Davis,58
6857,John Johnson,44
6858,Артем Иванов,38
6859,Emily Смирнов,18
6860,Sarah Brown,36
6861,Артем Козлов,50
6862,Максим Сидоров,76
6863,Максим Лебедев,55
6864,Emily Smith,59
6865,Elena Волков,23
6866,Maria Williams,59
6867,Иван Кузнецов,54
6868,Михаил Garcia,64
6869,Андрей Brown,77
6870,Sarah Smith,37
6871,Александр Brown,58
6872,Николай Сидоров,71
6873,Olga Johnson,72
6874,Александр Козлов,25
6875,Michael Smith,30
6876,Сергей Сидоров,59
6877,Артем Смирнов,70
6878,Emily Garcia,57
6879,Сергей Кузнецов,54
6880,Алексей Johnson,51
6881,Michael Иванов,29
6882,Dmitry Davis,61
6883,Сергей Волков,39
6884,Андрей Смирнов,75
6885,Dmitry Garcia,90
6886,Иван Кузнецов,37
6887,Olga Brown,59
6888,Дмитрий Волков,30
6889,Elena Козлов,86
6890,Андрей Miller,45
6891,Сергей Davis,59
6892,Михаил Петров,60
6893,Dmitry Jones,70
6894,Максим Miller,90
6895,Sarah Волков,61
6896,Michael Смирнов,76
6897,Elena Davis,77
6898,Андрей Davis,25
6899,Александр Brown,76
6900,Michael Козлов,24
6901,Дмитрий Сидоров,59
6902,Anna Jones,29
6903,Иван Козлов,86
6904,Emily Лебедев,80
6905,Dmitry Garcia,84
6906,Emily Garcia,61
6907,Michael Garcia,64
6908,Александр Williams,30
6909,Артем Сидоров,75
6910,Максим Лебедев,29
6911,John Сидоров,56
6912,Михаил Козлов,31
6913,John Лебедев,27
6914,Дмитрий Jones,63
6915,Sarah Волков,50
6916,John Williams,34
6917,Дмитрий Лебедев,67
6918,Артем Brown,22
6919,Иван Smith,77
6920,John Jones,45
6921,Сергей Brown,22
6922,Алексей Smith,50
6923,Olga Davis,19
6924,Николай Смирнов,71
6925,Olga Лебедев,41
6926,Максим Miller,22
6927,Алексей Johnson,82
6928,Артем Garcia,47
6929,Alex Козлов,55
6930,Артем Jones,75
6931,Anna Петров,71
6932,Дмитрий Smith,88
6933,Dmitry Davis,19
6934,Olga Davis,55
6935,Dmitry Лебедев,47
6936,Сергей Лебедев,25
6937,John Davis,57
6938,Maria Волков,61
6939,Александр Сидоров,27
6940,Андрей Garcia,35
6941,Дмитрий Jones,83
6942,Николай Williams,18
6943,Александр Miller,28
6944,Elena Петров,71
6945,Артем Козлов,25
6946,Андрей Петров,70
6947,Александр Davis,74
6948,Михаил Williams,71
6949,John Смирнов,31
6950,Sarah Волков,41
6951,Максим Петров,22
6952,Михаил Jones,48
6953,Sarah Johnson,78
6954,Anna Кузнецов,24
6955,Elena Петров,42
6956,Elena Brown,18
6957,Александр Brown,84
6958,Maria Williams,19
6959,Dmitry Johnson,54
6960,Elena Jones,46
6961,Дмитрий Иванов,64
6962,Андрей Garcia,70
6963,Максим Garcia,19
6964,Sarah Jones,84
6965,Максим Brown,40
6966,Михаил Иванов,90
6967,Артем Davis,38
6968,Emily Петров,80
6969,Maria Miller,58
6970,Дмитрий Сидоров,77
6971,Alex Козлов,29
6972,Michael Jones,25
6973,Elena Смирнов,55
6974,Emily Jones,51
6975,Anna Козлов,66
6976,Сергей Петров,20
6977,Николай Иванов,77
6978,Михаил Иванов,77
6979,Алексей Miller,42
6980,John Сидоров,40
6981,Alex Miller,35
6982,Olga Кузнецов,62
6983,Emily Волков,57
6984,Olga Козлов,59
6985,Сергей Петров,35
6986,Алексей Козлов,33
6987,Olga Петров,22
6988,Иван Волков,20
6989,Dmitry Jones,76
6990,Андрей Петров,41
6991,Дмитрий Кузнецов,76
6992,Anna Смирнов,74
6993,Артем Козлов,35
6994,John Garcia,76
6995,Артем Williams,60
6996,Николай Кузнецов,53
6997,Артем Garcia,49
6998,Николай Волков,44
6999,Sarah Jones,74
7000,John Волков,60
7001,Olga Johnson,60
7002,Maria Garcia,88
7003,Андрей Кузнецов,52
7004,Dmitry Петров,45
7005,Maria Сидоров,31
7006,Elena Иванов,78
7007,Sarah Сидоров,82
7008,Михаил Brown,78
7009,John Jones,48
7010,Артем Miller,86
7011,Elena Smith,73
7012,Dmitry Сидоров,32
7013,Alex Козлов,90
7014,Михаил Лебедев,42
7015,Александр Кузнецов,70
7016,Николай Козлов,47
7017,Александр Волков,33
7018,Дмитрий Лебедев,88
7019,Michael Williams,44
7020,Алексей Jones,47
7021,Elena Brown,26
7022,Michael Miller,48
7023,Maria Jones,48
7024,Михаил Johnson,80
7025,Anna Волков,47
7026,Михаил Garcia,42
7027,Сергей Garcia,30
7028,Elena Smith,37
7029,Николай Козлов,79
7030,Alex Сидоров,50
7031,Николай Иванов,90
7032,Alex Miller,35
7033,Maria Williams,48
7034,Dmitry Davis,61
7035,Elena Smith,42
7036,Алексей Miller,50
7037,Иван Иванов,89
7038,Sarah Smith,79
7039,Alex Smith,84
7040,Александр Кузнецов,35
7041,Николай Jones,23
7042,Dmitry Смирнов,44
7043,Сергей Иванов,61
7044,Иван Смирнов,84
7045,Андрей Garcia,18
7046,Алексей Кузнецов,39
7047,Сергей Williams,48
7048,Dmitry Brown,68
7049,Alex Garcia,22
7050,Михаил Иванов,32
7051,Николай Петров,25
7052,Emily Лебедев,56
7053,Sarah Иванов,86
7054,Иван Jones,32
7055,Максим Davis,28
7056,Александр Davis,59
7057,Андрей Garcia,45
7058,John Петров,71
7059,Maria Волков,84
7060,Maria Johnson,33
7061,Андрей Смирнов,21
7062,Olga Иванов,18
7063,Николай Smith,90
7064,Olga Brown,18
7065,Emily Кузнецов,64
7066,Николай Лебедев,55
7067,Алексей Волков,52
7068,Александр Miller,71
7069,Сергей Miller,88
7070,Michael Miller,71
7071,Olga Кузнецов,52
7072,Александр Davis,90
7073,Михаил Смирнов,31
7074,Dmitry Сидоров,48
7075,Артем Brown,39
7076,Максим Сидоров,63
7077,Emily Смирнов,43
7078,Александр Brown,35
7079,Александр Иванов,29
7080,Артем Сидоров,46
7081,Anna Brown,21
7082,Elena Волков,58
7083,Elena Smith,39
7084,Михаил Johnson,50
7085,Николай Smith,52
7086,Николай Jones,26
7087,Дмитрий Волков,54
7088,Артем Williams,84
7089,Elena Козлов,68
7090,Дмитрий Davis,45
7091,Dmitry Johnson,35
7092,Дмитрий Лебедев,46
7093,Андрей Brown,37
7094,Алексей Петров,20
7095,Anna Лебедев,72
7096,Артем Williams,37
7097,Emily Волков,45
7098,Михаил Jones,41
7099,Michael Davis,47
7100,Anna Johnson,51
7101,Александр Сидоров,29
7102,Olga Иванов,69
7103,Андрей Davis,49
7104,Сергей Смирнов,71
7105,Michael Волков,78
7106,Николай Garcia,23
7107,Михаил Smith,60
7108,Алексей Davis,32
7109,Николай Johnson,41
7110,Дмитрий Brown,71
7111,Артем Волков,25
7112,Артем Garcia,27
7113,Максим Williams,86
7114,Dmitry Jones,43
7115,Артем Кузнецов,34
7116,Maria Davis,22
7117,Emily Smith,54
7118,Anna Лебедев,49
7119,Maria Jones,19
7120,Alex Волков,66
7121,Michael Brown,87
7122,Michael Garcia,62
7123,Michael Сидоров,39
7124,Сергей Jones,39
7125,Сергей Johnson,61
7126,Alex Brown,18
7127,Максим Волков,53
7128,Sarah Jones,76
7129,Дмитрий Davis,46
7130,Александр Сидоров,56
7131,Артем Лебедев,59
7132,Артем Иванов,77
7133,Olga Козлов,30
7134,John Jones,87
7135,Андрей Смирнов,80
7136,Максим Иванов,27
7137,Sarah Johnson,80
7138,John Miller,68
7139,Dmitry Петров,72
7140,Dmitry Jones,41
7141,Артем Garcia,39
7142,Алексей Smith,45
7143,Андрей Johnson,79
7144,John Johnson,55
7145,Михаил Козлов,54
7146,Дмитрий Smith,67
7147,Андрей Jones,66
7148,Андрей Смирнов,58
7149,Alex Кузнецов,77
7150,Dmitry Brown,72
7151,Maria Smith,28
7152,Alex Смирнов,72
7153,Иван Williams,83
7154,Emily Brown,23
7155,Александр Козлов,32
7156,Alex Jones,78
7157,Дмитрий Петров,40
7158,Михаил Williams,84
7159,Maria Miller,25
7160,Артем Смирнов,30
7161,Алексей Волков,26
7162,Dmitry Волков,25
7163,Emily Smith,57
7164,Андрей Jones,33
7165,Anna Сидоров,31
7166,Сергей Smith,80
7167,Olga Brown,32
7168,Maria Williams,38
7169,Sarah Петров,79
7170,Александр Кузнецов,64
7171,Elena Волков,32
7172,Сергей Miller,49
7173,Elena Garcia,49
7174,Alex Miller,52
7175,Максим Петров,18
7176,Артем Козлов,70
7177,Michael Лебедев,74
7178,Michael Кузнецов,59
7179,Olga Brown,57
7180,Артем Brown,73
7181,Dmitry Johnson,30
7182,Иван Смирнов,71
7183,Михаил Davis,84
7184,Maria Johnson,30
7185,Сергей Лебедев,69
7186,Дмитрий Miller,84
7187,Алексей Smith,45
7188,Anna Сидоров,63
7189,Michael Сидоров,24
7190,Иван Smith,23
7191,Сергей Garcia,71
7192,Александр Сидоров,41
7193,Sarah Miller,76
7194,Максим Garcia,43
7195,Maria Miller,55
7196,Артем Davis,84
7197,John Кузнецов,20
7198,Артем Сидоров,26
7199,Michael Кузнецов,64
7200,Михаил Johnson,78
7201,Сергей Петров,48
7202,Артем Miller,61
7203,Николай Garcia,71
7204,Александр Miller,84
7205,John Петров,60
7206,Olga Кузнецов,54
7207,Николай Петров,30
7208,Olga Смирнов,29
7209,Maria Johnson,55
7210,Olga Козлов,67
7211,Сергей Волков,22
7212,Дмитрий Кузнецов,77
7213,Михаил Smith,74
7214,Николай Иванов,29
7215,Sarah Jones,32
7216,John Кузнецов,62
7217,Elena Иванов,60
7218,Артем Лебедев,46
7219,Elena Петров,55
7220,Alex Лебедев,82
7221,Андрей Brown,34
7222,Olga Лебедев,71
7223,Сергей Сидоров,70
7224,Sarah Jones,80
7225,Александр Garcia,84
7226,Anna Иванов,40
7227,Emily Козлов,50
7228,Alex Петров,52
7229,Alex Miller,21
7230,Emily Иванов,35
7231,Дмитрий Williams,54
7232,Николай Смирнов,41
7233,Дмитрий Иванов,58
7234,Александр Brown,81
7235,Алексей Davis,51
7236,Sarah Miller,24
7237,Андрей Jones,74
7238,Maria Williams,50
7239,Михаил Brown,41
7240,Alex Williams,68
7241,Михаил Кузнецов,19
7242,Anna Jones,23
7243,Michael Иванов,51
7244,Anna Smith,80
7245,Андрей Иванов,66
7246,Артем Петров,38
7247,Сергей Иванов,83
7248,Anna Smith,73
7249,Anna Лебедев,45
7250,Михаил Williams,65
7251,Александр Смирнов,77
7252,Michael Jones,60
7253,Dmitry Козлов,34
7254,Александр Brown,33
7255,Максим Иванов,49
7256,Elena Johnson,51
7257,Olga Davis,69
7258,Николай Смирнов,33
7259,Михаил Miller,25
7260,Olga Петров,50
7261,Михаил Козлов,30
7262,Michael Williams,44
7263,Elena Лебедев,41
7264,Сергей Кузнецов,43
7265,Michael Иванов,68
7266,Sarah Garcia,28
7267,Николай Лебедев,79
7268,Michael Jones,62
7269,Артем Козлов,48
7270,Артем Miller,41
7271,Андрей Смирнов,63
7272,Дмитрий Davis,19
7273,Emily Jones,36
7274,Anna Петров,56
7275,Olga Williams,73
7276,Olga Jones,66
7277,Maria Иванов,56
7278,Elena Козлов,90
7279,Дмитрий Johnson,22
7280,Alex Козлов,20
7281,Михаил Davis,58
7282,Olga Сидоров,68
7283,Иван Лебедев,18
7284,Elena Смирнов,31
7285,Михаил Smith,68
7286,Emily Иванов,19
7287,Elena Кузнецов,66
7288,Артем Brown,49
7289,Sarah Davis,81
7290,Артем Сидоров,86
7291,Александр Williams,70
7292,Николай Brown,30
7293,John Козлов,24
7294,Николай Miller,24
7295,Николай Davis,28
7296,Dmitry Davis,74
7297,Николай Кузнецов,71
7298,Дмитрий Williams,59
7299,Николай Miller,86
7300,Алексей Петров,87
7301,Sarah Волков,81
7302,Olga Иванов,36
7303,Alex Smith,81
7304,Артем Иванов,74
7305,Александр Кузнецов,63
7306,Михаил Лебедев,37
7307,Maria Смирнов,84
7308,Иван Davis,29
7309,Алексей Лебедев,56
7310,Алексей Johnson,56
7311,Максим Иванов,76
7312,Сергей Brown,24
7313,Alex Johnson,23
7314,Olga Smith,56
7315,Elena Williams,48
7316,Emily Davis,81
7317,Иван Johnson,28
7318,Артем Лебедев,61
7319,Николай Козлов,90
7320,Maria Петров,27
7321,Alex Козлов,50
7322,Дмитрий Иванов,41
7323,Александр Смирнов,70
7324,Michael Miller,61
7325,Николай Волков,42
7326,Дмитрий Smith,47
7327,Михаил Williams,56
7328,Anna Smith,86
7329,Сергей Лебедев,31
7330,Anna Williams,66
7331,Dmitry Петров,85
7332,Emily Сидоров,80
7333,Александр Williams,37
7334,Иван Лебедев,41
7335,Сергей Smith,44
7336,Michael Brown,56
7337,Olga Brown,58
7338,Александр Davis,30
7339,Dmitry Smith,54
7340,Emily Davis,82
7341,Alex Jones,45
7342,Андрей Garcia,87
7343,Михаил Волков,56
7344,John Сидоров,46
7345,John Смирнов,20
7346,Emily Петров,23
7347,Anna Сидоров,82
7348,Emily Williams,36
7349,Elena Jones,45
7350,Андрей Иванов,54
7351,Elena Miller,50
7352,Николай Иванов,58
7353,John Козлов,48
7354,Olga Garcia,23
7355,Elena Петров,40
7356,Сергей Кузнецов,58
7357,Sarah Смирнов,65
7358,Дмитрий Smith,81
7359,Николай Волков,85
7360,Михаил Johnson,66
7361,Anna Лебедев,21
7362,Olga Johnson,80
7363,Александр Кузнецов,87
7364,Elena Miller,57
7365,Dmitry Кузнецов,56
7366,Elena Miller,20
7367,Michael Jones,84
7368,Александр Иванов,56
7369,Артем Garcia,88
7370,John Петров,59
7371,Olga Johnson,32
7372,Андрей Brown,19
7373,John Davis,29
7374,Olga Смирнов,62
7375,Михаил Козлов,38
7376,Андрей Волков,89
7377,Артем Смирнов,24
7378,Maria Davis,71
7379,Emily Jones,89
7380,Иван Miller,42
7381,Elena Кузнецов,30
7382,Михаил Miller,43
7383,Артем Сидоров,29
7384,Alex Смирнов,47
7385,Максим Петров,80
7386,Elena Jones,42
7387,Максим Кузнецов,40
7388,Артем Jones,78
7389,Алексей Williams,19
7390,Anna Козлов,54
7391,Александр Смирнов,54
7392,Сергей Jones,39
7393,Alex Miller,72
7394,Николай Волков,59
7395,Максим Johnson,30
7396,Александр Brown,83
7397,Alex Miller,31
7398,Elena Miller,39
7399,John Кузнецов,75
7400,Артем Smith,53
7401,Андрей Johnson,56
7402,Sarah Смирнов,18
7403,Maria Miller,88
7404,Alex Лебедев,72
7405,Дмитрий Лебедев,71
7406,Emily Williams,56
7407,Сергей Brown,37
7408,Александр Петров,67
7409,Sarah Jones,76
7410,Иван Волков,46
7411,Максим Jones,83
7412,Olga Davis,75
7413,Alex Garcia,25
7414,Николай Jones,43
7415,Иван Garcia,37
7416,Anna Brown,28
7417,Андрей Лебедев,86
7418,Максим Козлов,80
7419,Emily Miller,58
7420,Дмитрий Лебедев,23
7421,Michael Смирнов,38
7422,Николай Лебедев,64
7423,Александр Johnson,77
7424,Olga Сидоров,54
7425,Alex Brown,61
7426,Сергей Williams,49
7427,Алексей Jones,59
7428,Alex Miller,45
7429,Elena Кузнецов,24
7430,Dmitry Davis,32
7431,Michael Garcia,55
7432,Сергей Davis,36
7433,Michael Garcia,20
7434,Alex Волков,48
7435,Иван Miller,41
7436,Emily Петров,66
7437,Михаил Smith,63
7438,Alex Smith,89
7439,Михаил Козлов,37
7440,Сергей Смирнов,24
7441,Emily Brown,63
7442,Николай Smith,29
7443,Olga Козлов,90
7444,Алексей Smith,33
7445,Иван Иванов,61
7446,Александр Williams,66
7447,Maria Johnson,71
7448,Michael Davis,65
7449,Александр Jones,79
7450,Emily Williams,79
7451,Dmitry Johnson,82
7452,Сергей Волков,29
7453,Артем Davis,46
7454,Alex Brown,46
7455,Андрей Козлов,73
7456,Иван Johnson,31
7457,Olga Сидоров,37
7458,Андрей Brown,50
7459,Дмитрий Смирнов,78
7460,Николай Miller,59
7461,Александр Williams,56
7462,Emily Козлов,83
7463,Dmitry Лебедев,87
7464,Сергей Петров,52
7465,Николай Williams,63
7466,Максим Волков,88
7467,Olga Смирнов,40
7468,Дмитрий Garcia,38
7469,Dmitry Garcia,83
7470,Alex Smith,42
7471,Alex Johnson,78
7472,Anna Davis,61
7473,Dmitry Garcia,43
7474,Elena Петров,74
7475,Сергей Williams,81
7476,Дмитрий Garcia,79
7477,Michael Johnson,49
7478,Николай Лебедев,71
7479,Дмитрий Davis,52
7480,Elena Волков,82
7481,Alex Иванов,81
7482,Anna Петров,35
7483,John Miller,52
7484,Michael Сидоров,70
7485,Сергей Garcia,50
7486,Emily Williams,88
7487,John Волков,55
7488,Emily Brown,20
7489,Sarah Williams,67
7490,Михаил Волков,62
7491,Артем Miller,38
7492,Николай Miller,27
7493,Дмитрий Петров,74
7494,Андрей Сидоров,66
7495,Olga Петров,63
7496,Emily Johnson,33
7497,Александр Garcia,28
7498,Николай Williams,65
7499,Михаил Иванов,54
7500,Anna Brown,62
7501,Александр Smith,89
7502,Sarah Петров,45
7503,Michael Smith,36
7504,Иван Williams,27
7505,Алексей Jones,18
7506,Максим Johnson,42
7507,Михаил Garcia,66
7508,Anna Jones,34
7509,Сергей Козлов,45
7510,Андрей Козлов,54
7511,Elena Лебедев,87
7512,Anna Johnson,71
7513,Андрей Сидоров,90
7514,Алексей Волков,48
7515,Сергей Сидоров,60
7516,Максим Williams,89
7517,John Лебедев,24
7518,Alex Сидоров,53
7519,Николай Сидоров,89
7520,Алексей Сидоров,60
7521,Николай Jones,87
7522,Alex Лебедев,66
7523,Sarah Jones,77
7524,John Brown,68
7525,Maria Williams,88
7526,Maria Miller,39
7527,Anna Смирнов,40
7528,Дмитрий Johnson,53
7529,Sarah Davis,27
7530,Максим Козлов,48
7531,John Johnson,19
7532,Андрей Кузнецов,26
7533,Maria Jones,41
7534,Александр Davis,61
7535,Sarah Miller,51
7536,Anna Davis,37
7537,Максим Лебедев,55
7538,Дмитрий Сидоров,72
7539,Dmitry Волков,41
7540,Elena Miller,36
7541,Maria Волков,43
7542,Emily Miller,19
7543,Maria Garcia,79
7544,Иван Смирнов,89
7545,Сергей Davis,37
7546,Артем Johnson,86
7547,Maria Козлов,49
7548,Алексей Brown,87
7549,Михаил Кузнецов,63
7550,Александр Jones,60
7551,John Иванов,35
7552,Dmitry Сидоров,70
7553,Alex Петров,65
7554,Александр Garcia,37
7555,Максим Smith,49
7556,Sarah Williams,38
7557,Alex Garcia,81
7558,Elena Williams,30
7559,Андрей Козлов,54
7560,Александр Иванов,51
7561,Дмитрий Williams,37
7562,Olga Волков,88
7563,Dmitry Smith,81
7564,Дмитрий Brown,20
7565,Elena Jones,51
7566,Максим Jones,53
7567,Максим Иванов,22
7568,Артем Смирнов,71
7569,Anna Brown,37
7570,Dmitry Johnson,83
7571,Артем Williams,39
7572,Иван Лебедев,39
7573,Максим Иванов,81
7574,Дмитрий Williams,69
7575,Elena Кузнецов,21
7576,Сергей Петров,63
7577,Dmitry Miller,57
7578,Sarah Смирнов,80
7579,Emily Smith,63
7580,Anna Johnson,77
7581,Алексей Garcia,80
7582,John Davis,85
7583,Dmitry Кузнецов,61
7584,Elena Smith,32
7585,Elena Davis,82
7586,Андрей Miller,23
7587,Михаил Сидоров,68
7588,Алексей Сидоров,45
7589,Michael Johnson,73
7590,Emily Smith,32
7591,Александр Johnson,42
7592,Дмитрий Козлов,67
7593,Максим Волков,85
7594,Anna Козлов,33
7595,Сергей Сидоров,22
7596,Александр Johnson,62
7597,Sarah Miller,25
7598,Александр Williams,40
7599,Michael Williams,42
7600,Артем Лебедев,60
7601,Sarah Brown,76
7602,Sarah Jones,79
7603,Emily Miller,79
7604,Alex Brown,46
7605,Сергей Garcia,44
7606,Michael Davis,43
7607,Dmitry Smith,42
7608,Александр Davis,51
7609,Elena Brown,40
7610,Артем Лебедев,62
7611,Sarah Williams,79
7612,Артем Волков,84
7613,Сергей Козлов,59
7614,Maria Miller,75
7615,John Garcia,86
7616,Дмитрий Jones,46
7617,Sarah Петров,83
7618,Максим Кузнецов,66
7619,Михаил Волков,42
7620,Maria Williams,87
7621,Michael Смирнов,80
7622,Michael Сидоров,20
7623,Александр Кузнецов,35
7624,Michael Davis,65
7625,Андрей Волков,33
7626,Дмитрий Смирнов,81
7627,Olga Волков,46
7628,Maria Jones,84
7629,Emily Brown,21
7630,Андрей Волков,46
7631,Николай Иванов,32
7632,Sarah Smith,61
7633,Anna Williams,19
7634,Алексей Garcia,66
7635,Алексей Smith,45
7636,Александр Garcia,75
7637,Olga Козлов,70
7638,Иван Волков,56
7639,Anna Garcia,56
7640,Александр Кузнецов,29
7641,Olga Иванов,66
7642,Алексей Brown,90
7643,Андрей Brown,49
7644,Dmitry Brown,90
7645,Anna Jones,73
7646,Максим Williams,38
7647,Артем Волков,41
7648,Olga Williams,89
7649,Emily Кузнецов,25
7650,Elena Козлов,90
7651,Максим Brown,81
7652,Maria Johnson,90
7653,Максим Smith,55
7654,Максим Сидоров,21
7655,Emily Smith,65
7656,Алексей Smith,86
7657,Николай Brown,31
7658,Дмитрий Davis,55
7659,Michael Кузнецов,47
7660,Александр Петров,72
7661,Алексей Петров,67
7662,Алексей Smith,75
7663,Николай Miller,55
7664,Alex Jones,63
7665,Sarah Miller,86
7666,Михаил Петров,71
7667,Sarah Garcia,52
7668,Michael Смирнов,69
7669,Dmitry Davis,68
7670,Sarah Johnson,37
7671,Сергей Smith,74
7672,Дмитрий Jones,75
7673,Dmitry Miller,21
7674,Сергей Козлов,78
7675,Michael Davis,54
7676,Дмитрий Сидоров,83
7677,John Смирнов,77
7678,Сергей Сидоров,42
7679,Алексей Brown,69
7680,Иван Davis,73
7681,Максим Волков,69
7682,Сергей Петров,60
7683,Emily Brown,44
7684,Дмитрий Davis,46
7685,Dmitry Jones,70
7686,Emily Лебедев,29
7687,Olga Козлов,44
7688,Emily Сидоров,47
7689,Maria Кузнецов,62
7690,Максим Johnson,40
7691,Emily Кузнецов,72
7692,Maria Garcia,33
7693,Алексей Williams,45
7694,Андрей Garcia,75
7695,Alex Davis,56
7696,Сергей Brown,81
7697,Михаил Johnson,81
7698,Anna Williams,75
7699,Dmitry Петров,35
7700,Elena Сидоров,46
7701,Алексей Смирнов,22
7702,Dmitry Волков,74
7703,Николай Smith,18
7704,Артем Smith,66
7705,Николай Смирнов,51
7706,Alex Кузнецов,59
7707,Артем Williams,23
7708,Emily Сидоров,39
7709,Дмитрий Johnson,31
7710,Michael Jones,47
7711,John Кузнецов,54
7712,Николай Сидоров,68
7713,Иван Miller,68
7714,Николай Лебедев,22
7715,Sarah Петров,40
7716,Alex Johnson,38
7717,Николай Johnson,68
7718,Артем Лебедев,36
7719,Anna Williams,61
7720,Sarah Лебедев,21
7721,Maria Козлов,40
7722,Иван Смирнов,59
7723,Dmitry Кузнецов,71
7724,Michael Smith,41
7725,Maria Кузнецов,23
7726,Michael Лебедев,39
7727,Михаил Davis,82
7728,Михаил Williams,58
7729,Maria Козлов,39
7730,Emily Петров,42
7731,Elena Иванов,78
7732,Michael Сидоров,68
7733,Максим Williams,44
7734,Андрей Smith,79
7735,Olga Jones,49
7736,Артем Лебедев,86
7737,Olga Козлов,77
7738,Maria Кузнецов,59
7739,Алексей Williams,70
7740,Андрей Jones,60
7741,Александр Jones,88
7742,Olga Jones,86
7743,Николай Davis,68
7744,Sarah Davis,25
7745,Alex Петров,27
7746,Maria Козлов,75
7747,Андрей Кузнецов,41
7748,Максим Петров,60
7749,Sarah Волков,23
7750,Dmitry Сидоров,33
7751,Maria Jones,51
7752,Александр Козлов,71
7753,Артем Williams,51
7754,Иван Smith,59
7755,Michael Smith,19
7756,Михаил Johnson,53
7757,Elena Иванов,38
7758,Сергей Сидоров,33
7759,Maria Davis,19
7760,Dmitry Смирнов,28
7761,Алексей Johnson,84
7762,Alex Williams,77
7763,Elena Davis,81
7764,Michael Волков,28
7765,Александр Davis,56
7766,Maria Сидоров,56
7767,Михаил Brown,83
7768,John Смирнов,80
7769,Николай Jones,26
7770,Olga Волков,78
7771,Андрей Козлов,22
7772,Alex Davis,85
7773,Максим Williams,35
7774,Иван Волков,18
7775,Андрей Лебедев,48
7776,John Williams,37
7777,Артем Johnson,84
7778,Olga Davis,54
7779,Сергей Williams,62
7780,Olga Brown,22
7781,Иван Лебедев,19
7782,John Сидоров,57
7783,Михаил Петров,55
7784,Michael Johnson,46
7785,Алексей Козлов,35
7786,John Jones,79
7787,Артем Smith,67
7788,John Смирнов,26
7789,Emily Кузнецов,69
7790,Sarah Иванов,48
7791,Elena Jones,52
7792,Дмитрий Johnson,26
7793,Anna Williams,84
7794,Михаил Smith,36
7795,Elena Кузнецов,56
7796,Дмитрий Смирнов,25
7797,Sarah Петров,27
7798,Emily Johnson,73
7799,Michael Иванов,43
7800,Максим Волков,34
7801,Alex Miller,55
7802,Anna Петров,65
7803,Николай Williams,43
7804,Sarah Иванов,69
7805,Максим Кузнецов,18
7806,Александр Петров,77
7807,Михаил Jones,85
7808,Alex Иванов,61
7809,Olga Козлов,51
7810,Артем Смирнов,42
7811,Maria Козлов,29
7812,Александр Козлов,75
7813,Андрей Смирнов,87
7814,Emily Кузнецов,66
7815,Иван Лебедев,85
7816,Maria Лебедев,89
7817,Alex Иванов,48
7818,Emily Козлов,64
7819,Olga Garcia,61
7820,Сергей Jones,69
7821,Максим Сидоров,26
7822,John Волков,26
7823,Николай Иванов,43
7824,Elena Johnson,90
7825,Olga Волков,79
7826,Николай Smith,24
7827,Александр Johnson,54
7828,Michael Смирнов,54
7829,Николай Brown,47
7830,Николай Jones,22
7831,Иван Johnson,27
7832,Michael Козлов,25
7833,Michael Garcia,47
7834,Николай Johnson,47
7835,Михаил Кузнецов,18
7836,Михаил Johnson,76
7837,Elena Смирнов,45
7838,Elena Miller,22
7839,Артем Miller,64
7840,Максим Смирнов,55
7841,Александр Williams,36
7842,Emily Сидоров,51
7843,Elena Лебедев,87
7844,Андрей Miller,59
7845,Николай Williams,47
7846,Olga Garcia,41
7847,Николай Козлов,23
7848,John Козлов,36
7849,John Johnson,78
7850,John Garcia,49
7851,Michael Brown,55
7852,Sarah Иванов,52
7853,John Miller,83
7854,Сергей Иванов,45
7855,Сергей Johnson,18
7856,Артем Miller,61
7857,Дмитрий Garcia,89
7858,Olga Johnson,33
7859,Olga Волков,69
7860,Dmitry Miller,70
7861,Alex Smith,77
7862,Николай Brown,78
7863,Emily Кузнецов,48
7864,Anna Johnson,21
7865,John Brown,72
7866,Артем Козлов,21
7867,Сергей Smith,20
7868,Michael Garcia,39
7869,Olga Лебедев,63
7870,Михаил Лебедев,52
7871,Андрей Сидоров,68
7872,John Смирнов,23
7873,Сергей Козлов,48
7874,John Davis,48
7875,Николай Козлов,63
7876,Elena Сидоров,56
7877,Olga Козлов,63
7878,Elena Brown,54
7879,Дмитрий Brown,59
7880,Dmitry Johnson,90
7881,Dmitry Brown,77
7882,John Иванов,80
7883,Michael Кузнецов,42
7884,Maria Козлов,33
7885,Александр Johnson,62
7886,Michael Иванов,43
7887,Андрей Garcia,46
7888,Сергей Miller,51
7889,Michael Garcia,82
7890,Дмитрий Смирнов,47
7891,Сергей Иванов,40
7892,Иван Brown,90
7893,Николай Кузнецов,62
7894,John Смирнов,46
7895,Alex Смирнов,27
7896,Дмитрий Лебедев,29
7897,Александр Петров,71
7898,Olga Сидоров,62
7899,Maria Петров,42
7900,Алексей Волков,39
7901,Anna Garcia,57
7902,Сергей Лебедев,22
7903,Alex Кузнецов,26
7904,Emily Johnson,87
7905,Maria Smith,78
7906,Александр Смирнов,29
7907,Михаил Смирнов,84
7908,Николай Петров,42
7909,Максим Garcia,38
7910,Алексей Brown,29
7911,Olga Сидоров,73
7912,Alex Сидоров,48
7913,Иван Miller,54
7914,Dmitry Иванов,34
7915,Максим Johnson,45
7916,Артем Garcia,37
7917,Николай Волков,22
7918,John Смирнов,50
7919,Michael Smith,38
7920,Сергей Jones,41
7921,Dmitry Brown,20
7922,Elena Miller,69
7923,Михаил Лебедев,71
7924,Артем Козлов,25
7925,Emily Miller,68
7926,Elena Garcia,43
7927,Дмитрий Smith,22
7928,Дмитрий Сидоров,41
7929,Anna Davis,84
7930,Sarah Brown,37
7931,Михаил Иванов,59
7932,Сергей Лебедев,76
7933,Sarah Козлов,60
7934,John Garcia,28
7935,John Кузнецов,86
7936,Emily Davis,51
7937,Максим Garcia,77
7938,Михаил Smith,38
7939,Максим Williams,57
7940,John Лебедев,29
7941,Elena Jones,75
7942,Михаил Волков,19
7943,Emily Smith,43
7944,Maria Miller,31
7945,Михаил Miller,27
7946,Michael Davis,90
7947,John Козлов,44
7948,Michael Волков,51
7949,Maria Кузнецов,22
7950,Максим Иванов,89
7951,John Смирнов,46
7952,Александр Johnson,67
7953,Михаил Волков,45
7954,Alex Лебедев,26
7955,Maria Brown,78
7956,Anna Сидоров,84
7957,Michael Петров,61
7958,Emily Волков,40
7959,Sarah Петров,57
7960,Максим Davis,23
7961,Андрей Williams,81
7962,Anna Miller,19
7963,Elena Jones,78
7964,Elena Williams,35
7965,Иван Козлов,90
7966,Emily Волков,28
7967,Olga Петров,72
7968,Anna Williams,79
7969,Emily Козлов,47
7970,Dmitry Jones,59
7971,Olga Jones,30
7972,Андрей Смирнов,61
7973,Maria Garcia,32
7974,Sarah Jones,73
7975,Дмитрий Garcia,52
7976,Максим Garcia,49
7977,Сергей Волков,63
7978,Sarah Smith,28
7979,Olga Smith,31
7980,Максим Лебедев,32
7981,Michael Brown,22
7982,Андрей Garcia,66
7983,Андрей Лебедев,21
7984,Александр Козлов,39
7985,Michael Лебедев,28
7986,John Miller,88
7987,Алексей Brown,76
7988,Андрей Miller,32
7989,Olga Williams,56
7990,Дмитрий Волков,35
7991,Michael Jones,89
7992,Maria Сидоров,59
7993,Elena Davis,68
7994,Дмитрий Сидоров,59
7995,Sarah Davis,82
7996,Артем Garcia,32
7997,Александр Johnson,84
7998,Dmitry Brown,55
7999,Emily Кузнецов,66
8000,Дмитрий Johnson,80
8001,Николай Лебедев,42
8002,Дмитрий Сидоров,61
8003,Сергей Johnson,76
8004,Алексей Johnson,78
8005,Anna Johnson,23
8006,Anna Сидоров,42
8007,Михаил Иванов,23
8008,Olga Johnson,62
8009,Сергей Кузнецов,20
8010,Андрей Иванов,90
8011,Алексей Davis,25
8012,Сергей Brown,56
8013,Андрей Лебедев,39
8014,Михаил Сидоров,27
8015,Сергей Miller,34
8016,Дмитрий Garcia,42
8017,Михаил Кузнецов,65
8018,Михаил Лебедев,21
8019,Anna Brown,45
8020,Michael Сидоров,52
8021,Dmitry Miller,37
8022,Максим Козлов,82
8023,Алексей Иванов,49
8024,Anna Johnson,76
8025,Elena Williams,24
8026,John Miller,62
8027,Sarah Williams,43
8028,Дмитрий Davis,49
8029,Иван Иванов,41
8030,Alex Кузнецов,87
8031,Emily Кузнецов,75
8032,Николай Смирнов,42
8033,John Петров,56
8034,Alex Волков,86
8035,Артем Jones,85
8036,John Smith,31
8037,Maria Davis,50
8038,Алексей Волков,69
8039,Maria Петров,77
8040,Алексей Jones,57
8041,Михаил Смирнов,67
8042,Артем Петров,46
8043,Alex Davis,86
8044,Дмитрий Davis,50
8045,Michael Jones,75
8046,Михаил Козлов,78
8047,Maria Johnson,90
8048,Alex Петров,45
8049,Александр Williams,39
8050,Андрей Miller,70
8051,Anna Williams,77
8052,Николай Волков,37
8053,Николай Петров,59
8054,Николай Иванов,23
8055,Николай Иванов,44
8056,Anna Кузнецов,43
8057,Sarah Davis,70
8058,Александр Brown,81
8059,Alex Garcia,84
8060,Александр Jones,69
8061,Sarah Johnson,42
8062,Anna Miller,50
8063,Elena Кузнецов,26
8064,Maria Иванов,74
8065,Николай Miller,18
8066,Dmitry Сидоров,74
8067,Maria Смирнов,21
8068,Николай Garcia,46
8069,Maria Сидоров,20
8070,Elena Волков,37
8071,Александр Кузнецов,71
8072,Michael Jones,37
8073,Alex Davis,31
8074,Андрей Смирнов,36
8075,Сергей Сидоров,78
8076,Alex Петров,68
8077,Alex Garcia,88
8078,Алексей Williams,68
8079,Elena Иванов,65
8080,Anna Miller,70
8081,Алексей Miller,77
8082,Алексей Волков,24
8083,John Козлов,68
8084,Sarah Козлов,73
8085,Alex Davis,64
8086,Dmitry Петров,56
8087,Alex Smith,65
8088,Александр Williams,79
8089,Olga Brown,54
8090,Иван Johnson,58
8091,Maria Козлов,62
8092,Максим Jones,37
8093,Elena Лебедев,89
8094,Александр Волков,39
8095,Michael Smith,65
8096,Anna Smith,50
8097,Dmitry Miller,34
8098,Maria Johnson,76
8099,Александр Brown,70
8100,Николай Лебедев,83
8101,Максим Смирнов,84
8102,Артем Williams,27
8103,Сергей Кузнецов,22
8104,Михаил Лебедев,47
8105,Sarah Петров,48
8106,Максим Miller,36
8107,Максим Smith,49
8108,Михаил Johnson,84
8109,Александр Волков,54
8110,Emily Garcia,27
8111,Михаил Smith,28
8112,Maria Козлов,41
8113,Андрей Кузнецов,18
8114,Olga Козлов,64
8115,Sarah Jones,49
8116,Михаил Johnson,67
8117,Anna Jones,60
8118,Сергей Козлов,68
8119,Дмитрий Brown,47
8120,Olga Сидоров,48
8121,Николай Johnson,59
8122,Dmitry Miller,31
8123,John Иванов,56
8124,Дмитрий Сидоров,47
8125,Артем Davis,82
8126,Дмитрий Волков,28
8127,Sarah Miller,27
8128,Алексей Кузнецов,76
8129,Дмитрий Волков,72
8130,Артем Волков,85
8131,Alex Волков,66
8132,Dmitry Сидоров,38
8133,Alex Smith,89
8134,Olga Петров,57
8135,Anna Miller,47
8136,Sarah Кузнецов,39
8137,Михаил Петров,19
8138,Николай Johnson,67
8139,Michael Miller,36
8140,Olga Иванов,66
8141,Сергей Jones,61
8142,Дмитрий Сидоров,72
8143,Сергей Jones,34
8144,Александр Волков,50
8145,John Козлов,21
8146,Michael Кузнецов,46
8147,Андрей Смирнов,58
8148,Иван Davis,55
8149,Максим Лебедев,71
8150,Михаил Петров,67
8151,Андрей Смирнов,68
8152,John Brown,80
8153,Dmitry Garcia,84
8154,Максим Johnson,50
8155,Olga Волков,24
8156,Sarah Петров,31
8157,Иван Лебедев,21
8158,Dmitry Петров,88
8159,Михаил Козлов,90
8160,Максим Козлов,57
8161,Сергей Williams,32
8162,Дмитрий Лебедев,22
8163,Алексей Smith,44
8164,Сергей Garcia,86
8165,Alex Петров,18
8166,Elena Лебедев,24
8167,Maria Brown,82
8168,Александр Miller,50
8169,Elena Miller,68
8170,Александр Волков,48
8171,Андрей Смирнов,60
8172,Alex Смирнов,57
8173,Иван Johnson,72
8174,Алексей Brown,55
8175,Михаил Сидоров,87
8176,Иван Miller,46
8177,Maria Смирнов,46
8178,John Brown,45
8179,Michael Сидоров,66
8180,Maria Brown,61
8181,Dmitry Smith,32
8182,John Волков,83
8183,Михаил Davis,68
8184,Михаил Brown,79
8185,Elena Иванов,78
8186,Михаил Williams,23
8187,Михаил Johnson,67
8188,Olga Лебедев,53
8189,Emily Смирнов,88
8190,Сергей Miller,37
8191,Maria Smith,27
8192,Maria Кузнецов,84
8193,Sarah Волков,23
8194,John Иванов,50
8195,Dmitry Петров,18
8196,Алексей Петров,55
8197,Дмитрий Смирнов,71
8198,Maria Смирнов,77
8199,Иван Garcia,21
8200,Sarah Garcia,71
8201,John Williams,33
8202,Николай Кузнецов,64
8203,Михаил Лебедев,76
8204,Elena Johnson,67
8205,Emily Jones,53
8206,Артем Garcia,89
8207,Алексей Garcia,57
8208,Sarah Garcia,86
8209,Александр Петров,26
8210,Maria Miller,56
8211,Иван Кузнецов,87
8212,Alex Miller,41
8213,Emily Williams,44
8214,Алексей Кузнецов,72
8215,Maria Сидоров,29
8216,Emily Johnson,90
8217,Максим Козлов,37
8218,Дмитрий Лебедев,62
8219,Максим Miller,30
8220,Артем Johnson,74
8221,Olga Смирнов,87
8222,Максим Johnson,41
8223,Alex Иванов,55
8224,Dmitry Смирнов,72
8225,Alex Jones,56
8226,Michael Jones,79
8227,Иван Johnson,65
8228,Olga Johnson,54
8229,Николай Jones,50
8230,Olga Лебедев,69
8231,Николай Smith,26
8232,Максим Сидоров,20
8233,John Williams,65
8234,Emily Волков,29
8235,Olga Кузнецов,20
8236,John Garcia,57
8237,Александр Иванов,70
8238,Алексей Козлов,24
8239,Elena Смирнов,73
8240,Михаил Brown,60
8241,Dmitry Петров,77
8242,Михаил Кузнецов,38
8243,John Сидоров,35
8244,Николай Brown,45
8245,Alex Garcia,76
8246,Anna Jones,24
8247,Артем Davis,39
8248,Anna Jones,82
8249,Михаил Кузнецов,34
8250,Sarah Williams,84
8251,Elena Brown,81
8252,Артем Garcia,72
8253,Николай Brown,46
8254,Maria Jones,58
8255,Sarah Brown,44
8256,John Иванов,86
8257,Александр Brown,85
8258,Maria Смирнов,29
8259,Anna Иванов,52
8260,Сергей Сидоров,32
8261,Андрей Сидоров,33
8262,Emily Лебедев,84
8263,Дмитрий Волков,32
8264,Emily Петров,35
8265,Михаил Петров,28
8266,Дмитрий Лебедев,19
8267,Андрей Смирнов,31
8268,Elena Козлов,90
8269,Alex Garcia,34
8270,John Williams,69
8271,Elena Козлов,77
8272,Александр Петров,83
8273,Сергей Williams,89
8274,Михаил Иванов,71
8275,Алексей Сидоров,49
8276,Anna Лебедев,31
8277,Dmitry Сидоров,72
8278,Olga Brown,19
8279,Иван Лебедев,89
8280,Дмитрий Сидоров,50
8281,Dmitry Jones,85
8282,Михаил Иванов,27
8283,Dmitry Лебедев,28
8284,Dmitry Петров,45
8285,Maria Jones,38
8286,Emily Волков,41
8287,Dmitry Garcia,40
8288,Николай Johnson,84
8289,Андрей Brown,24
8290,Сергей Иванов,57
8291,Алексей Williams,43
8292,Michael Johnson,52
8293,Алексей Кузнецов,43
8294,Дмитрий Петров,44
8295,Michael Петров,73
8296,Dmitry Brown,64
8297,Alex Петров,67
8298,Maria Jones,87
8299,Сергей Davis,65
8300,Иван Williams,74
8301,Alex Davis,79
8302,Андрей Смирнов,67
8303,Максим Davis,71
8304,Николай Козлов,84
8305,Maria Лебедев,41
8306,Максим Williams,50
8307,Артем Петров,51
8308,Alex Jones,18
8309,John Смирнов,54
8310,Михаил Brown,53
8311,Александр Петров,51
8312,John Сидоров,53
8313,Сергей Волков,43
8314,Андрей Jones,47
8315,Иван Jones,72
8316,Михаил Кузнецов,51
8317,Dmitry Иванов,53
8318,Olga Jones,89
8319,Сергей Козлов,52
8320,Anna Иванов,88
8321,Alex Сидоров,38
8322,Андрей Смирнов,78
8323,Сергей Williams,77
8324,Николай Johnson,37
8325,Максим Jones,18
8326,Иван Williams,35
8327,Николай Козлов,20
8328,Сергей Brown,80
8329,Алексей Смирнов,23
8330,Anna Miller,64
8331,Николай Смирнов,89
8332,Maria Кузнецов,47
8333,Дмитрий Garcia,70
8334,Dmitry Лебедев,57
8335,Андрей Петров,50
8336,Максим Иванов,85
8337,Иван Иванов,28
8338,Андрей Miller,66
8339,Артем Davis,72
8340,Андрей Davis,73
8341,Dmitry Козлов,33
8342,Дмитрий Смирнов,24
8343,Дмитрий Лебедев,29
8344,Alex Smith,84
8345,Alex Garcia,46
8346,Сергей Иванов,58
8347,Dmitry Смирнов,58
8348,Дмитрий Сидоров,82
8349,Николай Петров,76
8350,Александр Davis,85
8351,Сергей Davis,53
8352,Anna Кузнецов,90
8353,Артем Кузнецов,45
8354,Михаил Garcia,88
8355,Александр Лебедев,35
8356,Александр Garcia,48
8357,Сергей Johnson,47
8358,Александр Лебедев,52
8359,Иван Кузнецов,18
8360,Артем Smith,45
8361,Дмитрий Johnson,62
8362,Sarah Козлов,90
8363,Sarah Смирнов,86
8364,Сергей Davis,64
8365,Сергей Miller,20
8366,Anna Иванов,63
8367,Alex Иванов,24
8368,Максим Смирнов,87
8369,Dmitry Иванов,56
8370,Николай Лебедев,90
8371,John Brown,31
8372,Maria Петров,81
8373,Emily Кузнецов,29
8374,Максим Смирнов,42
8375,Дмитрий Петров,45
8376,Michael Кузнецов,72
8377,Olga Smith,78
8378,John Кузнецов,62
8379,Olga Смирнов,54
8380,Anna Сидоров,41
8381,Sarah Williams,67
8382,Артем Кузнецов,84
8383,Maria Козлов,25
8384,Maria Williams,35
8385,Dmitry Brown,47
8386,Sarah Кузнецов,50
8387,Michael Сидоров,66
8388,Андрей Davis,59
8389,Алексей Brown,30
8390,Алексей Лебедев,43
8391,Михаил Garcia,28
8392,Alex Smith,32
8393,Anna Смирнов,54
8394,Иван Козлов,60
8395,Maria Smith,44
8396,Алексей Garcia,79
8397,Elena Козлов,35
8398,Alex Williams,51
8399,Alex Кузнецов,56
8400,Артем Davis,29
8401,Михаил Williams,82
8402,Olga Davis,43
8403,Olga Волков,24
8404,Андрей Козлов,88
8405,Александр Кузнецов,49
8406,Александр Williams,83
8407,Артем Garcia,35
8408,Dmitry Волков,19
8409,Alex Смирнов,89
8410,Максим Смирнов,38
8411,Алексей Garcia,90
8412,John Волков,65
8413,Андрей Сидоров,56
8414,Emily Иванов,25
8415,Максим Brown,67
8416,Maria Сидоров,73
8417,Maria Davis,73
8418,Николай Иванов,35
8419,Dmitry Волков,76
8420,Дмитрий Smith,34
8421,Elena Brown,30
8422,Андрей Williams,83
8423,Alex Смирнов,81
8424,Olga Сидоров,76
8425,Alex Петров,88
8426,Михаил Сидоров,47
8427,Sarah Smith,86
8428,Sarah Иванов,55
8429,Артем Лебедев,25
8430,Артем Johnson,65
8431,Sarah Jones,35
8432,Иван Лебедев,47
8433,Артем Козлов,30
8434,Иван Смирнов,18
8435,Михаил Davis,46
8436,Olga Сидоров,40
8437,Olga Williams,71
8438,Александр Williams,50
8439,Михаил Smith,64
8440,John Johnson,69
8441,Иван Смирнов,38
8442,Иван Волков,46
8443,Sarah Williams,80
8444,Александр Williams,79
8445,Сергей Smith,64
8446,Сергей Brown,27
8447,Артем Brown,58
8448,Sarah Сидоров,37
8449,Максим Jones,71
8450,Алексей Brown,55
8451,Alex Smith,70
8452,Olga Miller,70
8453,Андрей Иванов,35
8454,Иван Johnson,48
8455,John Smith,83
8456,John Garcia,61
8457,Dmitry Иванов,77
8458,Александр Волков,59
8459,Maria Волков,52
8460,Николай Jones,35
8461,John Волков,90
8462,Дмитрий Jones,80
8463,Александр Jones,59
8464,Михаил Смирнов,26
8465,Maria Williams,54
8466,Maria Miller,64
8467,Michael Петров,71
8468,Dmitry Иванов,49
8469,Дмитрий Лебедев,20
8470,Максим Кузнецов,66
8471,Anna Williams,66
8472,Dmitry Johnson,84
8473,Александр Козлов,53
8474,Dmitry Williams,41
8475,Максим Johnson,23
8476,Николай Davis,47
8477,Dmitry Garcia,49
8478,Dmitry Davis,66
8479,John Williams,58
8480,Максим Сидоров,75
8481,Alex Петров,42
8482,Elena Смирнов,32
8483,Андрей Johnson,32
8484,Андрей Davis,49
8485,John Лебедев,66
8486,Артем Лебедев,44
8487,Михаил Смирнов,52
8488,Максим Кузнецов,82
8489,Иван Петров,22
8490,Elena Сидоров,30
8491,Александр Смирнов,26
8492,Alex Кузнецов,25
8493,Dmitry Иванов,49
8494,Алексей Кузнецов,28
8495,Максим Сидоров,48
8496,Anna Miller,81
8497,Максим Williams,23
8498,Anna Brown,20
8499,Alex Лебедев,23
8500,Emily Сидоров,86
8501,Sarah Козлов,69
8502,Sarah Brown,69
8503,Olga Иванов,40
8504,Андрей Сидоров,69
8505,Николай Davis,19
8506,Olga Davis,50
8507,Дмитрий Смирнов,30
8508,Михаил Сидоров,39
8509,Александр Иванов,18
8510,Dmitry Кузнецов,64
8511,Алексей Garcia,24
8512,Dmitry Brown,25
8513,Maria Garcia,37
8514,Anna Волков,83
8515,Максим Miller,82
8516,Michael Williams,28
8517,John Miller,56
8518,Elena Jones,34
8519,Maria Jones,81
8520,Maria Garcia,52
8521,Dmitry Петров,86
8522,Maria Johnson,87
8523,Сергей Петров,52
8524,Сергей Волков,41
8525,Dmitry Jones,61
8526,Sarah Garcia,40
8527,Michael Петров,82
8528,Sarah Петров,22
8529,Alex Davis,68
8530,Maria Петров,20
8531,John Brown,26
8532,Michael Козлов,85
8533,Михаил Лебедев,69
8534,Иван Williams,37
8535,Дмитрий Davis,51
8536,Emily Кузнецов,31
8537,Николай Davis,80
8538,Александр Smith,42
8539,Михаил Garcia,50
8540,Николай Иванов,61
8541,Alex Кузнецов,48
8542,Максим Garcia,50
8543,Сергей Волков,65
8544,Olga Волков,80
8545,Дмитрий Smith,30
8546,Артем Сидоров,45
8547,Sarah Смирнов,41
8548,Olga Кузнецов,46
8549,John Смирнов,24
8550,Артем Козлов,43
8551,Дмитрий Garcia,89
8552,Elena Смирнов,49
8553,Александр Козлов,32
8554,Alex Волков,73
8555,Maria Garcia,54
8556,Иван Brown,56
8557,Александр Jones,40
8558,Дмитрий Смирнов,30
8559,Dmitry Williams,37
8560,John Петров,56
8561,Алексей Garcia,27
8562,Николай Jones,89
8563,Maria Кузнецов,74
8564,Emily Петров,69
8565,Николай Garcia,81
8566,John Garcia,75
8567,Артем Иванов,43
8568,Андрей Волков,60
8569,Maria Козлов,28
8570,John Jones,52
8571,Александр Волков,87
8572,Дмитрий Волков,69
8573,Сергей Волков,81
8574,Иван Davis,63
8575,Alex Козлов,54
8576,Anna Williams,21
8577,Anna Smith,18
8578,Михаил Brown,87
8579,Андрей Козлов,73
8580,Николай Williams,40
8581,Михаил Лебедев,31
8582,Андрей Davis,69
8583,Elena Сидоров,44
8584,Alex Кузнецов,30
8585,Михаил Davis,69
8586,Elena Лебедев,75
8587,Андрей Miller,88
8588,Dmitry Davis,49
8589,John Волков,62
8590,Emily Miller,81
8591,Артем Лебедев,46
8592,Elena Смирнов,68
8593,John Волков,47
8594,Артем Сидоров,32
8595,Александр Jones,55
8596,Иван Miller,63
8597,Михаил Miller,22
8598,Андрей Волков,37
8599,Alex Кузнецов,60
8600,Михаил Garcia,87
8601,Сергей Иванов,50
8602,Алексей Jones,43
8603,Anna Кузнецов,48
8604,Anna Лебедев,88
8605,Emily Кузнецов,56
8606,Alex Козлов,82
8607,Maria Brown,73
8608,Алексей Волков,72
8609,Maria Jones,49
8610,Алексей Brown,50
8611,Алексей Лебедев,45
8612,Дмитрий Miller,25
8613,Elena Smith,81
8614,Артем Лебедев,46
8615,Elena Brown,52
8616,Артем Волков,51
8617,Сергей Williams,70
8618,Olga Smith,67
8619,Андрей Miller,34
8620,Николай Jones,86
8621,Emily Williams,19
8622,John Петров,31
8623,Михаил Jones,20
8624,Максим Волков,52
8625,Dmitry Петров,56
8626,Николай Jones,48
8627,Михаил Смирнов,73
8628,Alex Кузнецов,21
8629,Николай Лебедев,47
8630,Sarah Иванов,50
8631,Alex Davis,73
8632,Артем Jones,75
8633,Anna Williams,62
8634,Дмитрий Smith,20
8635,Sarah Johnson,67
8636,Николай Лебедев,51
8637,Иван Лебедев,74
8638,Сергей Лебедев,31
8639,Anna Петров,89
8640,Дмитрий Петров,51
8641,Maria Brown,27
8642,Максим Петров,47
8643,Максим Smith,82
8644,Максим Сидоров,82
8645,Maria Williams,65
8646,Максим Miller,66
8647,Иван Smith,39
8648,Дмитрий Miller,45
8649,Сергей Garcia,71
8650,Алексей Сидоров,74
8651,Olga Кузнецов,42
8652,Николай Davis,54
8653,Emily Miller,28
8654,Максим Garcia,30
8655,Андрей Johnson,64
8656,Александр Лебедев,44
8657,Николай Лебедев,24
8658,Sarah Петров,20
8659,Андрей Сидоров,22
8660,Olga Волков,47
8661,Иван Brown,25
8662,Emily Brown,20
8663,Dmitry Jones,84
8664,Михаил Jones,79
8665,Максим Сидоров,51
8666,John Волков,58
8667,Артем Иванов,56
8668,Sarah Williams,82
8669,Сергей Johnson,68
8670,Николай Сидоров,62
8671,Emily Miller,46
8672,Максим Davis,18
8673,Michael Johnson,59
8674,Sarah Brown,64
8675,Sarah Williams,84
8676,Александр Козлов,26
8677,Emily Williams,54
8678,Алексей Иванов,76
8679,Максим Волков,35
8680,Alex Иванов,69
8681,Сергей Иванов,22
8682,Olga Johnson,19
8683,Александр Сидоров,61
8684,Sarah Сидоров,68
8685,Сергей Иванов,23
8686,Иван Смирнов,57
8687,Elena Волков,50
8688,Артем Miller,34
8689,Anna Williams,48
8690,Dmitry Петров,72
8691,Dmitry Козлов,80
8692,Артем Иванов,63
8693,Сергей Петров,64
8694,Дмитрий Miller,86
8695,Michael Петров,44
8696,Dmitry Сидоров,56
8697,Sarah Сидоров,70
8698,Михаил Лебедев,78
8699,Михаил Garcia,75
8700,John Brown,18
8701,Emily Сидоров,47
8702,Андрей Garcia,42
8703,Алексей Сидоров,70
8704,Иван Johnson,75
8705,Alex Козлов,84
8706,Emily Петров,37
8707,Иван Сидоров,82
8708,Alex Сидоров,36
8709,Николай Jones,61
8710,Elena Jones,62
8711,Алексей Смирнов,58
8712,Дмитрий Smith,62
8713,Иван Волков,70
8714,Emily Smith,64
8715,Сергей Сидоров,63
8716,John Johnson,89
8717,Alex Johnson,37
8718,Артем Кузнецов,57
8719,Michael Смирнов,19
8720,Michael Смирнов,27
8721,Андрей Johnson,22
8722,Николай Лебедев,75
8723,Alex Jones,90
8724,Дмитрий Смирнов,31
8725,Михаил Garcia,46
8726,Иван Лебедев,44
8727,Emily Сидоров,86
8728,Anna Козлов,82
8729,Максим Garcia,74
8730,Михаил Miller,71
8731,Дмитрий Johnson,32
8732,Иван Иванов,21
8733,Михаил Garcia,57
8734,Александр Иванов,66
8735,Сергей Волков,81
8736,Dmitry Williams,29
8737,John Смирнов,45
8738,Michael Johnson,72
8739,Александр Garcia,84
8740,Alex Козлов,63
8741,Dmitry Davis,28
8742,Александр Johnson,59
8743,Максим Davis,20
8744,Olga Williams,53
8745,Иван Сидоров,20
8746,Dmitry Волков,30
8747,Алексей Петров,19
8748,Артем Сидоров,85
8749,Dmitry Smith,82
8750,Maria Davis,65
8751,Михаил Иванов,77
8752,Максим Сидоров,40
8753,Андрей Jones,29
8754,Андрей Garcia,43
8755,Dmitry Сидоров,59
8756,Elena Johnson,21
8757,Дмитрий Davis,30
8758,Olga Волков,40
8759,Elena Сидоров,26
8760,Alex Волков,47
8761,Дмитрий Смирнов,57
8762,Артем Кузнецов,29
8763,Дмитрий Козлов,23
8764,John Смирнов,38
8765,Алексей Jones,49
8766,Emily Garcia,37
8767,Dmitry Smith,29
8768,Elena Лебедев,30
8769,Elena Garcia,63
8770,Артем Смирнов,52
8771,Olga Smith,19
8772,Michael Johnson,25
8773,Alex Иванов,27
8774,Anna Волков,36
8775,Dmitry Smith,29
8776,Maria Davis,19
8777,Emily Смирнов,63
8778,Иван Williams,73
8779,Михаил Smith,88
8780,Maria Петров,67
8781,Михаил Miller,59
8782,Dmitry Garcia,40
8783,Максим Иванов,34
8784,Sarah Davis,70
8785,Андрей Иванов,49
8786,Максим Лебедев,20
8787,Андрей Brown,35
8788,John Garcia,30
8789,Anna Сидоров,41
8790,Dmitry Smith,70
8791,Maria Jones,64
8792,John Brown,53
8793,John Смирнов,45
8794,Артем Davis,81
8795,Michael Williams,62
8796,Артем Лебедев,19
8797,Сергей Jones,67
8798,Иван Davis,61
8799,Emily Лебедев,32
8800,Olga Miller,57
8801,Дмитрий Лебедев,29
8802,Иван Лебедев,19
8803,Emily Козлов,82
8804,Алексей Brown,19
8805,Иван Davis,29
8806,Michael Jones,50
8807,Максим Козлов,60
8808,Sarah Jones,63
8809,Dmitry Кузнецов,69
8810,Michael Brown,20
8811,Dmitry Jones,62
8812,Elena Johnson,84
8813,Михаил Williams,56
8814,Александр Brown,60
8815,Anna Кузнецов,80
8816,Dmitry Козлов,74
8817,Александр Garcia,53
8818,Николай Сидоров,61
8819,Максим Кузнецов,31
8820,Максим Garcia,67
8821,Артем Davis,21
8822,Michael Козлов,29
8823,Дмитрий Jones,54
8824,Dmitry Davis,72
8825,Артем Williams,23
8826,Максим Garcia,68
8827,Olga Смирнов,21
8828,Dmitry Miller,77
8829,Alex Козлов,65
8830,Dmitry Brown,70
8831,Андрей Williams,47
8832,Максим Лебедев,51
8833,Дмитрий Сидоров,29
8834,Андрей Петров,46
8835,Сергей Иванов,53
8836,Anna Петров,39
8837,Anna Brown,59
8838,Alex Козлов,70
8839,Alex Кузнецов,84
8840,Emily Иванов,87
8841,Michael Волков,87
8842,Olga Смирнов,21
8843,Артем Garcia,60
8844,Михаил Волков,23
8845,Sarah Козлов,90
8846,Elena Сидоров,46
8847,Maria Волков,85
8848,Maria Смирнов,88
8849,Алексей Miller,61
8850,John Smith,84
8851,Anna Сидоров,37
8852,Алексей Кузнецов,61
8853,Александр Miller,20
8854,Николай Jones,55
8855,Максим Jones,38
8856,Михаил Miller,58
8857,Maria Garcia,33
8858,Иван Davis,36
8859,Maria Лебедев,85
8860,Сергей Кузнецов,27
8861,Максим Иванов,57
8862,Максим Козлов,33
8863,Dmitry Волков,67
8864,Алексей Лебедев,27
8865,Michael Garcia,61
8866,Алексей Иванов,34
8867,Михаил Jones,26
8868,Elena Волков,43
8869,Александр Davis,50
8870,Anna Волков,64
8871,Alex Jones,58
8872,Иван Петров,34
8873,Андрей Smith,46
8874,Николай Смирнов,84
8875,Olga Johnson,87
8876,Андрей Brown,25
8877,Алексей Jones,41
8878,Артем Петров,50
8879,Alex Smith,90
8880,Дмитрий Miller,69
8881,Emily Кузнецов,39
8882,Anna Кузнецов,90
8883,Dmitry Смирнов,52
8884,Elena Козлов,22
8885,Артем Кузнецов,39
8886,Sarah Кузнецов,20
8887,John Кузнецов,80
8888,Михаил Garcia,31
8889,Sarah Смирнов,42
8890,John Смирнов,63
8891,Michael Garcia,31
8892,Максим Garcia,49
8893,Максим Williams,73
8894,Алексей Лебедев,51
8895,Alex Miller,50
8896,Sarah Лебедев,62
8897,Николай Johnson,30
8898,Dmitry Кузнецов,62
8899,Anna Козлов,20
8900,Olga Лебедев,62
8901,Sarah Jones,46
8902,Артем Smith,40
8903,Андрей Смирнов,71
8904,Olga Williams,81
8905,Дмитрий Garcia,26
8906,Dmitry Brown,67
8907,Михаил Козлов,27
8908,Александр Козлов,58
8909,Elena Иванов,36
8910,Артем Козлов,46
8911,Максим Smith,46
8912,Sarah Кузнецов,41
8913,Николай Смирнов,47
8914,Максим Кузнецов,81
8915,John Кузнецов,61
8916,Dmitry Иванов,72
8917,John Кузнецов,58
8918,Anna Волков,37
8919,Michael Jones,33
8920,Алексей Волков,78
8921,Андрей Williams,71
8922,Emily Johnson,69
8923,Иван Иванов,71
8924,Артем Смирнов,53
8925,Сергей Лебедев,20
8926,Michael Кузнецов,79
8927,Дмитрий Кузнецов,43
8928,Алексей Лебедев,74
8929,Александр Miller,46
8930,Maria Garcia,58
8931,Андрей Smith,47
8932,Дмитрий Петров,63
8933,Michael Лебедев,33
8934,Anna Сидоров,59
8935,Иван Davis,48
8936,Михаил Jones,88
8937,Сергей Смирнов,58
8938,Николай Brown,44
8939,Александр Johnson,75
8940,Sarah Козлов,34
8941,Михаил Лебедев,21
8942,Anna Волков,41
8943,Алексей Смирнов,67
8944,Alex Davis,28
8945,Сергей Jones,64
8946,Sarah Davis,75
8947,Сергей Иванов,72
8948,Dmitry Иванов,61
8949,Sarah Сидоров,34
8950,John Brown,58
8951,Dmitry Johnson,69
8952,Michael Miller,27
8953,Дмитрий Garcia,56
8954,Михаил Кузнецов,80
8955,Артем Miller,39
8956,Алексей Johnson,56
8957,Сергей Miller,37
8958,Alex Волков,75
8959,Алексей Козлов,34
8960,Emily Козлов,86
8961,Артем Смирнов,60
8962,Андрей Brown,56
8963,Emily Козлов,38
8964,Дмитрий Смирнов,63
8965,Михаил Garcia,71
8966,Дмитрий Brown,58
8967,Максим Иванов,51
8968,Michael Сидоров,78
8969,Anna Волков,79
8970,Алексей Сидоров,19
8971,Olga Волков,79
8972,Emily Козлов,70
8973,Сергей Иванов,51
8974,John Волков,69
8975,Sarah Лебедев,74
8976,Olga Лебедев,76
8977,Olga Смирнов,90
8978,Сергей Лебедев,27
8979,Alex Лебедев,27
8980,Michael Williams,78
8981,Anna Jones,81
8982,Elena Кузнецов,80
8983,Maria Brown,90
8984,John Кузнецов,50
8985,Emily Козлов,76
8986,Sarah Johnson,80
8987,Андрей Jones,26
8988,Michael Davis,29
8989,Elena Jones,29
8990,Emily Jones,69
8991,Olga Кузнецов,54
8992,Дмитрий Garcia,73
8993,Sarah Jones,25
8994,Anna Garcia,57
8995,Сергей Кузнецов,38
8996,Михаил Brown,89
8997,Olga Сидоров,87
8998,Иван Волков,55
8999,Артем Козлов,35
9000,John Кузнецов,87
9001,Михаил Garcia,32
9002,Андрей Кузнецов,70
9003,Иван Davis,25
9004,Sarah Miller,53
9005,Дмитрий Miller,21
9006,Maria Лебедев,58
9007,Sarah Davis,73
9008,Алексей Петров,52
9009,Alex Miller,18
9010,Алексей Davis,42
9011,Emily Козлов,68
9012,Emily Петров,53
9013,Андрей Волков,72
9014,Михаил Williams,36
9015,Алексей Smith,42
9016,Сергей Иванов,62
9017,Alex Johnson,74
9018,Sarah Лебедев,71
9019,Elena Смирнов,39
9020,Olga Петров,65
9021,Olga Лебедев,57
9022,Андрей Miller,80
9023,Артем Смирнов,81
9024,Алексей Garcia,51
9025,Андрей Петров,21
9026,Иван Garcia,73
9027,Николай Кузнецов,71
9028,Александр Смирнов,53
9029,John Williams,55
9030,Андрей Волков,27
9031,Артем Williams,20
9032,Максим Лебедев,37
9033,Александр Кузнецов,22
9034,Anna Козлов,19
9035,Николай Козлов,28
9036,Иван Smith,64
9037,Anna Кузнецов,67
9038,Сергей Лебедев,47
9039,Иван Johnson,60
9040,Michael Волков,76
9041,Maria Козлов,64
9042,Михаил Jones,35
9043,Sarah Лебедев,77
9044,Olga Сидоров,32
9045,Артем Davis,49
9046,Иван Кузнецов,78
9047,Olga Кузнецов,31
9048,Андрей Иванов,35
9049,Anna Иванов,58
9050,Michael Garcia,25
9051,Артем Williams,36
9052,Olga Смирнов,56
9053,Olga Кузнецов,83
9054,Alex Козлов,29
9055,Sarah Волков,58
9056,Максим Smith,64
9057,Dmitry Garcia,85
9058,Иван Williams,47
9059,Андрей Smith,19
9060,Emily Петров,26
9061,John Иванов,46
9062,Николай Jones,46
9063,Артем Johnson,76
9064,Алексей Сидоров,46
9065,Михаил Сидоров,39
9066,Dmitry Smith,45
9067,Michael Волков,72
9068,Артем Miller,74
9069,Дмитрий Сидоров,46
9070,Anna Смирнов,80
9071,Максим Волков,35
9072,Sarah Johnson,72
9073,Сергей Miller,44
9074,Elena Johnson,65
9075,Дмитрий Лебедев,82
9076,Alex Иванов,67
9077,Артем Davis,38
9078,Михаил Иванов,72
9079,Михаил Johnson,37
9080,Emily Davis,46
9081,Alex Козлов,56
9082,Александр Лебедев,80
9083,Sarah Козлов,35
9084,Михаил Johnson,83
9085,Sarah Miller,55
9086,Olga Сидоров,20
9087,Дмитрий Miller,60
9088,Dmitry Williams,90
9089,Dmitry Miller,37
9090,Michael Лебедев,45
9091,Olga Лебедев,43
9092,Иван Williams,46
9093,Dmitry Jones,26
9094,Michael Петров,30
9095,Elena Кузнецов,19
9096,Maria Сидоров,57
9097,Anna Козлов,79
9098,Максим Лебедев,33
9099,Николай Brown,50
9100,Elena Кузнецов,65
9101,Алексей Петров,25
9102,Андрей Garcia,21
9103,Артем Williams,44
9104,Dmitry Smith,46
9105,Alex Jones,82
9106,Алексей Smith,34
9107,Elena Jones,85
9108,Olga Garcia,61
9109,Максим Лебедев,34
9110,John Davis,60
9111,Emily Лебедев,81
9112,Максим Smith,33
9113,Николай Miller,18
9114,Максим Williams,70
9115,Михаил Иванов,58
9116,Elena Петров,75
9117,Alex Иванов,72
9118,Андрей Сидоров,81
9119,Михаил Иванов,73
9120,Olga Смирнов,72
9121,Michael Johnson,49
9122,Дмитрий Jones,68
9123,Сергей Smith,80
9124,Иван Brown,31
9125,Максим Петров,61
9126,Anna Лебедев,84
9127,Николай Miller,46
9128,Olga Сидоров,36
9129,Александр Miller,37
9130,Андрей Смирнов,39
9131,Anna Козлов,74
9132,Алексей Davis,49
9133,Иван Jones,83
9134,Maria Williams,63
9135,Alex Кузнецов,29
9136,Николай Johnson,25
9137,Maria Петров,78
9138,Иван Johnson,36
9139,Александр Лебедев,35
9140,Alex Петров,47
9141,Elena Garcia,52
9142,Максим Петров,23
9143,Сергей Jones,63
9144,Alex Miller,90
9145,Elena Смирнов,36
9146,Elena Петров,76
9147,Сергей Козлов,51
9148,Maria Петров,41
9149,Dmitry Козлов,62
9150,Sarah Петров,77
9151,Алексей Jones,33
9152,Михаил Williams,18
9153,Николай Miller,76
9154,Николай Волков,68
9155,Alex Кузнецов,80
9156,Olga Волков,62
9157,Дмитрий Смирнов,66
9158,Emily Кузнецов,70
9159,Андрей Козлов,79
9160,Olga Davis,56
9161,Olga Smith,26
9162,John Johnson,54
9163,Артем Сидоров,47
9164,Андрей Smith,44
9165,Emily Garcia,75
9166,Dmitry Сидоров,80
9167,Александр Davis,22
9168,Михаил Сидоров,49
9169,Maria Кузнецов,56
9170,Максим Сидоров,84
9171,Sarah Garcia,85
9172,Emily Кузнецов,19
9173,Иван Brown,46
9174,Максим Козлов,26
9175,Olga Кузнецов,86
9176,Maria Davis,49
9177,Elena Williams,32
9178,Алексей Miller,25
9179,Михаил Davis,39
9180,Maria Смирнов,25
9181,Alex Williams,18
9182,Sarah Лебедев,28
9183,Алексей Brown,83
9184,Александр Козлов,25
9185,Андрей Garcia,69
9186,Максим Смирнов,67
9187,Михаил Johnson,64
9188,Maria Johnson,60
9189,Сергей Смирнов,22
9190,John Garcia,71
9191,Сергей Williams,18
9192,Elena Garcia,69
9193,Андрей Сидоров,72
9194,Elena Волков,28
9195,Иван Сидоров,46
9196,Дмитрий Davis,49
9197,Максим Лебедев,31
9198,Николай Smith,81
9199,Dmitry Петров,54
9200,Anna Williams,59
9201,Emily Иванов,66
9202,Иван Петров,72
9203,Anna Лебедев,71
9204,Алексей Иванов,58
9205,Michael Лебедев,48
9206,Александр Смирнов,29
9207,Sarah Brown,59
9208,Elena Иванов,65
9209,Михаил Williams,78
9210,Dmitry Козлов,60
9211,Александр Волков,31
9212,Андрей Miller,42
9213,Михаил Кузнецов,65
9214,John Сидоров,87
9215,Максим Smith,32
9216,Алексей Brown,29
9217,Emily Петров,73
9218,Alex Johnson,64
9219,Максим Смирнов,37
9220,Александр Петров,79
9221,Иван Garcia,77
9222,Maria Козлов,77
9223,Сергей Иванов,62
9224,John Brown,19
9225,Sarah Лебедев,87
9226,Михаил Miller,44
9227,Николай Сидоров,78
9228,Иван Петров,58
9229,John Волков,53
9230,Michael Петров,66
9231,Андрей Иванов,30
9232,Михаил Кузнецов,29
9233,Alex Smith,30
9234,Николай Иванов,79
9235,Александр Garcia,44
9236,Максим Петров,48
9237,Михаил Лебедев,54
9238,Alex Brown,74
9239,Dmitry Иванов,36
9240,Anna Williams,60
9241,Sarah Garcia,57
9242,Артем Jones,74
9243,Артем Johnson,82
9244,Артем Козлов,59
9245,Sarah Кузнецов,60
9246,Дмитрий Лебедев,60
9247,Emily Сидоров,89
9248,Olga Jones,79
9249,Sarah Петров,84
9250,Александр Williams,88
9251,Michael Козлов,47
9252,Андрей Williams,21
9253,Dmitry Jones,41
9254,Sarah Davis,89
9255,Dmitry Лебедев,33
9256,John Козлов,62
9257,Артем Петров,35
9258,Alex Brown,66
9259,Сергей Петров,23
9260,Николай Smith,64
9261,John Jones,49
9262,Дмитрий Петров,38
9263,Sarah Smith,80
9264,Алексей Иванов,79
9265,Артем Jones,76
9266,Артем Иванов,72
9267,Anna Лебедев,49
9268,Olga Иванов,20
9269,Алексей Smith,84
9270,Emily Johnson,57
9271,Алексей Davis,52
9272,Николай Смирнов,42
9273,Alex Davis,44
9274,Emily Кузнецов,75
9275,Anna Garcia,22
9276,Emily Иванов,41
9277,Maria Смирнов,81
9278,Maria Волков,90
9279,Николай Смирнов,75
9280,Maria Jones,72
9281,Андрей Miller,49
9282,Артем Williams,81
9283,Александр Smith,46
9284,Михаил Davis,85
9285,Emily Smith,72
9286,Olga Иванов,47
9287,Dmitry Williams,44
9288,Anna Jones,28
9289,Sarah Johnson,38
9290,Elena Смирнов,81
9291,John Лебедев,30
9292,Elena Brown,64
9293,Андрей Johnson,33
9294,Michael Иванов,79
9295,Anna Петров,47
9296,Артем Иванов,37
9297,Дмитрий Петров,19
9298,Elena Williams,51
9299,Anna Лебедев,89
9300,Андрей Johnson,61
9301,Иван Miller,23
9302,Алексей Davis,54
9303,Дмитрий Garcia,35
9304,Сергей Петров,85
9305,Александр Johnson,32
9306,Michael Williams,59
9307,Артем Johnson,36
9308,Максим Davis,45
9309,Michael Козлов,77
9310,Алексей Jones,71
9311,Elena Волков,37
9312,Александр Garcia,85
9313,Sarah Иванов,74
9314,Дмитрий Смирнов,32
9315,Николай Сидоров,18
9316,Dmitry Волков,28
9317,Dmitry Смирнов,62
9318,Иван Garcia,46
9319,Olga Jones,38
9320,Алексей Смирнов,28
9321,Михаил Кузнецов,76
9322,Anna Johnson,43
9323,Elena Jones,79
9324,Alex Miller,51
9325,Александр Garcia,55
9326,Anna Кузнецов,18
9327,Elena Смирнов,64
9328,Андрей Иванов,48
9329,Алексей Williams,48
9330,Dmitry Козлов,33
9331,Maria Jones,38
9332,Alex Волков,51
9333,Михаил Jones,39
9334,Александр Jones,61
9335,Sarah Smith,36
9336,Иван Петров,26
9337,Сергей Smith,27
9338,Михаил Кузнецов,75
9339,Артем Сидоров,32
9340,Дмитрий Сидоров,79
9341,Emily Козлов,62
9342,Sarah Garcia,49
9343,John Козлов,65
9344,Сергей Jones,26
9345,Артем Кузнецов,38
9346,Николай Garcia,65
9347,Александр Smith,64
9348,Андрей Williams,51
9349,Anna Волков,38
9350,Иван Лебедев,86
9351,Maria Davis,65
9352,John Волков,41
9353,Артем Смирнов,76
9354,Иван Волков,27
9355,Olga Brown,65
9356,Максим Кузнецов,61
9357,Emily Johnson,55
9358,Михаил Лебедев,37
9359,John Brown,67
9360,Elena Garcia,51
9361,John Волков,86
9362,Иван Jones,67
9363,Андрей Кузнецов,71
9364,Sarah Smith,79
9365,Андрей Brown,63
9366,Михаил Смирнов,30
9367,John Johnson,86
9368,Максим Williams,60
9369,Olga Кузнецов,47
9370,Андрей Garcia,18
9371,Olga Jones,39
9372,Emily Jones,19
9373,Sarah Miller,90
9374,Артем Лебедев,83
9375,Алексей Davis,21
9376,Михаил Лебедев,51
9377,Сергей Brown,90
9378,Elena Smith,23
9379,Anna Miller,23
9380,Anna Brown,22
9381,Николай Кузнецов,70
9382,Dmitry Козлов,22
9383,Андрей Garcia,23
9384,Alex Иванов,23
9385,Olga Иванов,47
9386,Сергей Smith,45
9387,Сергей Johnson,19
9388,Emily Davis,42
9389,Сергей Иванов,56
9390,Андрей Козлов,48
9391,Максим Garcia,27
9392,Алексей Brown,18
9393,Андрей Петров,68
9394,Alex Smith,76
9395,Артем Смирнов,84
9396,Alex Сидоров,55
9397,Николай Smith,70
9398,Михаил Волков,28
9399,Сергей Miller,44
9400,Николай Davis,22
9401,Михаил Williams,59
9402,Olga Кузнецов,80
9403,Александр Кузнецов,26
9404,Alex Лебедев,81
9405,Андрей Иванов,19
9406,Артем Кузнецов,18
9407,Алексей Brown,78
9408,Николай Williams,47
9409,Артем Иванов,23
9410,Максим Петров,43
9411,Дмитрий Miller,85
9412,Дмитрий Williams,63
9413,Дмитрий Волков,73
9414,Андрей Williams,73
9415,Сергей Williams,79
9416,Sarah Jones,69
9417,Michael Козлов,40
9418,Алексей Davis,37
9419,Dmitry Miller,49
9420,Иван Петров,30
9421,Михаил Miller,55
9422,Михаил Кузнецов,31
9423,John Лебедев,49
9424,Иван Garcia,42
9425,Андрей Davis,47
9426,Anna Иванов,33
9427,Иван Davis,24
9428,Maria Петров,40
9429,Sarah Smith,89
9430,Emily Смирнов,74
9431,Sarah Miller,66
9432,Olga Смирнов,47
9433,Alex Miller,25
9434,Sarah Иванов,25
9435,Николай Davis,80
9436,Elena Кузнецов,78
9437,Алексей Петров,18
9438,Michael Brown,25
9439,Elena Иванов,64
9440,Maria Johnson,86
9441,Emily Смирнов,65
9442,Sarah Иванов,89
9443,Alex Сидоров,45
9444,Anna Davis,68
9445,Maria Сидоров,83
9446,Алексей Иванов,64
9447,Алексей Петров,72
9448,Андрей Jones,28
9449,Maria Jones,28
9450,Anna Davis,61
9451,John Williams,66
9452,Алексей Иванов,89
9453,John Сидоров,37
9454,Дмитрий Williams,79
9455,Николай Сидоров,87
9456,Emily Jones,41
9457,Иван Jones,48
9458,Артем Иванов,73
9459,Olga Кузнецов,65
9460,Артем Smith,49
9461,Alex Волков,22
9462,Артем Smith,87
9463,Иван Лебедев,55
9464,John Garcia,46
9465,Michael Петров,62
9466,Alex Davis,85
9467,Николай Петров,64
9468,Sarah Brown,50
9469,Michael Garcia,85
9470,Emily Garcia,76
9471,Dmitry Кузнецов,84
9472,Emily Brown,72
9473,Сергей Davis,67
9474,Elena Смирнов,69
9475,Александр Jones,40
9476,Elena Miller,64
9477,Elena Волков,36
9478,Alex Miller,48
9479,Dmitry Козлов,70
9480,Алексей Garcia,34
9481,Иван Miller,64
9482,Elena Williams,39
9483,Michael Miller,59
9484,Anna Иванов,48
9485,Emily Волков,55
9486,Артем Williams,24
9487,Дмитрий Brown,38
9488,Maria Волков,76
9489,Николай Иванов,56
9490,Sarah Сидоров,20
9491,Michael Johnson,50
9492,Sarah Johnson,64
9493,Сергей Davis,51
9494,Olga Козлов,47
9495,Anna Davis,75
9496,Michael Garcia,70
9497,Anna Сидоров,57
9498,Olga Иванов,53
9499,Dmitry Козлов,63
9500,Алексей Jones,22
9501,Андрей Johnson,40
9502,Дмитрий Смирнов,46
9503,Артем Miller,24
9504,Sarah Davis,55
9505,Михаил Davis,45
9506,Артем Петров,66
9507,Дмитрий Смирнов,26
9508,Максим Garcia,90
9509,Николай Johnson,62
9510,Emily Williams,28
9511,Dmitry Garcia,38
9512,John Сидоров,74
9513,Николай Johnson,32
9514,Алексей Петров,73
9515,Александр Davis,46
9516,Michael Jones,68
9517,Иван Miller,89
9518,Сергей Волков,87
9519,Elena Garcia,70
9520,Dmitry Смирнов,51
9521,Maria Davis,90
9522,Michael Miller,31
9523,Максим Смирнов,37
9524,Михаил Garcia,67
9525,Михаил Волков,76
9526,Сергей Brown,34
9527,Дмитрий Кузнецов,27
9528,Olga Smith,20
9529,Дмитрий Jones,88
9530,Anna Garcia,54
9531,Maria Иванов,85
9532,Alex Волков,58
9533,Michael Brown,32
9534,Alex Сидоров,60
9535,Olga Козлов,50
9536,Olga Williams,38
9537,John Кузнецов,25
9538,Elena Козлов,33
9539,Elena Смирнов,33
9540,Anna Лебедев,87
9541,Dmitry Лебедев,35
9542,Дмитрий Jones,40
9543,Сергей Garcia,87
9544,Maria Смирнов,75
9545,Артем Jones,78
9546,Сергей Козлов,88
9547,Michael Garcia,56
9548,Дмитрий Davis,52
9549,John Brown,73
9550,Alex Волков,28
9551,Alex Miller,55
9552,Maria Brown,90
9553,Артем Brown,78
9554,Алексей Johnson,37
9555,Elena Иванов,76
9556,John Смирнов,51
9557,Николай Williams,83
9558,Anna Davis,37
9559,John Jones,61
9560,Михаил Davis,67
9561,Olga Jones,28
9562,Elena Williams,31
9563,Dmitry Козлов,39
9564,Olga Miller,23
9565,Dmitry Miller,29
9566,Алексей Лебедев,33
9567,Emily Козлов,19
9568,Дмитрий Garcia,25
9569,Elena Иванов,30
9570,Артем Miller,83
9571,Elena Иванов,77
9572,Николай Jones,33
9573,Сергей Miller,55
9574,Olga Garcia,40
9575,Emily Петров,26
9576,Сергей Кузнецов,33
9577,Olga Jones,81
9578,Dmitry Смирнов,19
9579,Михаил Козлов,85
9580,Sarah Кузнецов,85
9581,Anna Козлов,37
9582,Андрей Jones,36
9583,Михаил Кузнецов,71
9584,Emily Brown,29
9585,Emily Кузнецов,68
9586,Николай Williams,55
9587,Dmitry Johnson,46
9588,Maria Петров,29
9589,Алексей Иванов,45
9590,Alex Лебедев,21
9591,Michael Williams,67
9592,Дмитрий Davis,64
9593,Дмитрий Williams,56
9594,Андрей Смирнов,76
9595,Александр Волков,52
9596,Michael Johnson,66
9597,Anna Jones,33
9598,Михаил Волков,55
9599,Иван Козлов,24
9600,Dmitry Сидоров,24
9601,Михаил Сидоров,30
9602,Андрей Сидоров,69
9603,Sarah Козлов,21
9604,Иван Smith,64
9605,Андрей Кузнецов,34
9606,Николай Garcia,48
9607,Michael Иванов,76
9608,Anna Williams,24
9609,Dmitry Davis,57
9610,Elena Кузнецов,82
9611,Андрей Кузнецов,49
9612,Николай Johnson,90
9613,Alex Волков,62
9614,Anna Смирнов,43
9615,Emily Williams,57
9616,Emily Иванов,47
9617,Anna Brown,30
9618,Elena Козлов,25
9619,Максим Garcia,72
9620,Артем Смирнов,65
9621,Михаил Петров,86
9622,Александр Smith,21
9623,Артем Смирнов,49
9624,Алексей Garcia,56
9625,Николай Лебедев,20
9626,Alex Johnson,19
9627,Olga Smith,35
9628,Александр Петров,37
9629,Olga Johnson,38
9630,John Miller,53
9631,Михаил Козлов,22
9632,Anna Лебедев,44
9633,Olga Garcia,47
9634,Александр Кузнецов,74
9635,Maria Miller,19
9636,Иван Miller,44
9637,Elena Johnson,20
9638,Андрей Иванов,60
9639,Максим Garcia,30
9640,Michael Петров,47
9641,Dmitry Williams,79
9642,Emily Williams,68
9643,Артем Иванов,87
9644,Anna Miller,48
9645,Алексей Jones,44
9646,John Davis,37
9647,Emily Smith,24
9648,Emily Смирнов,76
9649,Sarah Williams,36
9650,Иван Garcia,87
9651,Dmitry Козлов,23
9652,Михаил Кузнецов,31
9653,Михаил Johnson,37
9654,Максим Петров,50
9655,Артем Smith,27
9656,Emily Jones,70
9657,Артем Смирнов,77
9658,Иван Лебедев,78
9659,John Davis,89
9660,Anna Jones,45
9661,Dmitry Кузнецов,65
9662,Anna Иванов,34
9663,Сергей Козлов,19
9664,Алексей Смирнов,77
9665,Артем Волков,82
9666,Elena Miller,42
9667,Максим Сидоров,67
9668,Дмитрий Козлов,58
9669,Maria Петров,52
9670,John Смирнов,89
9671,John Brown,44
9672,John Козлов,44
9673,Николай Williams,50
9674,Emily Williams,67
9675,Максим Jones,18
9676,Anna Сидоров,81
9677,Михаил Johnson,34
9678,Elena Miller,57
9679,John Jones,71
9680,Максим Кузнецов,59
9681,Alex Иванов,50
9682,Emily Иванов,83
9683,Максим Smith,83
9684,Александр Williams,52
9685,Александр Brown,87
9686,Сергей Jones,33
9687,Максим Brown,53
9688,Максим Смирнов,62
9689,Elena Сидоров,90
9690,Иван Brown,63
9691,Maria Иванов,29
9692,Иван Jones,22
9693,Alex Лебедев,43
9694,Elena Jones,87
9695,Артем Смирнов,51
9696,Michael Johnson,70
9697,Michael Смирнов,28
9698,Михаил Williams,27
9699,Emily Сидоров,86
9700,Иван Jones,82
9701,Emily Иванов,34
9702,Андрей Davis,65
9703,Maria Волков,28
9704,Максим Garcia,41
9705,Sarah Johnson,35
9706,Sarah Jones,88
9707,Дмитрий Garcia,56
9708,Михаил Петров,55
9709,Александр Jones,20
9710,Александр Garcia,47
9711,Иван Козлов,75
9712,Dmitry Лебедев,76
9713,Дмитрий Иванов,47
9714,Сергей Jones,80
9715,John Johnson,70
9716,Maria Лебедев,30
9717,Сергей Петров,47
9718,Алексей Волков,66
9719,Sarah Волков,83
9720,Emily Лебедев,56
9721,Emily Петров,26
9722,Elena Miller,24
9723,Андрей Jones,74
9724,Alex Иванов,55
9725,Артем Козлов,56
9726,Дмитрий Лебедев,70
9727,Александр Смирнов,82
9728,Михаил Brown,55
9729,Michael Brown,48
9730,Иван Козлов,52
9731,Александр Сидоров,21
9732,Иван Brown,48
9733,Николай Garcia,35
9734,Артем Козлов,32
9735,Olga Williams,61
9736,Николай Davis,71
9737,Дмитрий Петров,56
9738,Михаил Johnson,35
9739,Elena Smith,63
9740,Артем Williams,33
9741,Александр Кузнецов,89
9742,Emily Miller,76
9743,Дмитрий Козлов,62
9744,Emily Иванов,30
9745,Иван Smith,78
9746,Michael Jones,58
9747,Emily Иванов,67
9748,Николай Иванов,72
9749,John Johnson,52
9750,Дмитрий Лебедев,30
9751,Максим Miller,89
9752,Александр Williams,29
9753,Иван Козлов,66
9754,Dmitry Кузнецов,43
9755,Sarah Волков,18
9756,Михаил Miller,72
9757,Алексей Козлов,86
9758,Дмитрий Лебедев,58
9759,Сергей Козлов,21
9760,Артем Сидоров,84
9761,Alex Иванов,59
9762,Emily Smith,43
9763,Максим Смирнов,89
9764,Elena Кузнецов,32
9765,Дмитрий Davis,73
9766,Александр Williams,64
9767,Anna Иванов,70
9768,Elena Davis,61
9769,Максим Волков,64
9770,Alex Johnson,59
9771,Андрей Miller,66
9772,Elena Davis,43
9773,Michael Сидоров,19
9774,Sarah Волков,52
9775,Андрей Петров,80
9776,Михаил Сидоров,82
9777,Алексей Козлов,86
9778,Иван Williams,22
9779,Maria Johnson,18
9780,Sarah Петров,66
9781,Александр Смирнов,53
9782,Elena Сидоров,87
9783,Михаил Smith,52
9784,Anna Miller,47
9785,Dmitry Козлов,47
9786,Иван Miller,80
9787,Иван Jones,79
9788,Артем Сидоров,84
9789,Иван Johnson,47
9790,Дмитрий Brown,57
9791,Андрей Смирнов,66
9792,John Brown,44
9793,Dmitry Смирнов,82
9794,Артем Козлов,79
9795,Александр Кузнецов,58
9796,Александр Miller,18
9797,Sarah Петров,60
9798,Anna Сидоров,28
9799,Michael Иванов,64
9800,Michael Кузнецов,35
9801,Иван Smith,75
9802,Anna Miller,60
9803,Alex Волков,63
9804,Anna Петров,47
9805,Алексей Jones,83
9806,Olga Волков,74
9807,Olga Иванов,57
9808,Emily Волков,60
9809,Дмитрий Williams,79
9810,John Miller,66
9811,Anna Смирнов,38
9812,Иван Smith,79
9813,Михаил Козлов,73
9814,Anna Иванов,85
9815,Александр Сидоров,81
9816,Emily Brown,46
9817,Николай Williams,67
9818,Иван Garcia,68
9819,John Jones,36
9820,Дмитрий Сидоров,46
9821,Иван Garcia,49
9822,Иван Davis,35
9823,Sarah Петров,56
9824,Николай Davis,58
9825,Elena Петров,53
9826,Anna Козлов,71
9827,Olga Johnson,24
9828,Maria Johnson,83
9829,Сергей Jones,24
9830,Александр Козлов,45
9831,Александр Лебедев,78
9832,John Сидоров,79
9833,John Jones,62
9834,Артем Кузнецов,42
9835,Максим Сидоров,29
9836,Максим Davis,90
9837,Сергей Козлов,21
9838,Sarah Johnson,61
9839,Alex Сидоров,67
9840,Александр Смирнов,75
9841,Dmitry Jones,35
9842,Alex Smith,89
9843,Emily Кузнецов,69
9844,Alex Смирнов,24
9845,Артем Сидоров,57
9846,Maria Кузнецов,56
9847,Дмитрий Brown,28
9848,John Garcia,75
9849,Dmitry Иванов,37
9850,Maria Brown,66
9851,Michael Miller,42
9852,Dmitry Кузнецов,72
9853,Anna Волков,40
9854,Дмитрий Garcia,78
9855,Michael Jones,47
9856,Dmitry Волков,31
9857,Dmitry Сидоров,67
9858,John Лебедев,74
9859,Sarah Garcia,32
9860,Сергей Иванов,70
9861,Алексей Петров,80
9862,Sarah Смирнов,45
9863,Артем Garcia,46
9864,Dmitry Johnson,76
9865,Артем Davis,79
9866,Максим Davis,38
9867,Maria Сидоров,75
9868,Андрей Jones,41
9869,Иван Иванов,63
9870,Максим Jones,63
9871,Сергей Иванов,45
9872,Артем Петров,21
9873,Emily Петров,69
9874,Alex Jones,88
9875,Olga Smith,36
9876,Alex Петров,52
9877,Maria Кузнецов,71
9878,Alex Петров,62
9879,Артем Петров,40
9880,Артем Garcia,69
9881,Иван Johnson,73
9882,John Иванов,67
9883,Иван Johnson,78
9884,Артем Garcia,20
9885,Alex Smith,50
9886,Maria Кузнецов,20
9887,Emily Смирнов,42
9888,Alex Смирнов,90
9889,Максим Smith,79
9890,Emily Сидоров,55
9891,Dmitry Johnson,28
9892,Андрей Козлов,74
9893,Артем Лебедев,39
9894,Дмитрий Johnson,80
9895,Максим Williams,57
9896,Michael Johnson,61
9897,Дмитрий Garcia,59
9898,Olga Лебедев,59
9899,Михаил Волков,48
9900,Olga Davis,84
9901,Михаил Davis,77
9902,Николай Иванов,62
9903,Elena Иванов,84
9904,Dmitry Кузнецов,48
9905,Максим Miller,57
9906,Emily Williams,23
9907,Сергей Williams,68
9908,John Miller,29
9909,Алексей Smith,75
9910,Алексей Волков,70
9911,Максим Кузнецов,27
9912,Александр Garcia,50
9913,Алексей Miller,43
9914,Николай Иванов,89
9915,Александр Сидоров,78
9916,Дмитрий Jones,77
9917,Николай Смирнов,53
9918,Michael Кузнецов,63
9919,Olga Иванов,18
9920,John Смирнов,35
9921,Николай Miller,83
9922,Артем Williams,29
9923,Сергей Garcia,74
9924,Артем Сидоров,29
9925,Алексей Garcia,61
9926,Dmitry Jones,43
9927,Максим Козлов,46
9928,John Лебедев,29
9929,Андрей Johnson,83
9930,Александр Сидоров,73
9931,John Волков,36
9932,Elena Смирнов,87
9933,Михаил Лебедев,31
9934,Александр Волков,18
9935,Olga Smith,81
9936,Michael Смирнов,24
9937,Максим Смирнов,49
9938,Alex Лебедев,71
9939,John Сидоров,87
9940,Maria Козлов,54
9941,Андрей Miller,52
9942,Emily Смирнов,61
9943,Michael Иванов,75
9944,Elena Brown,65
9945,Olga Jones,90
9946,Сергей Лебедев,76
9947,Максим Garcia,46
9948,John Волков,59
9949,Michael Davis,68
9950,Michael Сидоров,43
9951,Андрей Smith,78
9952,Артем Волков,81
9953,Александр Лебедев,63
9954,Алексей Johnson,68
9955,Olga Сидоров,49
9956,Максим Miller,51
9957,Sarah Лебедев,76
9958,Maria Miller,19
9959,Михаил Smith,88
9960,John Козлов,41
9961,Алексей Козлов,71
9962,Артем Кузнецов,59
9963,Николай Garcia,84
9964,Дмитрий Смирнов,44
9965,Elena Garcia,82
9966,Алексей Davis,44
9967,Emily Кузнецов,19
9968,Sarah Петров,18
9969,Olga Smith,56
9970,Николай Волков,31
9971,Michael Петров,45
9972,Sarah Johnson,58
9973,Maria Лебедев,71
9974,Артем Козлов,24
9975,Anna Smith,84
9976,Александр Williams,72
9977,Дмитрий Кузнецов,39
9978,Алексей Smith,46
9979,Anna Brown,36
9980,Elena Лебедев,36
9981,Михаил Иванов,19
9982,Elena Johnson,72
9983,Артем Лебедев,58
9984,Olga Петров,40
9985,Michael Петров,81
9986,Сергей Волков,55
9987,Дмитрий Brown,41
9988,Николай Davis,73
9989,Emily Сидоров,53
9990,John Смирнов,48
9991,Михаил Smith,49
9992,Maria Сидоров,41
9993,Николай Brown,72
9994,Olga Иванов,52
9995,Алексей Brown,88
9996,Sarah Miller,26
9997,Sarah Miller,46
9998,Алексей Williams,21
9999,John Лебедев,68
10000,Иван Иванов,24
