id,user_id,product_id,amount
1,6452,90,14.19
2,3083,10,253.36
3,7133,91,259.75
4,9026,83,58.2
5,5605,57,194.23
6,7112,65,177.56
7,2207,39,482.23
8,5544,65,140.73
9,3476,31,218.59
10,1507,11,60.06
11,8860,60,211.67
12,3078,84,215.07
13,6799,63,334.94
14,771,95,191.15
15,8321,60,293.03
16,3669,52,192.05
17,5440,16,448.99
18,4157,38,209.7
19,4414,83,26.84
20,6145,16,91.49
21,4133,3,337.3
22,629,10,265.85
23,4141,67,310.28
24,3979,94,242.25
25,3637,83,496.06
26,6334,54,482.67
27,8213,31,104.27
28,4471,89,186.27
29,8174,80,295.66
30,5811,28,439.35
31,1209,80,470.06
32,5526,6,60.82
33,1915,79,83.17
34,6062,91,33.42
35,7074,46,199.68
36,8463,32,136.93
37,7417,27,389.68
38,6295,97,440.9
39,500,87,441.93
40,6912,55,387.86
41,4064,99,231.89
42,8187,75,37.28
43,4688,14,121.95
44,4217,3,135.81
45,4690,65,60.58
46,4462,68,336.42
47,8374,12,303.56
48,6504,33,425.03
49,6536,32,442.81
50,7969,40,438.38
51,4139,33,192.01
52,1796,89,120.91
53,2284,61,173.4
54,1696,79,111.31
55,261,26,472.45
56,686,72,291.04
57,443,10,307.95
58,4615,57,45.16
59,7590,71,15.0
60,4375,16,143.55
61,8684,19,53.9
62,3668,4,17.14
63,5415,56,433.21
64,9532,48,127.14
65,1623,81,187.28
66,3719,11,305.63
67,2717,60,205.58
68,6244,11,451.11
69,7578,3,298.82
70,8010,9,389.02
71,7364,56,277.92
72,2997,9,45.02
73,7177,7,340.86
74,8245,7,336.53
75,9809,43,408.4
76,568,78,235.87
77,1832,21,320.66
78,1089,44,392.14
79,5570,90,453.66
80,3095,50,164.92
81,3989,68,213.21
82,5176,87,265.94
83,8116,66,327.59
84,9372,73,90.16
85,8111,76,88.24
86,2337,64,220.74
87,7530,3,453.5
88,1299,92,427.02
89,4376,71,70.17
90,1640,49,345.31
91,1437,42,491.51
92,3423,55,415.08
93,17,32,376.79
94,7914,42,273.65
95,1754,38,326.39
96,1953,98,391.04
97,8826,83,280.1
98,8659,38,35.35
99,8899,68,418.39
100,1669,92,155.93
101,3467,89,127.91
102,3496,62,100.19
103,2931,75,113.17
104,5865,93,98.41
105,1089,31,212.85
106,8319,72,150.72
107,9650,18,313.12
108,716,38,388.15
109,8056,70,441.05
110,2719,81,496.59
111,7728,42,100.92
112,1036,34,465.34
113,2074,56,307.98
114,4148,82,78.13
115,9437,78,419.43
116,1294,37,382.24
117,4877,35,62.22
118,8387,73,323.6
119,1232,54,379.56
120,7239,100,202.49
121,7916,55,274.48
122,8314,79,137.43
123,1377,66,146.04
124,6584,74,53.99
125,998,20,113.91
126,8932,6,146.01
127,998,67,456.69
128,3179,36,462.52
129,756,64,262.38
130,7751,92,177.98
131,9130,100,262.83
132,8705,95,23.37
133,1711,86,438.67
134,934,41,200.75
135,5481,25,485.01
136,4410,8,388.81
137,5562,88,357.4
138,3665,96,98.6
139,4093,43,150.13
140,7583,3,188.64
141,9565,22,329.22
142,7285,49,225.99
143,2203,18,369.13
144,2706,37,318.6
145,9952,78,257.22
146,2915,24,484.45
147,1934,94,386.53
148,3656,2,166.33
149,7637,74,185.52
150,4805,29,71.92
151,5547,35,217.91
152,6484,37,205.61
153,8488,67,373.91
154,9775,22,150.77
155,2389,30,124.01
156,6647,45,191.15
157,2948,36,283.45
158,1168,15,313.31
159,4503,46,90.68
160,968,53,166.83
161,511,69,151.25
162,7930,14,229.62
163,3523,52,211.12
164,7362,28,220.59
165,8132,19,331.57
166,7279,58,478.26
167,1108,84,301.59
168,4415,34,134.51
169,3223,7,285.97
170,8788,69,422.4
171,6744,56,72.68
172,1202,25,136.15
173,469,84,107.15
174,6611,11,69.15
175,8774,22,24.49
176,2592,95,100.86
177,1386,85,443.08
178,5931,5,208.52
179,8856,85,147.67
180,9296,2,436.36
181,7241,9,143.24
182,4958,32,55.72
183,2710,12,398.35
184,949,18,145.93
185,369,85,348.59
186,7931,88,251.3
187,1610,14,218.14
188,5442,59,117.55
189,618,32,473.89
190,6002,25,95.0
191,226,52,91.14
192,4444,36,477.01
193,7580,10,13.46
194,6766,51,16.03
195,8587,12,126.52
196,6620,5,252.62
197,5292,47,289.41
198,9749,40,140.98
199,1002,56,439.14
200,2320,78,329.75
201,4519,7,413.09
202,3062,68,397.6
203,109,55,386.45
204,227,97,405.84
205,448,27,402.29
206,5899,53,132.64
207,3649,33,163.3
208,8475,79,354.25
209,1396,44,433.54
210,6281,1,198.27
211,256,40,492.89
212,2465,71,107.82
213,4161,4,281.8
214,5781,56,365.84
215,3007,44,388.67
216,1604,90,409.7
217,8737,13,366.19
218,4409,18,67.98
219,2005,51,244.42
220,4819,19,239.13
221,9405,8,101.98
222,9078,29,167.74
223,9499,57,253.16
224,4519,98,280.9
225,3011,57,217.48
226,7698,73,65.78
227,6928,37,499.9
228,8125,64,163.93
229,8762,82,145.13
230,1170,22,468.32
231,4231,12,156.84
232,3121,11,341.32
233,6398,29,425.1
234,7204,7,479.06
235,6432,64,64.63
236,2180,85,56.86
237,7733,2,334.91
238,3907,41,65.03
239,4516,94,194.95
240,1534,83,442.45
241,985,58,128.85
242,5083,77,450.84
243,728,15,27.78
244,261,48,366.17
245,9592,5,356.34
246,8448,22,389.33
247,9333,30,130.25
248,5138,1,172.62
249,8731,92,335.66
250,3986,61,231.32
251,8075,56,40.33
252,7186,67,93.85
253,1472,63,170.6
254,9359,45,380.4
255,1315,84,447.25
256,8736,82,467.61
257,7221,89,51.45
258,4008,44,157.41
259,8395,56,340.19
260,2831,79,332.91
261,1197,72,112.17
262,8157,49,258.64
263,8939,58,40.95
264,4500,53,329.96
265,8381,12,58.43
266,6928,95,138.01
267,8430,50,142.1
268,1481,56,266.11
269,2547,40,269.55
270,3371,29,99.66
271,9598,17,56.14
272,7378,49,191.23
273,8704,29,249.74
274,5746,51,138.43
275,4162,27,336.95
276,4498,88,247.18
277,3066,26,277.94
278,9561,12,333.85
279,4228,82,304.04
280,5365,90,466.59
281,1024,3,330.56
282,36,48,192.11
283,4676,45,187.86
284,7466,35,405.35
285,8626,88,481.25
286,6219,1,490.73
287,4228,93,138.14
288,1980,50,21.09
289,4369,55,426.24
290,1240,24,192.59
291,2238,87,462.09
292,595,94,494.12
293,9717,62,399.76
294,4156,86,101.59
295,2089,75,337.05
296,3664,58,227.47
297,3332,96,53.95
298,2769,100,341.05
299,2818,75,454.68
300,2228,72,208.07
301,182,14,320.01
302,3558,76,437.39
303,6340,9,184.76
304,9201,15,484.45
305,2809,41,437.54
306,4373,18,334.11
307,6120,81,358.12
308,5510,34,60.78
309,2096,100,36.57
310,1445,78,66.97
311,453,90,176.39
312,4945,32,212.23
313,1608,68,397.28
314,5469,66,204.67
315,6850,88,149.69
316,5334,87,100.33
317,189,11,83.79
318,4977,99,339.86
319,5975,25,78.18
320,4779,40,119.86
321,245,100,496.54
322,698,4,456.87
323,7397,11,19.73
324,1333,45,308.13
325,1670,56,304.59
326,5999,81,353.17
327,8065,55,104.66
328,8070,29,215.55
329,3523,71,218.03
330,4857,36,47.96
331,8218,38,467.98
332,6049,62,176.29
333,958,80,24.75
334,4920,85,144.5
335,2704,37,317.32
336,9230,46,423.23
337,8830,21,444.54
338,7152,44,296.01
339,7934,62,340.38
340,3451,66,207.7
341,5815,42,283.15
342,7497,34,160.92
343,74,57,361.45
344,1510,45,14.76
345,145,51,18.76
346,987,4,493.35
347,6690,31,131.95
348,4943,56,272.1
349,4893,68,245.58
350,6823,6,234.98
351,9622,46,208.99
352,5347,26,64.85
353,6742,86,20.2
354,2258,68,200.41
355,1722,78,484.72
356,1175,21,127.89
357,4884,10,85.74
358,7368,52,81.95
359,864,5,241.7
360,4793,30,248.52
361,7971,41,332.48
362,3209,3,252.44
363,159,74,467.11
364,530,27,240.81
365,3323,70,394.08
366,3068,30,175.6
367,2401,96,393.67
368,8463,1,301.72
369,2575,93,338.42
370,9091,25,125.47
371,4050,90,373.58
372,4330,8,362.49
373,4463,53,342.25
374,9173,30,250.38
375,5898,3,312.04
376,701,53,344.39
377,2541,96,403.14
378,7178,86,61.98
379,626,94,337.59
380,5944,36,281.8
381,9833,79,185.14
382,197,9,36.99
383,4266,67,56.34
384,1494,3,67.25
385,6753,24,450.56
386,1671,81,357.5
387,2138,75,11.95
388,2456,99,219.32
389,8857,56,89.08
390,9465,93,313.87
391,1745,57,350.92
392,2941,53,297.99
393,8265,57,201.38
394,9256,4,141.7
395,2788,59,465.27
396,460,80,337.7
397,7187,82,476.07
398,4063,5,204.2
399,3766,97,452.57
400,823,10,194.37
401,5498,29,130.73
402,9424,47,60.46
403,5699,41,465.88
404,5094,57,122.95
405,9707,23,346.98
406,8393,31,54.01
407,5937,26,81.16
408,7680,60,244.13
409,5560,47,301.74
410,7488,2,375.51
411,3596,28,307.95
412,2666,75,177.56
413,4147,54,397.77
414,8244,95,167.92
415,2054,44,84.12
416,2265,93,153.31
417,6903,13,113.24
418,5148,8,45.58
419,6568,77,243.04
420,2016,71,369.71
421,4635,34,201.33
422,1784,55,10.59
423,4990,57,240.49
424,3342,61,37.75
425,4729,29,203.07
426,6535,72,294.69
427,9076,56,135.16
428,4461,37,250.9
429,7064,100,465.08
430,1157,88,115.73
431,5129,50,429.83
432,4525,37,150.42
433,4051,53,53.27
434,4959,75,285.48
435,6252,39,362.03
436,6903,92,251.12
437,5241,78,464.22
438,9117,72,187.83
439,7960,85,233.87
440,8433,9,383.86
441,7230,58,369.79
442,3375,90,87.92
443,7164,2,440.95
444,6586,38,318.36
445,6850,72,485.86
446,7879,36,183.87
447,3403,74,478.56
448,9814,88,160.51
449,8289,72,339.3
450,4502,90,126.04
451,307,38,65.18
452,2958,35,145.64
453,8145,41,77.85
454,1683,97,64.39
455,5607,81,431.16
456,7561,55,257.24
457,9067,81,236.21
458,7683,96,222.7
459,5317,56,203.52
460,9737,98,315.41
461,5452,80,267.02
462,5075,65,445.85
463,1812,11,28.85
464,2716,22,449.21
465,5321,79,330.14
466,4711,48,185.96
467,2367,36,29.52
468,7335,90,427.62
469,9730,19,258.18
470,7015,83,273.04
471,3351,75,376.77
472,846,19,113.08
473,7608,91,325.02
474,3075,96,384.11
475,6534,73,377.83
476,5520,62,405.62
477,9339,85,52.3
478,7086,70,265.76
479,4549,73,171.9
480,9429,98,317.94
481,8685,94,217.71
482,1782,35,189.76
483,9597,37,220.73
484,6731,14,152.08
485,9636,87,209.47
486,8917,5,281.55
487,5358,96,389.24
488,8894,59,26.76
489,1610,7,52.16
490,8444,5,35.73
491,2358,49,456.06
492,8873,50,235.62
493,4135,29,14.63
494,6339,31,334.65
495,3029,7,46.74
496,7269,56,439.73
497,4428,90,481.86
498,8372,42,104.34
499,4833,11,390.97
500,2252,16,312.65
501,1436,37,489.82
502,6875,53,86.69
503,7373,77,132.74
504,438,13,394.06
505,6270,32,445.5
506,4871,48,316.8
507,8077,10,209.7
508,6285,1,306.18
509,3258,26,381.57
510,1262,100,296.39
511,2521,96,243.09
512,1695,63,191.95
513,1310,84,474.67
514,9586,99,328.81
515,5596,43,382.52
516,7402,98,70.1
517,7085,25,186.2
518,485,97,102.77
519,4286,37,239.49
520,557,37,15.27
521,16,93,221.43
522,4301,48,371.03
523,5877,13,333.98
524,1615,39,430.68
525,8806,20,250.87
526,8336,51,346.73
527,8219,42,275.71
528,2483,35,157.95
529,3534,66,256.7
530,5380,22,357.83
531,1255,76,414.89
532,941,30,437.92
533,8907,10,335.29
534,9894,4,292.4
535,3380,91,471.99
536,3106,67,186.25
537,9809,1,385.8
538,1561,83,402.43
539,1562,80,44.36
540,4931,42,225.45
541,7005,72,78.3
542,1636,9,217.65
543,2149,75,109.21
544,8594,75,331.21
545,7381,70,110.94
546,9881,53,362.24
547,4215,82,410.51
548,8669,8,469.51
549,4252,41,72.38
550,5019,25,490.33
551,5101,48,235.03
552,7976,87,68.54
553,170,13,301.22
554,743,85,366.29
555,8041,86,38.15
556,2982,43,234.34
557,1951,83,453.46
558,9887,77,144.17
559,3188,56,157.17
560,5929,38,330.34
561,8043,61,322.58
562,6938,87,407.63
563,3709,14,83.23
564,6673,38,341.79
565,1974,99,456.83
566,3616,75,172.61
567,3090,16,250.02
568,5137,56,261.9
569,6845,82,199.39
570,9739,79,327.24
571,2779,2,250.64
572,5863,37,85.05
573,642,70,61.84
574,458,52,451.75
575,5449,67,168.9
576,8206,10,97.46
577,4010,43,323.41
578,552,44,11.65
579,9379,87,320.8
580,5184,23,148.79
581,6930,69,461.67
582,8119,86,260.31
583,2850,17,173.65
584,7662,19,77.89
585,8976,21,141.0
586,3103,46,298.87
587,8520,89,397.79
588,4775,71,77.26
589,4790,17,118.47
590,8358,25,59.24
591,2550,98,181.12
592,8840,28,435.71
593,3176,27,233.6
594,8842,71,338.77
595,9171,96,39.43
596,4153,20,454.58
597,9480,94,154.7
598,5464,45,86.16
599,2176,66,497.25
600,5420,24,477.7
601,3439,59,48.26
602,9462,69,436.62
603,4094,49,124.24
604,6232,41,178.24
605,3962,50,449.14
606,143,65,369.38
607,7332,20,177.4
608,17,98,273.97
609,4991,49,258.87
610,944,39,371.78
611,7649,43,499.16
612,1140,77,412.99
613,1341,7,320.12
614,9451,55,188.92
615,9640,84,449.09
616,5530,60,23.69
617,568,5,256.18
618,1216,56,12.57
619,9461,50,209.05
620,5153,20,370.51
621,1685,22,234.16
622,1000,4,27.95
623,8984,34,234.93
624,7369,89,168.58
625,3411,71,157.72
626,6990,69,62.83
627,2302,1,113.17
628,7999,10,145.19
629,925,18,143.03
630,4461,83,435.25
631,2412,54,218.17
632,4815,90,273.76
633,4633,58,222.53
634,6893,34,34.14
635,6139,3,347.95
636,780,48,216.13
637,600,41,183.09
638,6955,50,480.37
639,7239,86,135.48
640,372,80,219.23
641,7060,69,62.77
642,3943,68,29.75
643,7987,45,269.95
644,9669,49,469.93
645,8666,60,305.96
646,9784,28,334.73
647,7396,29,428.1
648,4847,29,280.02
649,1801,97,143.57
650,9738,65,220.38
651,3477,89,436.38
652,6886,52,146.43
653,1941,25,436.2
654,1868,54,133.49
655,6714,20,411.04
656,5253,1,252.37
657,9858,9,208.58
658,5914,16,46.97
659,5542,78,49.27
660,7672,15,468.32
661,9349,83,159.97
662,9238,79,16.77
663,109,33,454.92
664,8219,66,414.49
665,7046,60,65.78
666,1748,55,159.55
667,4197,9,148.24
668,7763,59,300.95
669,6397,63,82.14
670,5805,81,343.18
671,1322,80,424.42
672,7591,5,243.76
673,5605,54,203.45
674,6106,38,238.36
675,2139,21,173.45
676,7589,9,49.49
677,3734,21,44.94
678,5126,95,327.18
679,3711,3,214.19
680,9845,64,422.84
681,6570,20,364.66
682,8235,99,41.66
683,9856,16,20.95
684,1403,53,91.54
685,7612,24,292.56
686,5667,68,345.87
687,9667,69,281.45
688,3408,13,461.84
689,2078,57,206.91
690,4808,89,390.07
691,1931,75,21.9
692,176,92,314.99
693,2807,83,275.98
694,353,20,389.82
695,5897,44,463.96
696,7732,81,102.76
697,1847,29,460.06
698,3973,53,466.75
699,8722,30,348.85
700,2301,52,94.25
701,8173,85,298.87
702,531,11,265.06
703,7656,59,274.67
704,676,76,418.51
705,1971,74,60.94
706,7715,50,31.52
707,7220,3,139.76
708,7932,21,254.04
709,1343,15,77.48
710,342,82,148.33
711,8317,42,310.76
712,8205,77,125.43
713,3818,29,284.43
714,6188,15,233.5
715,2089,99,35.5
716,3307,52,187.14
717,7879,98,23.92
718,3542,81,369.08
719,4454,43,475.94
720,1438,94,269.54
721,3000,46,70.94
722,3347,18,360.13
723,5276,73,367.62
724,6334,41,48.7
725,7188,63,109.96
726,2673,30,80.36
727,5576,63,491.41
728,853,79,102.17
729,4225,48,499.0
730,4594,17,351.41
731,7668,4,213.55
732,5702,26,255.29
733,7718,9,84.85
734,4294,37,278.98
735,3249,69,447.85
736,9811,14,76.89
737,7126,95,27.97
738,4944,86,294.91
739,5972,65,392.95
740,4072,4,48.83
741,8951,81,296.94
742,394,54,497.66
743,446,8,50.6
744,8167,65,333.74
745,260,17,196.35
746,1846,64,241.5
747,3292,82,73.61
748,4227,1,50.58
749,8648,56,159.83
750,5424,61,56.72
751,6901,46,320.62
752,4292,74,355.72
753,558,11,85.31
754,609,84,325.92
755,1607,43,192.34
756,8128,37,335.93
757,8221,40,461.42
758,7359,60,479.15
759,4306,94,372.68
760,8529,72,99.65
761,4085,61,199.27
762,4397,16,309.13
763,2320,16,125.04
764,4201,86,475.89
765,564,43,97.15
766,7786,28,276.64
767,3931,5,493.21
768,8892,77,358.2
769,7492,89,306.23
770,5470,25,412.42
771,1492,63,473.29
772,3181,69,304.13
773,2613,4,467.84
774,7106,98,473.17
775,68,40,39.45
776,7435,67,146.05
777,9447,96,312.11
778,358,45,186.19
779,2553,57,88.22
780,3776,34,224.22
781,6791,9,83.18
782,7790,98,30.83
783,6653,10,418.68
784,2712,21,335.85
785,3245,49,181.54
786,740,42,129.84
787,3521,17,177.13
788,8266,23,124.6
789,6517,93,378.68
790,9396,50,310.3
791,4645,58,187.65
792,8635,33,418.47
793,1231,24,306.51
794,6297,98,403.26
795,6906,72,190.51
796,7325,30,256.09
797,3583,74,102.44
798,1856,46,227.32
799,3400,83,355.34
800,816,71,239.47
801,4511,84,351.73
802,6770,5,454.53
803,9346,21,301.28
804,8545,76,35.64
805,20,15,387.87
806,2951,3,451.15
807,8399,75,416.13
808,5922,43,269.62
809,8929,55,97.61
810,405,54,352.25
811,5438,97,82.67
812,362,23,201.34
813,4737,63,200.61
814,8628,95,438.46
815,2762,26,56.8
816,251,1,88.35
817,314,76,201.37
818,6143,11,104.3
819,8631,79,149.26
820,9091,21,152.48
821,5188,36,496.69
822,8896,87,210.3
823,1768,61,97.25
824,7785,10,355.91
825,681,54,258.2
826,8165,26,482.05
827,6575,21,371.92
828,6606,44,328.49
829,9509,95,386.62
830,968,46,82.28
831,4330,25,37.16
832,6117,72,432.76
833,9115,68,414.36
834,1182,48,200.0
835,3779,21,225.51
836,5717,19,488.7
837,5115,93,378.8
838,8625,16,378.27
839,9852,13,379.09
840,4392,57,351.32
841,444,62,443.02
842,2819,32,318.76
843,3987,72,303.68
844,6539,41,172.9
845,7627,50,250.44
846,134,72,425.17
847,5331,89,219.99
848,9720,39,252.92
849,8689,25,31.02
850,9432,45,379.91
851,9242,78,485.38
852,4116,47,201.4
853,3581,32,240.12
854,9860,89,475.53
855,447,21,20.4
856,3312,39,383.53
857,1213,55,427.14
858,2905,18,212.42
859,2972,24,168.5
860,7229,97,307.2
861,4327,2,433.21
862,2566,83,391.8
863,6248,11,111.99
864,8645,54,453.07
865,2300,40,354.27
866,6283,26,111.22
867,5964,66,287.05
868,7847,29,393.52
869,4762,16,277.11
870,3746,22,27.17
871,8666,56,446.32
872,938,19,242.01
873,3613,52,196.89
874,3215,99,205.16
875,3652,66,303.79
876,5816,92,54.77
877,3111,50,205.44
878,8457,71,14.96
879,982,7,87.01
880,5728,10,44.81
881,74,3,438.39
882,2967,5,237.22
883,1382,86,220.97
884,6970,100,144.83
885,1468,25,497.78
886,4096,37,151.11
887,1792,62,142.12
888,6757,7,214.81
889,5200,5,435.97
890,8317,34,176.45
891,2171,86,321.88
892,8993,34,300.61
893,5660,41,464.63
894,867,75,457.74
895,3697,67,497.3
896,9737,85,23.33
897,3886,23,162.05
898,2237,3,230.95
899,5228,22,190.78
900,6356,24,357.11
901,8222,27,446.27
902,2661,93,444.13
903,6597,42,349.67
904,2902,25,420.63
905,3223,57,177.96
906,9869,7,346.76
907,6697,30,33.48
908,4669,53,92.94
909,3822,4,197.32
910,8303,95,246.31
911,2575,7,167.32
912,5723,49,183.25
913,6052,64,372.8
914,4835,3,498.96
915,5886,63,406.84
916,5717,67,33.38
917,4082,22,424.38
918,9628,17,220.98
919,1643,17,423.05
920,1357,79,85.89
921,6843,65,85.8
922,2664,80,154.87
923,5334,4,26.27
924,3457,80,361.62
925,8071,54,280.68
926,2878,21,444.61
927,4603,18,279.92
928,1489,22,281.28
929,9265,80,299.9
930,5489,82,416.97
931,8363,76,101.43
932,1741,52,459.5
933,4347,100,45.32
934,342,68,168.12
935,6795,89,285.05
936,3815,75,264.44
937,3741,46,107.69
938,8491,6,211.06
939,3591,71,204.16
940,5342,25,136.03
941,906,11,271.06
942,5724,55,53.14
943,4622,33,391.8
944,4767,52,83.73
945,4692,15,311.11
946,637,11,209.77
947,6332,69,387.33
948,4277,43,419.05
949,3499,50,369.29
950,63,84,135.58
951,5344,23,370.64
952,3875,93,44.33
953,3066,11,14.36
954,3509,83,166.31
955,7697,59,344.73
956,2511,42,325.1
957,3475,35,440.64
958,462,86,411.16
959,2149,56,137.79
960,7681,1,396.19
961,4126,51,253.04
962,8671,20,207.5
963,9565,51,97.86
964,5383,51,29.45
965,9813,16,307.32
966,9802,81,242.18
967,8753,47,311.13
968,5644,46,431.02
969,6040,10,371.03
970,1519,72,91.11
971,3594,74,304.39
972,9657,64,218.35
973,6867,96,122.43
974,6417,85,10.28
975,7427,99,412.94
976,2773,96,259.73
977,895,41,299.91
978,7243,30,229.22
979,3742,33,253.04
980,2231,76,212.2
981,5551,48,55.64
982,7473,8,57.78
983,1622,68,496.05
984,3619,62,61.15
985,3636,51,305.36
986,1647,10,184.99
987,6355,47,370.75
988,4785,67,298.34
989,1266,53,362.8
990,7647,68,273.04
991,8626,93,271.81
992,1426,46,430.7
993,731,52,394.99
994,1408,65,182.54
995,5719,84,227.7
996,3996,81,309.5
997,6537,38,13.93
998,6935,38,25.51
999,1926,16,497.88
1000,8469,50,496.72
1001,5901,53,401.11
1002,1425,87,154.02
1003,8175,57,27.76
1004,8483,4,400.75
1005,5918,41,272.68
1006,577,21,347.07
1007,7642,77,25.47
1008,3081,52,163.79
1009,2747,72,294.47
1010,7680,60,80.01
1011,4810,40,497.54
1012,7124,73,144.68
1013,2970,95,284.24
1014,7562,8,386.09
1015,1153,62,164.66
1016,6860,84,288.73
1017,3676,12,346.59
1018,9956,23,72.78
1019,3208,59,67.79
1020,3662,25,273.83
1021,2003,34,125.28
1022,9274,75,260.76
1023,6783,32,312.37
1024,1898,31,384.53
1025,7148,1,206.27
1026,649,5,450.23
1027,4064,9,280.29
1028,7926,82,109.85
1029,4941,88,342.26
1030,4368,67,468.51
1031,6993,5,109.67
1032,1066,93,45.82
1033,2778,92,378.67
1034,600,70,163.28
1035,430,34,203.98
1036,7292,86,108.84
1037,6289,61,410.52
1038,6805,48,322.92
1039,1727,3,327.88
1040,6061,62,87.91
1041,3336,61,141.45
1042,8370,33,439.52
1043,7084,90,222.35
1044,64,89,468.72
1045,4388,26,448.75
1046,4126,11,458.71
1047,6008,72,214.43
1048,2883,13,197.54
1049,5272,33,189.55
1050,1252,100,472.46
1051,7640,97,165.92
1052,2860,53,404.59
1053,9504,18,82.42
1054,3368,54,117.41
1055,5402,87,304.46
1056,2811,1,277.45
1057,629,90,155.13
1058,7224,65,237.92
1059,8135,22,91.81
1060,6162,42,101.48
1061,799,30,147.31
1062,8542,80,174.68
1063,4502,5,243.65
1064,6063,28,380.56
1065,8239,9,214.33
1066,5520,80,391.83
1067,6790,22,317.03
1068,3968,26,17.38
1069,6709,41,486.61
1070,7512,11,313.1
1071,1296,29,342.81
1072,2985,28,345.39
1073,2768,56,496.33
1074,308,7,192.09
1075,947,53,367.28
1076,8384,40,214.2
1077,113,56,231.45
1078,8199,94,260.18
1079,7391,65,193.5
1080,1012,1,395.29
1081,5926,98,320.95
1082,2570,93,462.41
1083,7375,8,199.74
1084,4890,44,461.76
1085,3835,61,86.31
1086,4725,97,464.99
1087,2492,14,145.91
1088,3361,26,89.13
1089,7113,31,259.15
1090,5263,87,46.65
1091,3832,82,349.3
1092,5788,58,346.09
1093,8925,68,266.69
1094,3206,62,71.47
1095,2749,84,255.01
1096,471,59,369.84
1097,3746,55,293.59
1098,4546,25,274.38
1099,686,67,100.21
1100,423,37,133.28
1101,9347,60,256.77
1102,8923,76,329.89
1103,2723,66,201.3
1104,1199,49,472.84
1105,5767,75,251.0
1106,7706,20,346.23
1107,1306,71,42.56
1108,7475,6,330.74
1109,6093,37,147.81
1110,2865,42,448.16
1111,7668,80,319.57
1112,7850,46,475.63
1113,8136,35,122.99
1114,3261,17,37.57
1115,6277,17,244.51
1116,9497,87,134.04
1117,478,24,56.89
1118,3509,9,484.39
1119,6114,49,154.29
1120,8758,56,56.48
1121,1561,6,288.79
1122,5709,34,328.85
1123,2589,65,425.56
1124,536,2,216.54
1125,7825,56,263.84
1126,779,99,487.24
1127,29,31,416.78
1128,6677,79,468.59
1129,3350,46,19.56
1130,2549,14,481.79
1131,274,88,493.52
1132,3302,32,308.89
1133,2742,85,413.11
1134,6972,58,32.05
1135,3598,19,157.84
1136,5485,88,85.81
1137,9240,91,122.54
1138,510,12,414.55
1139,219,91,194.42
1140,8002,68,246.46
1141,1800,69,329.2
1142,7017,58,368.2
1143,5584,29,119.18
1144,5658,76,404.6
1145,5031,24,79.59
1146,1230,29,293.39
1147,9521,55,481.04
1148,7871,3,414.98
1149,574,27,439.46
1150,6384,64,245.58
1151,3292,83,300.61
1152,6309,54,223.28
1153,8379,52,154.26
1154,4703,90,484.52
1155,4230,14,345.62
1156,1403,58,159.62
1157,7586,2,359.1
1158,3822,22,383.32
1159,559,88,218.14
1160,1409,46,26.05
1161,7491,35,103.92
1162,7872,94,119.75
1163,8643,93,301.52
1164,1574,91,40.5
1165,7651,74,429.81
1166,8279,87,196.69
1167,6776,91,433.56
1168,8768,92,472.4
1169,5005,67,387.08
1170,5066,33,398.95
1171,9477,23,387.34
1172,9520,63,238.58
1173,3464,3,202.17
1174,7824,18,372.71
1175,9105,30,28.53
1176,1772,18,229.59
1177,5444,85,313.1
1178,2698,4,138.52
1179,1121,80,379.23
1180,5020,88,385.92
1181,2202,8,226.1
1182,2338,30,488.78
1183,4957,81,349.31
1184,5430,23,252.68
1185,7002,13,397.04
1186,1726,36,268.7
1187,2989,23,279.07
1188,1331,19,365.6
1189,1672,15,248.08
1190,884,10,216.46
1191,4310,97,116.92
1192,581,37,13.25
1193,4704,6,378.43
1194,1068,25,313.83
1195,370,99,201.04
1196,3028,93,411.67
1197,2747,2,288.26
1198,1909,10,208.94
1199,9883,36,34.7
1200,7066,6,174.12
1201,1553,85,177.63
1202,1346,40,85.12
1203,959,57,321.29
1204,7276,33,348.04
1205,4479,14,465.36
1206,7451,60,91.18
1207,1472,79,477.29
1208,5442,65,194.67
1209,8447,72,317.89
1210,674,6,434.83
1211,2525,8,435.99
1212,2954,2,114.4
1213,6925,94,31.83
1214,9865,9,468.85
1215,2440,3,205.54
1216,9299,91,222.17
1217,7299,66,463.01
1218,8746,96,119.33
1219,8247,25,20.64
1220,9082,14,116.48
1221,2472,8,442.13
1222,2403,31,131.94
1223,7375,12,473.93
1224,2705,33,154.82
1225,316,10,448.79
1226,5047,43,264.61
1227,6469,58,181.59
1228,3559,52,105.36
1229,6597,55,89.93
1230,7896,67,270.56
1231,2668,31,247.78
1232,7168,63,200.1
1233,1118,11,197.38
1234,3342,8,184.49
1235,9116,20,398.75
1236,2526,92,22.19
1237,931,79,171.46
1238,3334,9,171.93
1239,1024,11,218.16
1240,9887,45,111.23
1241,5038,34,466.04
1242,6746,34,460.29
1243,887,39,48.51
1244,5522,12,202.12
1245,427,31,169.71
1246,1750,31,380.89
1247,8760,83,15.37
1248,7076,5,113.53
1249,1873,22,230.74
1250,8974,40,302.32
1251,8893,36,140.39
1252,9346,59,33.09
1253,5660,7,430.89
1254,5625,21,68.94
1255,5279,9,425.42
1256,4367,48,92.84
1257,4688,62,115.85
1258,8833,52,278.22
1259,414,9,336.7
1260,450,77,31.14
1261,5262,39,344.19
1262,2499,91,405.23
1263,6325,96,185.3
1264,98,44,288.47
1265,4326,73,419.34
1266,250,39,485.83
1267,8532,70,97.32
1268,7101,99,162.74
1269,8091,45,379.82
1270,9358,84,44.54
1271,984,23,55.66
1272,4683,25,401.86
1273,329,34,150.91
1274,9057,31,379.89
1275,1389,40,96.51
1276,3476,20,74.03
1277,9526,29,316.86
1278,218,21,50.65
1279,4624,21,454.68
1280,406,43,101.14
1281,3134,23,186.55
1282,9864,19,366.36
1283,3707,51,230.36
1284,3899,38,178.83
1285,3592,52,122.68
1286,4967,92,15.89
1287,5727,82,421.17
1288,9847,74,266.23
1289,9369,46,350.85
1290,4567,63,65.28
1291,1343,6,166.09
1292,3919,70,415.94
1293,1361,16,53.65
1294,5091,96,192.26
1295,4445,6,275.36
1296,9571,28,485.34
1297,3031,74,138.16
1298,6904,32,158.04
1299,9429,93,171.81
1300,6374,6,407.08
1301,8979,76,69.68
1302,5180,41,398.9
1303,4903,63,495.72
1304,650,86,139.62
1305,5628,82,243.33
1306,5068,12,367.8
1307,4939,31,41.45
1308,6369,31,189.95
1309,2685,26,290.58
1310,6823,84,241.66
1311,6051,90,348.61
1312,5596,54,202.06
1313,1276,36,389.73
1314,5210,65,204.63
1315,8775,70,292.5
1316,8391,47,46.17
1317,9141,56,285.62
1318,8894,85,435.65
1319,9336,40,353.44
1320,1418,55,383.65
1321,3949,62,339.73
1322,3469,22,189.44
1323,7882,98,105.3
1324,8110,93,293.98
1325,1110,95,145.37
1326,1379,7,388.1
1327,7274,13,30.11
1328,3182,30,114.99
1329,9305,81,390.75
1330,6708,26,429.48
1331,7168,66,242.13
1332,166,56,114.57
1333,8087,11,198.62
1334,9510,76,352.46
1335,9757,17,425.36
1336,9481,23,484.53
1337,3036,82,120.36
1338,5386,92,389.0
1339,6696,55,186.03
1340,5903,84,265.82
1341,2506,66,326.42
1342,825,72,169.98
1343,7879,99,405.14
1344,9959,37,435.01
1345,9102,22,381.39
1346,215,32,33.1
1347,5883,55,335.82
1348,3485,64,259.37
1349,757,27,463.74
1350,3421,76,494.94
1351,1088,49,161.44
1352,609,88,132.49
1353,1703,55,427.95
1354,7784,4,328.91
1355,2064,86,217.78
1356,6103,12,184.67
1357,9160,61,59.88
1358,7169,99,136.23
1359,8940,48,291.66
1360,2190,94,216.19
1361,6808,80,498.27
1362,9953,48,175.42
1363,5341,92,424.98
1364,1976,25,186.16
1365,1677,49,350.05
1366,5440,80,94.62
1367,5652,65,144.02
1368,8241,15,203.54
1369,8560,3,435.68
1370,1192,5,148.12
1371,1585,86,354.87
1372,1731,89,126.97
1373,6646,71,130.0
1374,4580,26,424.31
1375,1056,43,495.38
1376,4712,11,142.41
1377,6050,8,476.94
1378,331,36,56.34
1379,4027,50,111.49
1380,4768,35,85.6
1381,6721,92,481.52
1382,2965,96,425.21
1383,6794,23,110.17
1384,4239,52,356.42
1385,9070,2,400.33
1386,8528,4,256.44
1387,5108,85,418.68
1388,4406,94,25.1
1389,6922,55,268.4
1390,5323,81,247.84
1391,6914,42,435.29
1392,6141,37,218.11
1393,4050,34,293.04
1394,989,86,243.28
1395,6843,66,81.64
1396,3607,30,391.53
1397,8662,45,243.42
1398,2316,87,452.21
1399,8815,75,189.77
1400,8812,99,142.12
1401,3999,35,23.41
1402,8465,47,53.44
1403,1203,97,453.16
1404,6171,86,494.99
1405,4401,46,283.45
1406,2377,69,221.28
1407,8658,74,228.05
1408,1325,16,146.7
1409,3108,52,460.26
1410,3073,34,414.29
1411,7159,37,257.76
1412,7351,41,273.29
1413,3732,70,221.48
1414,3367,7,258.42
1415,3980,93,471.15
1416,2049,52,87.18
1417,538,29,407.85
1418,7603,50,76.26
1419,214,17,353.12
1420,6520,29,294.68
1421,2676,8,205.19
1422,7942,8,36.48
1423,8702,92,178.14
1424,4343,90,87.39
1425,7668,81,424.38
1426,5661,80,266.91
1427,3751,85,360.59
1428,9587,30,153.17
1429,7147,8,301.9
1430,6197,80,260.07
1431,3775,92,159.64
1432,3147,69,47.81
1433,9386,11,126.21
1434,5060,81,47.43
1435,9891,25,240.57
1436,9525,56,243.54
1437,4798,34,492.83
1438,5182,54,108.54
1439,8788,43,64.48
1440,7410,81,357.64
1441,3943,26,213.39
1442,4922,60,323.71
1443,3806,7,140.06
1444,1317,82,149.09
1445,9561,61,43.36
1446,5892,75,459.29
1447,4965,86,387.97
1448,6153,81,417.95
1449,2603,29,273.03
1450,4949,96,95.34
1451,6154,93,492.13
1452,3265,11,271.58
1453,6842,1,402.4
1454,6430,57,10.69
1455,7779,36,258.02
1456,5489,33,219.39
1457,5753,25,12.1
1458,8731,1,273.51
1459,9547,57,305.29
1460,4658,73,245.04
1461,7338,40,180.61
1462,7800,59,185.13
1463,6909,40,141.01
1464,2861,45,287.53
1465,1415,46,319.81
1466,5271,19,141.85
1467,4582,51,148.11
1468,3032,47,191.32
1469,2635,16,464.24
1470,8153,15,221.8
1471,2751,86,279.79
1472,6144,30,29.48
1473,2732,67,295.62
1474,5718,16,391.86
1475,9744,94,191.62
1476,7791,73,18.4
1477,1934,15,144.38
1478,4553,67,224.56
1479,8897,42,60.61
1480,6547,65,295.01
1481,9739,5,419.85
1482,8787,30,152.17
1483,4618,96,406.64
1484,7240,1,90.14
1485,9505,87,314.21
1486,5495,66,171.59
1487,3802,62,167.87
1488,5443,85,301.4
1489,1330,33,70.41
1490,9476,77,369.53
1491,6840,84,483.83
1492,7870,22,330.5
1493,5240,61,268.64
1494,8523,25,52.69
1495,4623,81,117.48
1496,903,92,209.9
1497,541,86,375.73
1498,2609,49,10.85
1499,2193,33,415.17
1500,3308,23,174.6
1501,9254,6,449.25
1502,3117,98,283.87
1503,3108,78,290.3
1504,2668,70,76.84
1505,7134,6,458.07
1506,9670,56,389.67
1507,3433,9,174.83
1508,9985,32,245.85
1509,6067,88,280.7
1510,4756,71,183.14
1511,2437,13,349.88
1512,8884,70,163.07
1513,6381,28,293.47
1514,55,55,401.23
1515,805,67,54.9
1516,2139,97,89.53
1517,4886,53,80.67
1518,3040,81,324.39
1519,9823,42,189.18
1520,6281,80,181.81
1521,8311,71,69.82
1522,6850,38,398.01
1523,3863,52,75.03
1524,7541,46,268.16
1525,7332,32,54.84
1526,6140,85,334.23
1527,3515,46,449.91
1528,8374,17,132.04
1529,8618,13,161.96
1530,9527,38,476.91
1531,4796,85,192.44
1532,9149,32,488.69
1533,3546,49,469.9
1534,9077,19,140.69
1535,9124,37,59.97
1536,3689,82,471.05
1537,3890,44,289.8
1538,1102,11,302.64
1539,2923,19,175.87
1540,4270,80,158.73
1541,4808,21,82.65
1542,5513,72,431.44
1543,9133,12,208.44
1544,4555,76,284.1
1545,2460,1,243.18
1546,8582,30,389.78
1547,4687,12,184.37
1548,6730,60,45.36
1549,7282,88,96.04
1550,2340,39,384.8
1551,5221,91,438.03
1552,2047,98,108.74
1553,8341,68,68.94
1554,4210,69,167.81
1555,6020,81,477.33
1556,5191,8,208.71
1557,4543,39,496.81
1558,7642,38,190.42
1559,3763,37,37.59
1560,3414,58,84.15
1561,1932,16,292.32
1562,5039,31,287.58
1563,9975,98,404.42
1564,7456,92,96.43
1565,3161,33,386.02
1566,2669,7,79.83
1567,8171,56,66.39
1568,8204,58,10.32
1569,5346,89,184.9
1570,1648,11,406.77
1571,2122,66,293.53
1572,3141,90,57.97
1573,3923,13,273.83
1574,1317,30,241.17
1575,9550,3,204.39
1576,4574,69,39.42
1577,2148,14,84.79
1578,3243,58,102.83
1579,1911,88,282.44
1580,618,28,60.15
1581,9631,78,493.11
1582,540,37,12.18
1583,9797,50,417.65
1584,4436,24,80.22
1585,8155,77,193.44
1586,678,8,114.3
1587,6725,50,491.89
1588,540,15,364.71
1589,5975,62,314.05
1590,7786,86,368.26
1591,839,40,262.72
1592,6010,84,128.78
1593,3647,72,118.85
1594,3591,94,304.08
1595,7027,79,488.69
1596,5572,85,474.32
1597,814,12,406.25
1598,7459,23,16.33
1599,3965,73,359.85
1600,108,61,182.52
1601,4764,52,47.6
1602,6248,74,300.21
1603,7873,98,261.33
1604,3507,69,491.88
1605,177,85,177.27
1606,4556,93,495.06
1607,8509,26,28.54
1608,1462,27,90.95
1609,6637,72,316.75
1610,2769,81,478.94
1611,5751,93,254.89
1612,5227,70,132.97
1613,5484,35,176.27
1614,4341,72,56.46
1615,2959,15,220.0
1616,7260,60,106.84
1617,954,34,294.15
1618,1217,25,283.1
1619,7622,77,471.82
1620,1619,39,423.89
1621,6670,7,259.33
1622,6603,56,409.32
1623,7036,67,274.45
1624,5826,67,494.15
1625,8731,44,134.13
1626,6562,34,110.34
1627,2145,48,329.03
1628,2866,51,414.52
1629,9968,53,392.46
1630,1274,58,470.28
1631,7305,90,203.19
1632,9603,3,352.34
1633,1597,16,113.77
1634,9201,99,449.0
1635,3867,95,436.04
1636,2285,99,86.75
1637,27,28,138.21
1638,776,94,339.65
1639,6147,82,306.76
1640,4908,76,482.63
1641,5209,84,415.81
1642,3069,41,130.68
1643,9234,43,224.94
1644,7698,22,212.27
1645,2354,32,427.92
1646,7880,20,251.58
1647,2259,5,349.72
1648,899,63,205.1
1649,65,31,56.1
1650,4699,98,117.13
1651,6895,66,443.72
1652,620,43,54.18
1653,8645,68,326.73
1654,9997,9,36.89
1655,4323,62,93.95
1656,5740,47,64.53
1657,6412,9,255.94
1658,3898,8,13.35
1659,4108,53,368.58
1660,4524,96,17.02
1661,8741,92,461.49
1662,8637,99,350.51
1663,2405,91,421.52
1664,8644,40,440.74
1665,2763,51,155.26
1666,3227,17,433.59
1667,1001,72,135.57
1668,3289,50,454.86
1669,7506,71,130.6
1670,6671,47,366.63
1671,6919,40,136.6
1672,3266,87,256.46
1673,8194,98,128.12
1674,8098,64,494.71
1675,7156,61,477.29
1676,9888,60,497.09
1677,2310,94,260.15
1678,1814,15,459.68
1679,8916,26,18.4
1680,9675,71,247.51
1681,4277,17,303.46
1682,8409,23,315.91
1683,6012,57,61.64
1684,3383,61,153.36
1685,8235,13,28.68
1686,1315,69,480.74
1687,3151,55,227.23
1688,5995,43,491.97
1689,4187,52,446.84
1690,831,72,32.32
1691,9794,80,41.84
1692,1753,27,445.4
1693,9267,28,246.09
1694,3821,45,302.45
1695,6077,69,208.7
1696,8974,31,436.57
1697,2780,84,83.17
1698,3055,27,228.41
1699,3278,71,332.78
1700,4287,1,293.75
1701,5889,51,254.91
1702,6413,52,52.15
1703,2186,16,423.39
1704,9622,28,317.06
1705,2718,11,76.44
1706,782,36,416.65
1707,7480,31,135.76
1708,84,23,94.56
1709,9048,49,49.76
1710,6074,15,130.0
1711,3653,48,446.42
1712,5175,73,444.49
1713,813,24,172.74
1714,1115,45,305.63
1715,4354,86,68.18
1716,1458,17,299.32
1717,5735,44,140.17
1718,1980,99,246.64
1719,1178,2,441.28
1720,5923,39,56.32
1721,4500,95,162.82
1722,7800,95,330.31
1723,2331,29,50.16
1724,2759,23,103.76
1725,8691,85,348.76
1726,9385,51,306.02
1727,3878,19,290.55
1728,1565,82,474.91
1729,1811,92,240.8
1730,2135,65,312.59
1731,4957,12,292.67
1732,1217,79,367.77
1733,5408,21,444.47
1734,8043,60,445.17
1735,8063,11,35.01
1736,7040,81,147.6
1737,4779,83,61.28
1738,2052,16,324.97
1739,6108,65,426.48
1740,9696,41,474.59
1741,2560,62,413.97
1742,1059,83,82.08
1743,8508,14,228.9
1744,1712,24,482.95
1745,2841,6,368.31
1746,1138,68,424.45
1747,9999,50,108.36
1748,8436,61,117.9
1749,8937,70,277.11
1750,4562,26,122.26
1751,7924,57,275.84
1752,946,9,296.35
1753,843,91,233.05
1754,6778,27,427.48
1755,5567,28,331.85
1756,6393,45,188.09
1757,5026,27,342.09
1758,1080,85,356.37
1759,1784,44,53.59
1760,509,34,394.63
1761,337,8,301.82
1762,1188,40,205.26
1763,900,65,291.52
1764,4180,95,400.81
1765,3578,61,138.31
1766,1657,94,496.94
1767,5004,79,31.25
1768,6581,96,131.61
1769,9661,35,433.77
1770,2815,88,441.61
1771,3407,38,98.64
1772,9961,82,62.3
1773,187,81,339.01
1774,5469,31,59.46
1775,6692,13,454.16
1776,5424,34,356.74
1777,7004,70,208.17
1778,4444,32,451.31
1779,9902,2,169.75
1780,736,4,204.99
1781,4860,74,56.75
1782,1037,37,235.0
1783,117,49,212.13
1784,2504,16,272.06
1785,291,16,227.8
1786,2961,59,412.17
1787,3449,51,439.04
1788,6354,73,434.15
1789,4731,43,156.77
1790,5889,9,162.3
1791,2008,35,225.98
1792,1426,92,398.86
1793,4368,79,413.83
1794,3869,65,483.65
1795,3079,84,121.06
1796,3784,14,263.88
1797,3361,67,320.47
1798,9002,45,371.94
1799,4353,77,147.74
1800,1084,73,442.45
1801,8112,31,328.77
1802,1197,100,96.61
1803,573,28,216.08
1804,8786,27,489.34
1805,2944,84,240.56
1806,8926,44,262.2
1807,7109,28,458.48
1808,4963,5,16.61
1809,4987,77,327.72
1810,6362,2,299.23
1811,4525,63,33.93
1812,1771,97,218.17
1813,5293,24,31.76
1814,8360,27,453.45
1815,8400,45,160.0
1816,8170,63,233.72
1817,3297,23,155.08
1818,1773,75,389.45
1819,5906,14,15.05
1820,497,16,299.06
1821,382,22,300.01
1822,6953,21,278.17
1823,8835,10,185.17
1824,6424,48,387.0
1825,4093,99,460.97
1826,8270,72,357.6
1827,5118,41,383.13
1828,2781,7,428.42
1829,3317,56,50.08
1830,9443,74,241.22
1831,1530,70,460.74
1832,8058,59,258.84
1833,7014,68,304.17
1834,5669,7,350.72
1835,5164,28,165.75
1836,2943,8,274.78
1837,9138,65,168.97
1838,8101,45,233.07
1839,1186,38,74.65
1840,3900,8,115.43
1841,6916,90,111.22
1842,9988,10,22.7
1843,3174,85,153.21
1844,6160,31,370.23
1845,1851,4,35.66
1846,4444,92,179.12
1847,1968,98,298.81
1848,9548,57,204.12
1849,2010,30,383.04
1850,1831,24,252.35
1851,6465,59,266.46
1852,2102,5,197.71
1853,7804,3,321.85
1854,6011,87,57.72
1855,6107,74,193.31
1856,3500,26,347.61
1857,7554,7,110.56
1858,5292,92,32.0
1859,8738,25,489.47
1860,7742,71,251.84
1861,5593,34,437.04
1862,1140,64,200.88
1863,809,5,490.6
1864,9919,97,264.57
1865,4699,41,323.95
1866,8771,37,461.26
1867,9109,76,244.98
1868,8500,68,294.02
1869,8762,82,257.27
1870,9274,35,143.19
1871,3524,7,57.56
1872,2748,92,186.02
1873,5410,81,70.61
1874,3973,6,79.99
1875,8919,19,132.36
1876,9302,47,415.69
1877,7977,83,47.18
1878,7359,92,161.15
1879,1032,55,427.91
1880,4325,98,333.49
1881,119,94,89.0
1882,5698,38,310.39
1883,6982,32,228.29
1884,5112,12,131.15
1885,383,16,266.38
1886,181,65,247.82
1887,1255,68,97.55
1888,8696,1,178.22
1889,3933,45,64.49
1890,5633,48,385.97
1891,3842,33,331.66
1892,6820,87,45.29
1893,5527,83,428.49
1894,7155,25,284.57
1895,8388,74,311.46
1896,3737,13,239.34
1897,410,92,399.13
1898,1242,20,138.13
1899,3549,79,496.3
1900,266,32,309.07
1901,7924,42,371.43
1902,1195,79,289.52
1903,9935,48,368.69
1904,4778,80,470.21
1905,10000,78,399.17
1906,4751,5,322.94
1907,6537,33,104.0
1908,3362,64,495.46
1909,5132,49,21.06
1910,7965,12,212.4
1911,7298,28,63.0
1912,5961,9,346.85
1913,4188,2,207.29
1914,7787,42,305.59
1915,8612,85,281.45
1916,2439,65,403.15
1917,6956,24,431.89
1918,1826,19,452.68
1919,3337,64,36.43
1920,6695,67,50.17
1921,9009,7,252.27
1922,6905,66,326.65
1923,7336,99,176.48
1924,7769,19,185.47
1925,5123,79,278.18
1926,4253,25,250.27
1927,4657,45,471.23
1928,4680,9,330.46
1929,4367,87,124.62
1930,1544,10,430.73
1931,4509,68,476.22
1932,4019,85,427.93
1933,3107,40,406.87
1934,378,88,443.7
1935,5742,7,367.78
1936,6700,61,357.25
1937,6467,47,217.39
1938,7852,17,224.76
1939,6950,45,76.11
1940,3400,48,24.73
1941,80,84,161.25
1942,5188,98,312.35
1943,1734,12,93.31
1944,4292,55,351.81
1945,4712,98,100.12
1946,5808,33,390.96
1947,878,62,278.62
1948,7213,3,161.93
1949,1857,10,189.59
1950,3737,1,240.68
1951,1272,18,332.8
1952,8780,97,382.77
1953,4932,69,412.09
1954,7685,57,423.43
1955,4102,25,227.43
1956,8797,79,133.69
1957,8923,95,346.61
1958,2754,93,398.35
1959,4477,31,60.81
1960,1254,24,125.2
1961,6748,19,387.13
1962,5705,49,215.91
1963,2136,66,186.19
1964,900,84,402.79
1965,6578,49,168.19
1966,2855,75,312.28
1967,5762,48,104.04
1968,8143,61,440.55
1969,3474,62,178.4
1970,1834,80,218.81
1971,9505,25,115.42
1972,4233,66,346.91
1973,9948,68,335.9
1974,5813,87,214.0
1975,9780,55,184.59
1976,8786,97,144.14
1977,471,58,430.62
1978,5854,28,223.62
1979,2656,10,334.06
1980,1388,83,135.9
1981,9255,71,26.29
1982,4085,93,235.1
1983,8517,22,373.74
1984,1295,8,332.27
1985,7354,33,219.27
1986,1933,84,167.54
1987,6682,1,26.65
1988,4872,34,205.49
1989,9842,63,364.69
1990,7244,67,313.34
1991,5087,2,138.04
1992,1594,81,322.13
1993,8447,17,188.26
1994,1234,72,482.03
1995,2462,22,144.97
1996,6432,30,34.16
1997,5954,12,466.39
1998,2919,56,314.05
1999,7431,92,417.7
2000,1489,2,172.38
2001,6175,23,272.14
2002,1898,72,298.37
2003,8873,25,185.59
2004,3956,40,373.74
2005,5265,17,281.51
2006,8984,54,39.72
2007,2697,98,194.67
2008,5066,92,253.78
2009,7331,8,153.92
2010,3854,78,47.3
2011,5009,56,450.51
2012,5221,28,301.45
2013,9868,24,117.42
2014,413,71,38.07
2015,2646,26,262.21
2016,3680,50,360.0
2017,7786,72,294.93
2018,1087,87,496.92
2019,2487,2,463.08
2020,1433,20,51.56
2021,6899,29,426.96
2022,4022,30,493.44
2023,7863,95,14.78
2024,4227,87,11.92
2025,3917,81,417.26
2026,400,61,488.41
2027,9413,90,476.56
2028,7344,42,355.64
2029,2003,48,322.69
2030,1081,50,157.81
2031,8789,47,113.6
2032,1666,28,359.97
2033,504,69,376.36
2034,9872,48,219.71
2035,4931,51,339.73
2036,6268,60,366.99
2037,3551,11,269.27
2038,1765,42,476.66
2039,3684,17,79.72
2040,9261,25,170.95
2041,7804,83,232.35
2042,3958,33,441.75
2043,630,54,122.15
2044,6946,34,148.0
2045,6901,29,456.02
2046,9933,40,473.65
2047,5940,22,126.16
2048,3970,28,422.13
2049,8503,21,147.09
2050,3218,25,370.18
2051,1802,90,69.0
2052,6690,75,326.44
2053,9508,65,15.65
2054,2752,68,338.23
2055,3288,45,64.16
2056,8973,91,207.43
2057,5209,78,40.56
2058,199,41,363.42
2059,9914,82,377.72
2060,9976,96,124.4
2061,4735,90,336.01
2062,4972,64,297.93
2063,3477,25,379.17
2064,7947,24,211.51
2065,9765,77,480.88
2066,183,38,347.76
2067,8958,90,76.63
2068,5266,26,357.7
2069,7557,34,491.29
2070,4393,77,80.56
2071,2700,80,159.7
2072,5165,96,315.16
2073,6386,96,69.91
2074,4416,60,375.98
2075,3854,88,41.21
2076,7804,61,165.76
2077,7200,59,436.62
2078,3369,33,202.51
2079,2984,86,245.65
2080,6138,75,418.15
2081,4558,90,188.08
2082,4666,47,139.48
2083,4329,88,138.88
2084,4418,2,49.38
2085,1882,39,48.08
2086,8793,89,360.34
2087,2648,62,494.14
2088,8980,84,364.76
2089,2731,9,268.82
2090,222,14,442.84
2091,4105,95,361.2
2092,6711,1,340.22
2093,4420,42,453.83
2094,1349,29,224.28
2095,1318,18,421.39
2096,8263,47,41.51
2097,3708,28,178.29
2098,5618,47,212.76
2099,4747,82,197.13
2100,8573,23,170.35
2101,1589,1,332.94
2102,1199,53,396.55
2103,855,56,459.24
2104,8210,24,490.95
2105,7192,48,447.53
2106,1730,37,121.3
2107,3667,98,23.76
2108,5750,34,225.82
2109,6937,53,112.13
2110,1729,100,338.94
2111,3719,90,70.62
2112,1156,6,79.77
2113,6294,1,435.8
2114,2554,43,36.7
2115,979,36,320.66
2116,1871,22,359.48
2117,4432,63,414.21
2118,1126,83,254.08
2119,6533,32,47.23
2120,2449,86,339.15
2121,618,82,176.82
2122,6394,62,10.63
2123,2056,79,377.26
2124,5928,20,474.82
2125,4922,22,177.84
2126,4524,100,26.37
2127,6225,40,157.4
2128,3481,3,11.83
2129,926,20,373.05
2130,5048,11,97.45
2131,7477,21,252.38
2132,6414,6,448.06
2133,5813,63,487.65
2134,2235,69,466.03
2135,5444,2,248.95
2136,4631,36,122.77
2137,1330,52,320.18
2138,7095,47,491.91
2139,9847,23,110.7
2140,6040,86,446.51
2141,7930,72,110.47
2142,8514,58,306.32
2143,2374,75,436.0
2144,293,81,498.05
2145,2016,23,462.13
2146,9765,21,175.1
2147,4263,32,289.39
2148,4330,14,205.16
2149,1980,59,63.65
2150,1635,81,411.8
2151,1676,11,37.43
2152,5375,61,382.02
2153,7865,91,254.62
2154,2922,50,47.78
2155,2015,97,431.09
2156,7772,85,137.98
2157,8733,55,452.41
2158,1654,78,138.41
2159,5973,68,410.8
2160,1636,52,378.2
2161,8763,27,318.03
2162,6437,45,151.26
2163,9276,10,387.43
2164,87,34,495.26
2165,2698,63,459.96
2166,2185,12,284.91
2167,9251,86,289.35
2168,7541,52,256.02
2169,8416,84,212.44
2170,7796,35,91.06
2171,8078,27,328.27
2172,5385,50,487.17
2173,2743,80,370.46
2174,4632,93,143.9
2175,2924,13,73.82
2176,1931,12,17.6
2177,3815,99,306.59
2178,6679,45,112.67
2179,9626,33,421.49
2180,2494,34,385.17
2181,8216,46,424.62
2182,8351,69,159.37
2183,4355,99,223.82
2184,3362,95,357.71
2185,7184,67,384.04
2186,3058,45,97.89
2187,5307,96,159.96
2188,705,20,26.2
2189,502,63,203.25
2190,3719,24,433.45
2191,6547,9,379.72
2192,8439,96,262.73
2193,1898,19,192.63
2194,7453,69,53.87
2195,1453,77,487.99
2196,7207,44,270.96
2197,5548,76,319.23
2198,9123,93,34.26
2199,1267,8,38.35
2200,3532,47,497.33
2201,2772,83,320.26
2202,976,6,38.24
2203,3505,41,307.33
2204,5979,5,433.94
2205,9611,20,189.54
2206,5794,6,305.56
2207,5571,47,24.11
2208,6928,46,342.97
2209,8327,12,491.66
2210,9342,98,352.58
2211,2339,41,312.06
2212,873,98,89.13
2213,3409,80,496.03
2214,2448,10,400.34
2215,606,61,76.29
2216,980,76,443.63
2217,750,23,435.37
2218,9504,48,233.98
2219,6651,66,45.78
2220,5007,74,11.54
2221,7482,77,306.12
2222,8714,53,249.3
2223,2163,3,128.86
2224,7722,22,340.21
2225,8311,23,283.59
2226,7815,29,230.11
2227,4794,71,239.94
2228,7233,52,249.4
2229,8679,19,407.47
2230,5472,4,205.81
2231,7279,29,442.27
2232,5919,68,322.54
2233,416,61,183.67
2234,7338,94,169.12
2235,1957,37,102.98
2236,13,43,248.26
2237,3010,56,284.15
2238,9458,87,303.61
2239,5332,63,231.98
2240,4712,51,346.75
2241,3805,28,439.52
2242,6390,14,461.89
2243,5946,58,437.91
2244,908,1,404.65
2245,5387,75,377.68
2246,9081,61,439.8
2247,7134,3,81.93
2248,1401,98,120.49
2249,7150,99,350.61
2250,9657,29,302.4
2251,883,67,48.57
2252,2235,58,425.73
2253,371,15,122.91
2254,8382,10,167.88
2255,7278,63,62.99
2256,102,71,236.63
2257,379,70,296.56
2258,3997,33,457.59
2259,8036,31,135.67
2260,6470,44,74.68
2261,8736,29,254.86
2262,2820,23,451.49
2263,6712,66,313.63
2264,1227,56,213.65
2265,8276,31,330.03
2266,3365,64,285.8
2267,3563,82,391.96
2268,2367,100,327.7
2269,7642,8,352.25
2270,5771,9,324.13
2271,8817,44,414.94
2272,477,31,368.11
2273,6941,30,379.73
2274,8772,93,443.38
2275,1332,47,66.66
2276,4639,85,374.8
2277,530,9,224.94
2278,875,23,17.38
2279,5146,73,25.05
2280,3429,77,258.8
2281,7998,5,229.31
2282,1701,17,382.95
2283,3393,90,335.46
2284,5675,83,98.46
2285,8267,42,109.64
2286,3861,11,199.53
2287,4707,9,414.5
2288,492,62,10.36
2289,3891,36,93.1
2290,6657,46,208.59
2291,12,56,444.37
2292,8756,85,366.63
2293,5893,98,24.46
2294,2233,97,477.4
2295,2607,76,444.14
2296,3334,43,271.31
2297,1392,85,346.1
2298,1119,22,80.18
2299,8525,31,480.69
2300,7340,74,142.51
2301,9340,19,201.2
2302,8901,68,302.55
2303,841,23,308.72
2304,7820,31,442.86
2305,6510,84,134.51
2306,8578,73,311.53
2307,8408,44,449.23
2308,5817,79,266.26
2309,760,72,455.44
2310,5473,99,326.04
2311,1186,25,373.15
2312,5759,20,266.66
2313,4932,54,315.66
2314,7762,43,32.75
2315,513,46,375.09
2316,2399,77,296.74
2317,6895,63,106.89
2318,3627,73,355.14
2319,9918,45,246.58
2320,5198,63,446.91
2321,9115,40,102.36
2322,1892,22,290.25
2323,26,65,152.59
2324,9486,68,206.18
2325,4788,2,271.63
2326,7771,88,390.54
2327,7015,77,215.0
2328,6837,5,77.16
2329,2996,10,499.8
2330,4669,89,130.45
2331,2852,45,175.85
2332,8015,63,309.15
2333,8177,63,206.2
2334,5325,84,298.94
2335,5840,39,124.55
2336,8544,75,98.78
2337,6660,76,206.89
2338,7143,63,305.39
2339,3256,49,381.91
2340,5625,45,403.77
2341,9196,21,146.89
2342,9960,48,373.73
2343,5420,26,16.25
2344,3685,98,204.36
2345,4288,65,304.46
2346,3311,66,50.43
2347,1201,49,327.93
2348,1079,42,160.03
2349,5672,72,344.51
2350,9018,94,389.28
2351,1258,73,313.16
2352,3148,46,243.9
2353,5701,22,117.01
2354,770,91,344.65
2355,3398,24,81.61
2356,7455,26,113.86
2357,1203,75,212.17
2358,8399,48,18.39
2359,5809,100,453.11
2360,6641,13,132.61
2361,7673,43,18.48
2362,4305,63,74.29
2363,4287,48,17.06
2364,3021,60,317.67
2365,7469,9,146.39
2366,2219,89,388.3
2367,2750,46,196.66
2368,9106,98,292.18
2369,7847,52,122.4
2370,4107,23,281.1
2371,7428,31,441.12
2372,2761,29,28.49
2373,739,66,15.31
2374,4995,6,281.44
2375,3808,51,197.16
2376,7482,93,251.83
2377,6177,58,438.46
2378,7709,56,459.81
2379,4685,10,328.9
2380,5020,29,363.21
2381,1291,48,281.74
2382,1118,23,293.08
2383,536,2,195.39
2384,1673,67,102.85
2385,769,94,331.23
2386,7333,85,141.8
2387,9599,27,238.43
2388,729,14,165.25
2389,8376,91,401.86
2390,8962,82,420.99
2391,9034,93,405.45
2392,9899,92,259.27
2393,7716,16,418.03
2394,2084,17,479.7
2395,9942,60,131.0
2396,4667,77,22.92
2397,2393,30,127.86
2398,117,64,468.69
2399,981,41,27.51
2400,8945,61,340.24
2401,7903,100,334.46
2402,4540,59,232.58
2403,2285,98,78.99
2404,5688,99,114.91
2405,707,42,122.45
2406,3807,7,400.6
2407,8774,92,296.35
2408,4819,78,134.69
2409,4711,52,437.98
2410,8082,70,419.85
2411,9287,78,449.83
2412,25,79,364.86
2413,4893,66,94.19
2414,452,21,373.18
2415,7951,54,52.88
2416,1491,34,14.53
2417,3523,52,164.46
2418,8937,52,219.77
2419,9152,11,247.45
2420,9511,63,398.11
2421,6082,10,376.28
2422,6547,38,46.42
2423,6586,47,197.08
2424,8222,86,306.12
2425,8416,83,397.51
2426,1206,75,382.72
2427,9566,27,295.96
2428,7349,18,358.18
2429,8170,100,261.64
2430,3447,71,461.87
2431,8884,34,317.19
2432,1299,58,132.94
2433,5423,93,455.61
2434,1660,49,401.21
2435,7805,70,189.87
2436,7445,68,37.86
2437,4676,4,192.07
2438,5329,35,465.25
2439,1008,12,134.4
2440,1059,81,50.04
2441,3386,94,325.97
2442,8892,18,404.38
2443,1274,13,443.3
2444,9732,62,475.43
2445,6369,51,397.55
2446,2151,16,330.16
2447,6325,44,469.48
2448,5576,45,439.57
2449,6740,90,285.81
2450,7073,19,202.29
2451,2597,1,338.1
2452,5747,28,181.86
2453,1242,66,310.5
2454,5058,4,498.44
2455,9656,99,239.8
2456,2801,12,493.51
2457,3235,24,483.11
2458,7414,91,209.04
2459,5749,20,374.14
2460,5738,56,103.23
2461,1251,58,383.47
2462,1235,26,171.11
2463,3039,90,194.82
2464,2941,44,366.29
2465,1263,27,467.86
2466,6769,30,77.33
2467,5136,81,343.25
2468,2281,84,435.56
2469,103,25,305.65
2470,3558,32,396.19
2471,158,64,474.37
2472,4624,8,150.08
2473,3430,10,244.15
2474,4723,91,395.24
2475,1975,3,52.29
2476,5306,43,330.17
2477,6478,34,278.32
2478,6622,15,241.21
2479,9415,14,317.1
2480,2321,94,469.61
2481,2715,56,183.39
2482,7650,70,24.22
2483,4620,63,342.6
2484,3925,32,191.81
2485,4064,98,145.87
2486,2050,90,195.11
2487,3328,50,35.9
2488,9045,9,267.05
2489,5245,82,350.59
2490,8209,94,51.92
2491,9512,62,403.2
2492,7051,43,222.14
2493,229,15,138.51
2494,9994,46,65.17
2495,9375,57,339.29
2496,1859,28,12.48
2497,847,83,348.24
2498,9195,30,173.01
2499,8770,79,142.67
2500,5409,21,349.21
2501,3208,94,27.0
2502,9301,41,342.91
2503,9131,8,54.81
2504,994,24,112.36
2505,1985,92,352.82
2506,1875,66,304.84
2507,7609,36,444.47
2508,3688,9,30.98
2509,7141,24,49.01
2510,2484,32,260.69
2511,4572,29,64.03
2512,1918,53,332.98
2513,9233,37,100.81
2514,7333,32,409.31
2515,7955,53,384.56
2516,1281,26,48.18
2517,5473,65,187.1
2518,7379,81,33.52
2519,2706,17,317.42
2520,3434,78,16.54
2521,9576,18,205.82
2522,9933,98,217.57
2523,5194,49,217.6
2524,7113,9,108.57
2525,1140,62,198.71
2526,7693,95,205.45
2527,1573,76,163.06
2528,5051,98,420.09
2529,8135,41,384.76
2530,7890,34,263.3
2531,4889,75,443.45
2532,4521,84,92.11
2533,3513,7,106.48
2534,5965,16,142.41
2535,3599,71,247.53
2536,4413,65,84.51
2537,6908,93,211.41
2538,929,40,305.82
2539,8327,34,413.82
2540,5223,18,87.45
2541,3204,71,274.65
2542,2825,43,219.71
2543,2146,60,265.58
2544,4565,87,195.87
2545,5878,38,34.56
2546,5632,42,454.56
2547,5894,47,178.02
2548,1270,21,83.61
2549,5931,78,225.64
2550,3818,82,423.29
2551,9936,75,405.54
2552,9006,48,381.06
2553,2606,46,116.31
2554,311,36,401.73
2555,5916,55,380.91
2556,682,3,206.07
2557,2405,16,493.85
2558,7083,86,334.82
2559,929,5,421.69
2560,8336,81,218.48
2561,6822,73,63.09
2562,4465,64,475.71
2563,7034,75,43.67
2564,290,98,98.14
2565,4460,59,120.45
2566,3322,22,209.28
2567,5330,10,138.26
2568,8946,4,217.95
2569,5657,52,308.76
2570,7690,59,395.53
2571,9994,89,467.71
2572,9409,40,56.98
2573,5844,73,238.22
2574,9262,8,386.65
2575,1779,70,380.69
2576,1044,56,433.81
2577,7752,64,485.68
2578,3151,32,180.78
2579,8642,7,63.08
2580,6197,41,409.88
2581,3595,33,386.82
2582,9008,89,278.91
2583,1085,60,223.7
2584,8699,52,178.71
2585,3682,17,306.25
2586,2771,5,45.18
2587,9967,21,105.86
2588,5622,47,294.97
2589,1495,72,392.79
2590,8697,59,402.45
2591,6959,5,386.91
2592,5733,57,38.5
2593,6905,27,195.73
2594,7674,61,173.33
2595,774,43,483.25
2596,1245,99,26.2
2597,4402,62,249.37
2598,7736,6,425.79
2599,1169,29,349.11
2600,2343,10,250.52
2601,3494,15,306.96
2602,4097,13,12.48
2603,6228,70,402.26
2604,5611,67,310.86
2605,9131,10,456.38
2606,2189,36,386.33
2607,3467,39,280.39
2608,7696,17,351.06
2609,8528,12,488.95
2610,7779,40,198.72
2611,467,29,107.22
2612,7475,4,123.76
2613,7663,56,245.02
2614,6139,78,175.34
2615,8229,85,22.37
2616,5035,57,299.15
2617,957,77,200.88
2618,9362,69,347.04
2619,8363,70,247.45
2620,4239,31,66.22
2621,4507,90,277.97
2622,1968,36,186.17
2623,4724,44,106.17
2624,3317,50,178.32
2625,4053,58,10.47
2626,1027,82,364.46
2627,2188,37,450.79
2628,8483,24,471.5
2629,8138,25,139.47
2630,382,29,55.35
2631,7154,33,368.06
2632,2597,46,35.79
2633,23,76,121.72
2634,492,61,248.97
2635,9513,25,166.35
2636,7710,45,278.61
2637,5276,87,433.62
2638,6884,58,490.65
2639,649,5,222.6
2640,1572,44,101.39
2641,4957,34,479.5
2642,9123,79,369.0
2643,4644,63,192.27
2644,8363,65,258.4
2645,1256,10,252.3
2646,8878,36,270.74
2647,195,36,460.86
2648,7178,92,457.14
2649,8654,100,160.92
2650,5312,79,277.44
2651,7251,61,78.06
2652,3812,20,234.98
2653,3108,63,260.14
2654,1648,31,427.3
2655,365,55,288.62
2656,762,16,450.89
2657,6467,84,466.51
2658,220,60,377.88
2659,6304,61,42.2
2660,5573,54,228.53
2661,7527,94,225.47
2662,6383,92,362.85
2663,8440,28,487.17
2664,8669,97,154.45
2665,4511,35,120.07
2666,7302,60,427.84
2667,8111,18,88.84
2668,6143,80,355.47
2669,987,87,58.61
2670,2520,78,374.23
2671,9633,1,390.91
2672,2842,23,252.35
2673,4888,6,385.09
2674,775,77,416.93
2675,7608,56,196.79
2676,1651,31,461.87
2677,1870,93,224.0
2678,65,76,334.97
2679,2310,60,104.1
2680,6681,18,118.96
2681,1801,51,157.06
2682,5070,26,325.1
2683,9404,73,350.15
2684,2515,16,266.27
2685,6745,27,362.0
2686,4070,33,497.72
2687,724,44,94.33
2688,5846,73,255.49
2689,8594,18,14.83
2690,1665,89,225.97
2691,5054,11,400.35
2692,2387,88,423.23
2693,6279,96,214.42
2694,38,92,98.29
2695,2482,4,73.11
2696,258,80,381.42
2697,3697,38,491.08
2698,6653,32,27.58
2699,4544,92,76.02
2700,7061,51,109.32
2701,3072,100,47.88
2702,9926,12,480.74
2703,8246,82,363.62
2704,9236,39,463.83
2705,2360,33,278.44
2706,8303,65,456.73
2707,5775,52,417.62
2708,8795,34,417.95
2709,8343,83,389.86
2710,837,75,91.68
2711,8350,27,475.13
2712,4996,7,55.26
2713,1172,43,437.74
2714,6778,66,115.84
2715,3623,6,320.19
2716,2231,94,185.5
2717,5702,36,277.55
2718,5951,92,132.87
2719,4515,43,203.14
2720,2245,9,474.45
2721,7887,97,403.06
2722,6373,6,444.93
2723,7481,34,384.35
2724,4153,65,211.07
2725,7517,57,489.16
2726,9183,18,236.93
2727,7680,38,43.9
2728,3510,79,155.96
2729,5052,6,173.91
2730,250,58,462.66
2731,3546,79,417.53
2732,8691,95,435.51
2733,5182,100,418.58
2734,1070,53,133.7
2735,9147,2,103.04
2736,1707,57,328.17
2737,289,76,455.88
2738,7914,7,449.93
2739,2262,18,141.45
2740,134,77,79.32
2741,1546,29,436.57
2742,14,18,318.31
2743,7852,53,136.56
2744,64,37,62.08
2745,4636,59,381.13
2746,3582,37,35.08
2747,4485,31,48.72
2748,2953,52,279.84
2749,2987,78,377.78
2750,9275,23,340.05
2751,924,57,277.64
2752,2321,45,330.19
2753,9661,95,357.44
2754,7424,35,10.31
2755,5703,82,430.06
2756,2784,94,449.83
2757,5728,69,252.76
2758,337,35,79.52
2759,4394,84,495.0
2760,1503,51,316.81
2761,6437,76,261.03
2762,9828,75,353.15
2763,9381,62,424.33
2764,5161,62,70.91
2765,939,48,67.93
2766,2775,8,369.1
2767,9195,25,472.55
2768,5824,57,367.63
2769,5087,53,38.15
2770,1449,45,311.08
2771,1505,5,340.31
2772,8638,69,449.46
2773,6688,87,159.56
2774,8996,90,208.35
2775,9869,35,344.51
2776,1094,78,363.66
2777,5130,1,351.25
2778,2639,97,26.38
2779,6573,9,266.87
2780,2824,68,46.05
2781,7398,1,319.57
2782,4331,24,498.86
2783,9707,89,196.44
2784,1135,58,336.31
2785,4145,33,12.79
2786,4367,18,46.31
2787,5016,92,205.32
2788,6628,43,273.85
2789,4376,50,425.02
2790,1331,96,138.86
2791,2493,55,253.02
2792,315,57,25.56
2793,5432,90,421.59
2794,9579,49,451.45
2795,2003,89,393.21
2796,4022,53,196.55
2797,4281,64,310.31
2798,6733,48,196.97
2799,1141,20,289.28
2800,6888,66,286.52
2801,386,14,142.71
2802,2613,44,444.92
2803,7841,56,81.47
2804,4268,89,147.92
2805,747,44,360.58
2806,6351,7,102.05
2807,5042,13,51.09
2808,2724,1,241.58
2809,5229,15,294.33
2810,6531,23,319.43
2811,4343,68,153.37
2812,3960,9,387.23
2813,1944,62,206.31
2814,5284,84,176.68
2815,7386,67,403.84
2816,6691,70,77.28
2817,5158,81,220.01
2818,3381,73,384.68
2819,5312,59,125.11
2820,4314,83,262.15
2821,2754,100,432.14
2822,3499,56,126.71
2823,9714,39,209.92
2824,9040,29,436.7
2825,874,21,251.26
2826,8515,23,126.45
2827,6270,67,121.25
2828,8318,62,453.09
2829,2022,67,343.3
2830,7581,83,43.85
2831,3134,81,462.63
2832,453,13,219.15
2833,4019,62,287.99
2834,1459,11,18.74
2835,9983,51,244.21
2836,2303,24,283.17
2837,5688,62,114.71
2838,6457,67,352.49
2839,1363,61,118.77
2840,7123,18,412.35
2841,5515,23,119.28
2842,9507,56,317.6
2843,3748,14,318.45
2844,4986,99,398.23
2845,2229,54,67.74
2846,5227,85,388.72
2847,1073,89,351.67
2848,2642,96,485.07
2849,8956,17,396.84
2850,7046,99,168.58
2851,7024,8,434.75
2852,7875,62,12.26
2853,527,68,420.18
2854,6302,70,429.24
2855,5836,56,316.29
2856,8371,33,245.4
2857,6762,78,166.29
2858,9090,19,407.16
2859,9472,9,332.76
2860,7434,74,475.09
2861,2216,29,48.08
2862,3774,77,369.16
2863,2512,70,315.88
2864,7629,50,141.98
2865,7510,90,388.98
2866,1596,38,491.82
2867,3637,91,74.19
2868,1416,63,172.88
2869,4823,25,39.78
2870,1809,22,122.47
2871,6503,78,140.72
2872,719,44,187.77
2873,6223,1,270.23
2874,2288,66,282.85
2875,3838,27,443.79
2876,5453,60,211.4
2877,6395,52,433.18
2878,5403,63,87.26
2879,6813,34,347.92
2880,9313,55,290.11
2881,6305,39,316.37
2882,5468,100,125.26
2883,1428,44,189.27
2884,8047,63,256.39
2885,9835,63,244.83
2886,1409,97,395.39
2887,5984,58,240.35
2888,3655,15,292.43
2889,7205,67,310.96
2890,6302,57,77.94
2891,7166,23,160.17
2892,5842,85,208.4
2893,7520,44,417.9
2894,2673,75,15.8
2895,685,4,323.99
2896,9622,79,212.03
2897,2132,89,318.25
2898,5534,36,139.82
2899,8335,66,171.77
2900,5152,97,228.09
2901,2317,17,85.84
2902,333,24,415.35
2903,800,76,264.58
2904,9555,60,311.48
2905,9591,78,295.51
2906,1021,30,279.33
2907,2073,95,343.75
2908,8162,47,76.47
2909,2965,38,97.48
2910,221,2,436.43
2911,8867,51,189.36
2912,1945,67,342.94
2913,682,6,211.55
2914,8656,42,496.17
2915,3427,55,30.96
2916,2663,36,178.26
2917,2779,14,251.04
2918,5913,25,34.66
2919,5656,1,98.59
2920,9573,22,101.21
2921,9857,45,423.8
2922,9705,52,483.88
2923,8237,45,142.87
2924,9086,2,144.08
2925,1434,58,380.37
2926,8009,28,361.05
2927,2109,45,91.21
2928,5115,39,123.18
2929,4407,61,358.64
2930,6259,46,222.42
2931,1116,70,434.64
2932,5307,88,14.86
2933,4229,53,498.07
2934,3317,46,77.14
2935,9124,61,281.19
2936,3189,34,157.87
2937,4273,65,474.62
2938,9540,13,344.28
2939,2869,28,153.04
2940,9219,49,220.23
2941,7221,13,445.0
2942,1248,84,177.61
2943,2907,12,306.83
2944,4539,16,168.86
2945,9052,9,419.16
2946,2063,100,82.85
2947,4460,96,111.68
2948,2920,2,88.19
2949,5809,23,187.92
2950,4269,88,213.64
2951,9850,43,155.75
2952,9511,70,254.66
2953,6896,57,81.13
2954,6942,74,464.48
2955,4159,92,323.34
2956,6131,48,254.21
2957,9522,95,263.99
2958,5771,97,211.26
2959,8360,24,73.68
2960,2129,63,115.83
2961,420,8,103.66
2962,5187,86,450.07
2963,5109,75,11.2
2964,9001,7,431.71
2965,7189,83,425.34
2966,5977,25,465.24
2967,445,91,423.27
2968,1330,86,188.0
2969,1949,100,127.43
2970,8860,60,296.73
2971,5642,93,376.56
2972,1263,61,199.7
2973,1781,7,135.86
2974,8871,29,35.01
2975,6570,27,63.84
2976,841,52,280.1
2977,6874,50,146.1
2978,4855,40,272.56
2979,8568,72,475.17
2980,6625,94,193.88
2981,8401,16,235.19
2982,5607,6,497.91
2983,3484,26,130.49
2984,9701,86,337.62
2985,6856,65,22.43
2986,259,28,197.15
2987,822,39,406.17
2988,2823,47,340.72
2989,2873,72,443.54
2990,5090,11,459.31
2991,9163,83,38.39
2992,7748,88,417.63
2993,4724,82,159.66
2994,9666,97,346.92
2995,9867,100,419.25
2996,7466,59,279.95
2997,6586,19,156.7
2998,7919,39,380.24
2999,1986,3,247.25
3000,5673,99,490.43
3001,1018,47,293.44
3002,354,9,123.4
3003,7045,49,327.82
3004,6666,26,273.63
3005,8545,50,411.71
3006,8607,98,261.84
3007,6896,76,477.42
3008,414,57,106.12
3009,3632,51,263.14
3010,4068,90,218.31
3011,7203,28,228.65
3012,4823,29,406.83
3013,3294,56,440.18
3014,2483,62,421.9
3015,7678,89,249.92
3016,2749,96,21.4
3017,6526,84,155.49
3018,9530,97,413.25
3019,1537,51,197.21
3020,4109,9,165.03
3021,7023,21,149.85
3022,8990,65,438.06
3023,3165,66,264.52
3024,7935,75,487.0
3025,527,61,116.38
3026,5363,68,367.0
3027,9603,53,21.92
3028,2833,36,48.58
3029,5246,82,485.59
3030,8172,21,214.55
3031,2024,52,65.69
3032,7131,19,472.61
3033,4093,72,422.27
3034,8278,59,139.97
3035,3202,63,474.77
3036,432,92,463.98
3037,6093,81,134.99
3038,7306,22,117.44
3039,749,23,107.9
3040,7558,48,295.91
3041,8539,17,56.76
3042,345,49,337.92
3043,3824,53,222.47
3044,7982,88,111.27
3045,9229,95,452.19
3046,6037,28,420.29
3047,3101,74,53.44
3048,183,17,183.64
3049,4261,69,51.56
3050,1342,56,103.01
3051,9121,13,458.19
3052,9643,7,254.51
3053,641,28,316.65
3054,633,73,355.82
3055,324,24,408.18
3056,8844,14,107.13
3057,6836,74,296.77
3058,9312,29,415.16
3059,3325,15,435.66
3060,5813,9,404.3
3061,5424,75,316.16
3062,1378,10,51.29
3063,2167,77,351.25
3064,3253,74,297.65
3065,594,77,387.27
3066,2594,54,131.78
3067,9995,95,36.15
3068,3918,92,134.45
3069,9706,32,279.38
3070,3715,29,359.18
3071,4002,21,330.91
3072,4470,76,407.44
3073,648,48,121.11
3074,5594,49,47.63
3075,7344,59,354.78
3076,2972,91,493.7
3077,9293,94,404.41
3078,3665,7,129.95
3079,2715,69,225.38
3080,2326,16,295.48
3081,770,47,156.51
3082,6287,52,49.27
3083,5996,94,230.37
3084,5871,26,210.66
3085,6867,16,316.37
3086,9844,61,272.8
3087,4363,61,278.27
3088,4404,38,57.87
3089,3983,14,445.92
3090,5890,93,140.05
3091,7831,32,226.53
3092,9983,31,348.88
3093,1816,100,410.82
3094,6280,23,233.41
3095,5335,42,399.92
3096,261,65,333.35
3097,8052,90,305.76
3098,219,78,436.71
3099,9252,95,302.48
3100,347,71,258.22
3101,3387,40,460.27
3102,2659,22,468.64
3103,4032,88,134.9
3104,5273,96,426.83
3105,9875,62,237.98
3106,7605,36,496.15
3107,1656,93,300.94
3108,5152,25,297.84
3109,5450,40,115.71
3110,5213,3,175.22
3111,9635,60,274.15
3112,6521,55,29.3
3113,1367,61,376.83
3114,2859,55,109.9
3115,1146,23,409.33
3116,6261,97,374.11
3117,5479,87,126.75
3118,6383,60,270.38
3119,1117,100,33.14
3120,2631,67,316.04
3121,7305,21,350.48
3122,3270,5,475.4
3123,4133,46,473.76
3124,2580,31,446.71
3125,196,76,404.76
3126,4855,8,98.33
3127,9125,59,292.82
3128,7734,64,294.28
3129,2776,84,35.57
3130,2323,16,479.92
3131,5337,26,199.24
3132,4070,24,242.5
3133,4883,36,419.13
3134,4375,60,412.05
3135,30,84,326.92
3136,3971,58,438.63
3137,2431,83,377.7
3138,8090,24,367.78
3139,4597,96,146.01
3140,6447,10,444.58
3141,7972,66,319.64
3142,6590,36,132.94
3143,3680,89,471.94
3144,5262,63,64.81
3145,1704,76,283.42
3146,2677,86,82.66
3147,2515,10,37.38
3148,3578,98,493.34
3149,7561,4,76.66
3150,7488,71,195.88
3151,2647,51,413.84
3152,5537,14,180.45
3153,1443,83,166.71
3154,479,15,225.81
3155,70,80,420.14
3156,6917,49,175.35
3157,1701,11,172.37
3158,3529,62,427.65
3159,9265,4,178.09
3160,8631,5,394.08
3161,2553,96,237.75
3162,3164,98,211.52
3163,2569,48,134.27
3164,3800,12,44.8
3165,9607,97,494.93
3166,4410,39,163.48
3167,9628,78,238.88
3168,8160,37,458.87
3169,833,85,478.04
3170,4813,55,198.99
3171,7344,13,396.96
3172,8357,99,20.11
3173,7486,5,140.81
3174,2526,83,283.09
3175,521,46,25.94
3176,4934,78,34.65
3177,2844,75,154.35
3178,9057,26,272.02
3179,9473,12,131.61
3180,4477,86,272.0
3181,1607,46,421.63
3182,8367,98,476.55
3183,3927,96,190.5
3184,294,18,33.19
3185,4368,21,494.1
3186,6492,23,416.06
3187,4133,13,147.12
3188,6126,17,413.87
3189,577,65,425.85
3190,7535,57,185.35
3191,2662,3,299.43
3192,7388,72,181.0
3193,9778,81,324.91
3194,244,34,235.21
3195,9006,77,69.77
3196,5869,22,49.04
3197,7701,10,149.89
3198,8924,86,442.93
3199,3475,65,203.3
3200,330,62,300.59
3201,6096,22,361.98
3202,4944,92,367.32
3203,2067,14,442.1
3204,7721,44,411.02
3205,9037,14,294.38
3206,3240,25,495.13
3207,291,33,87.37
3208,788,38,405.16
3209,5782,68,84.06
3210,9280,65,190.0
3211,2999,73,458.9
3212,2670,5,199.9
3213,3520,84,497.7
3214,6117,38,47.17
3215,4666,32,423.87
3216,4669,37,400.75
3217,7151,25,138.52
3218,8344,96,373.08
3219,9281,98,454.0
3220,4867,85,188.32
3221,4174,98,126.87
3222,68,63,150.11
3223,1283,52,473.93
3224,8467,33,412.82
3225,7125,6,323.65
3226,1833,4,498.65
3227,8759,81,403.43
3228,5519,89,257.01
3229,3005,100,454.79
3230,2351,72,250.72
3231,4233,32,223.55
3232,2603,41,353.57
3233,4339,4,412.76
3234,8147,40,481.65
3235,4277,44,472.13
3236,3068,7,446.95
3237,8335,32,393.02
3238,2422,2,15.49
3239,5139,44,127.04
3240,292,11,40.81
3241,1780,17,368.21
3242,4858,13,106.34
3243,7062,61,202.97
3244,229,52,92.04
3245,8401,66,359.18
3246,7786,87,203.43
3247,4213,38,20.75
3248,4795,52,273.21
3249,4098,92,275.6
3250,5294,12,177.09
3251,9009,42,23.37
3252,1822,3,325.16
3253,6437,43,206.98
3254,8519,62,120.2
3255,3792,71,476.47
3256,4940,36,241.4
3257,9382,17,104.97
3258,4539,22,494.79
3259,5025,31,444.11
3260,7335,85,126.02
3261,1267,54,448.29
3262,3106,99,250.45
3263,9736,63,53.59
3264,4676,68,210.74
3265,3434,53,434.64
3266,2868,31,346.58
3267,2733,21,108.79
3268,1645,30,45.43
3269,1283,78,60.01
3270,1115,33,421.31
3271,6363,60,113.41
3272,8827,89,106.74
3273,242,73,166.17
3274,4103,62,50.2
3275,8594,25,498.83
3276,2035,95,414.74
3277,724,3,373.72
3278,5208,46,192.11
3279,9490,58,243.01
3280,9202,44,218.49
3281,3714,13,464.15
3282,3795,33,469.29
3283,4266,26,53.45
3284,287,28,483.71
3285,4233,39,316.63
3286,4556,39,451.78
3287,4361,55,300.07
3288,7557,75,89.41
3289,9664,42,430.99
3290,1473,56,444.88
3291,6364,63,72.57
3292,9292,15,427.03
3293,8079,91,307.72
3294,5709,75,29.16
3295,8915,83,304.96
3296,6961,71,438.93
3297,1752,21,298.5
3298,1455,31,153.97
3299,6570,75,316.86
3300,8541,12,254.2
3301,2671,61,201.19
3302,4550,24,219.02
3303,1714,53,253.13
3304,9644,57,257.13
3305,6140,95,394.58
3306,8553,15,315.33
3307,8482,46,221.95
3308,9682,43,458.99
3309,8864,88,486.17
3310,2963,40,387.42
3311,1900,10,188.32
3312,9919,65,52.01
3313,9944,11,280.83
3314,9688,37,120.15
3315,5756,56,482.7
3316,8860,87,458.85
3317,6655,62,62.43
3318,388,72,435.09
3319,9952,63,405.17
3320,5135,25,145.76
3321,6427,67,321.42
3322,6478,40,313.35
3323,6337,100,474.39
3324,5430,67,205.07
3325,4185,28,178.13
3326,599,68,46.86
3327,8873,29,65.49
3328,6315,34,388.3
3329,3121,68,442.9
3330,9775,25,348.19
3331,8625,26,292.12
3332,7831,24,350.96
3333,9780,92,28.53
3334,6800,58,377.52
3335,4076,32,119.49
3336,9689,3,136.92
3337,1964,15,484.26
3338,8646,18,247.29
3339,6785,3,297.83
3340,7060,51,354.62
3341,1112,59,321.91
3342,8731,77,24.45
3343,1870,50,31.8
3344,2645,5,175.8
3345,1185,61,217.59
3346,6422,58,252.77
3347,6888,65,178.47
3348,725,37,128.77
3349,2960,91,174.5
3350,3415,79,199.3
3351,7651,16,464.81
3352,3969,18,221.15
3353,8266,13,272.98
3354,848,67,457.43
3355,8249,79,98.15
3356,6715,76,92.27
3357,4607,36,78.29
3358,6034,97,360.25
3359,2046,58,444.41
3360,3625,94,321.52
3361,5625,49,209.06
3362,6553,35,39.62
3363,7717,68,321.6
3364,6718,69,189.73
3365,1617,3,45.7
3366,6642,13,461.13
3367,9248,89,263.73
3368,5185,27,62.4
3369,3231,19,20.69
3370,3245,44,108.75
3371,2787,67,281.73
3372,2779,10,176.77
3373,4257,21,385.94
3374,391,4,455.92
3375,603,85,83.01
3376,7772,30,359.66
3377,3854,82,403.85
3378,5595,19,395.46
3379,1736,47,442.15
3380,442,40,404.03
3381,646,54,196.22
3382,9309,57,297.13
3383,8058,23,436.59
3384,9248,32,435.28
3385,9116,57,85.49
3386,835,13,476.66
3387,5404,22,325.35
3388,1993,46,134.84
3389,5900,88,387.43
3390,5966,75,71.4
3391,438,38,136.4
3392,189,52,399.53
3393,3583,61,96.72
3394,3908,100,19.17
3395,2,96,366.51
3396,4946,75,425.58
3397,5775,57,429.44
3398,1478,98,270.46
3399,1994,95,411.2
3400,7414,74,238.97
3401,6631,8,152.31
3402,4749,68,441.2
3403,7271,87,98.16
3404,9955,81,374.36
3405,6035,32,133.62
3406,2481,68,130.9
3407,2849,39,445.99
3408,3335,38,11.99
3409,5665,88,150.95
3410,9707,72,137.4
3411,3358,10,432.62
3412,6076,22,60.49
3413,6131,55,288.91
3414,7314,87,262.41
3415,9712,66,353.83
3416,2295,96,356.08
3417,2285,79,94.15
3418,8955,15,245.68
3419,1016,46,229.89
3420,8694,12,463.51
3421,5036,93,294.51
3422,3464,46,279.89
3423,8430,20,146.76
3424,351,5,72.2
3425,5427,6,173.1
3426,9724,91,366.2
3427,8073,90,114.64
3428,1799,59,167.09
3429,2458,35,197.58
3430,4052,53,11.97
3431,5638,37,54.87
3432,5199,88,203.17
3433,811,20,63.59
3434,3446,16,439.26
3435,3078,58,333.56
3436,2563,13,59.12
3437,6804,89,346.66
3438,7414,90,395.26
3439,5722,69,141.82
3440,1036,20,62.04
3441,9203,75,142.09
3442,5365,6,223.03
3443,7176,94,187.35
3444,910,8,166.41
3445,4080,97,410.36
3446,9635,74,380.15
3447,3691,91,485.98
3448,8706,23,122.35
3449,8512,12,425.79
3450,960,94,86.71
3451,6675,40,87.16
3452,1295,46,250.46
3453,62,95,68.4
3454,9725,14,458.76
3455,4877,10,262.47
3456,8079,76,488.07
3457,2349,22,110.5
3458,5064,37,175.29
3459,7655,9,93.71
3460,6630,5,153.59
3461,8770,12,151.36
3462,8922,35,224.92
3463,8890,20,68.17
3464,7195,81,184.88
3465,367,51,481.24
3466,2621,8,394.64
3467,8836,13,404.91
3468,5664,57,419.67
3469,152,15,158.68
3470,107,1,103.69
3471,1777,54,195.22
3472,7642,9,49.74
3473,2380,9,279.1
3474,738,87,219.75
3475,2711,72,397.04
3476,1207,61,384.0
3477,6402,15,338.92
3478,887,3,451.91
3479,1095,32,30.36
3480,3557,93,149.58
3481,9796,2,484.34
3482,2076,36,289.24
3483,1470,20,416.57
3484,6029,94,250.58
3485,9028,14,99.08
3486,698,17,142.81
3487,7654,79,125.77
3488,2112,6,131.34
3489,808,43,386.28
3490,3945,34,49.6
3491,3315,23,79.53
3492,9862,68,128.82
3493,7208,38,366.53
3494,8112,5,143.96
3495,5212,97,354.94
3496,3628,10,380.04
3497,6577,61,40.82
3498,2044,39,159.41
3499,8368,11,66.22
3500,6734,27,213.92
3501,7965,56,366.1
3502,680,59,221.9
3503,7701,99,355.39
3504,754,35,98.37
3505,9057,100,167.92
3506,3698,75,305.44
3507,2570,96,286.75
3508,2753,46,392.73
3509,9604,49,386.17
3510,7267,45,137.1
3511,7277,26,31.53
3512,2294,21,400.42
3513,7747,18,416.22
3514,9927,84,450.62
3515,4438,59,299.14
3516,2449,14,479.98
3517,790,70,392.38
3518,3302,85,142.04
3519,2528,67,451.48
3520,3251,75,423.34
3521,9,54,162.85
3522,3822,10,165.28
3523,8921,84,125.17
3524,4530,81,388.22
3525,6894,71,364.42
3526,8115,82,247.39
3527,1104,77,91.65
3528,7938,80,31.88
3529,4666,79,479.4
3530,5723,92,343.95
3531,2253,92,229.09
3532,5534,37,249.57
3533,4670,27,491.13
3534,5655,78,343.18
3535,7643,91,37.49
3536,928,64,348.54
3537,8571,75,404.5
3538,7612,56,234.31
3539,3837,15,269.98
3540,6159,91,96.4
3541,8023,88,70.12
3542,2782,33,448.59
3543,594,16,18.1
3544,2523,16,348.54
3545,3478,25,411.66
3546,4703,38,220.23
3547,6763,66,451.09
3548,7864,62,166.75
3549,3334,55,198.48
3550,1169,56,63.71
3551,219,74,44.33
3552,1752,39,364.83
3553,6282,36,471.82
3554,2959,8,216.45
3555,8995,14,135.4
3556,8796,7,493.33
3557,6514,32,128.22
3558,2723,98,497.05
3559,3133,14,275.25
3560,7626,61,341.9
3561,1990,6,53.42
3562,397,68,198.07
3563,2365,32,76.59
3564,4047,80,455.4
3565,7751,57,275.58
3566,5497,14,178.4
3567,6769,92,124.27
3568,8458,93,314.04
3569,7219,68,169.79
3570,2554,98,422.12
3571,9178,39,65.96
3572,6832,21,457.71
3573,574,17,144.67
3574,3642,10,417.71
3575,3867,96,150.16
3576,4453,31,169.17
3577,2182,58,380.3
3578,5157,69,253.47
3579,1099,45,267.43
3580,9311,45,27.22
3581,2609,35,243.87
3582,2528,3,293.24
3583,9594,59,421.18
3584,4859,15,397.01
3585,1123,46,392.14
3586,6432,52,304.82
3587,59,89,370.26
3588,4727,7,246.11
3589,3939,86,182.36
3590,4093,22,242.53
3591,8223,92,456.82
3592,5899,15,392.81
3593,8059,15,298.68
3594,8829,80,457.9
3595,6142,95,460.01
3596,5568,3,191.87
3597,10,85,404.18
3598,6205,48,417.77
3599,2257,58,333.21
3600,7505,11,141.21
3601,841,91,194.93
3602,1667,11,346.2
3603,4730,33,307.5
3604,4555,42,95.66
3605,1155,76,393.91
3606,9016,21,144.83
3607,802,16,274.01
3608,1655,11,398.93
3609,5541,30,423.38
3610,9358,13,482.36
3611,9198,64,226.62
3612,2752,78,167.93
3613,6802,22,62.73
3614,4410,25,69.04
3615,2695,74,292.04
3616,2970,58,400.04
3617,643,73,402.46
3618,8129,96,240.19
3619,9051,13,282.33
3620,5323,3,77.23
3621,9186,71,392.75
3622,2555,9,488.06
3623,1707,65,443.02
3624,5673,16,56.5
3625,1330,78,50.78
3626,998,92,88.73
3627,5416,41,246.41
3628,539,83,277.27
3629,1816,74,141.3
3630,3789,79,325.49
3631,5251,59,133.78
3632,8872,41,27.01
3633,4495,89,40.31
3634,4016,27,123.66
3635,2747,5,200.42
3636,1954,93,489.85
3637,2616,75,457.77
3638,1329,58,44.4
3639,2988,93,278.18
3640,6569,36,20.14
3641,6295,94,142.54
3642,8405,56,95.65
3643,4368,49,209.31
3644,6872,31,496.0
3645,8708,95,398.75
3646,6100,24,325.87
3647,3639,90,330.25
3648,221,52,250.3
3649,7957,53,266.61
3650,3049,43,387.13
3651,9165,32,35.79
3652,1880,53,343.12
3653,4305,63,479.59
3654,428,42,362.73
3655,762,14,171.97
3656,4055,90,298.35
3657,103,46,88.97
3658,1921,8,192.89
3659,7415,44,256.44
3660,7478,37,378.79
3661,2885,25,347.91
3662,3112,43,109.66
3663,3259,26,354.05
3664,4714,95,305.83
3665,4939,100,138.24
3666,1394,19,174.05
3667,9514,1,107.55
3668,1094,23,309.01
3669,9066,43,310.65
3670,6511,52,272.47
3671,4349,44,401.11
3672,5155,60,92.76
3673,5045,75,274.86
3674,4314,53,402.01
3675,3223,89,466.6
3676,5927,18,195.77
3677,5737,3,392.41
3678,9950,37,389.03
3679,7221,5,175.48
3680,1663,78,434.45
3681,4470,14,363.47
3682,59,74,228.25
3683,9610,15,187.67
3684,6371,39,64.68
3685,8025,78,259.14
3686,6385,7,315.6
3687,877,99,232.44
3688,9628,79,269.22
3689,8017,86,196.26
3690,3397,97,93.98
3691,9022,67,417.58
3692,3080,59,172.03
3693,9747,37,38.06
3694,7531,27,459.57
3695,185,27,185.88
3696,7428,55,98.13
3697,6822,32,306.78
3698,4060,89,135.88
3699,1175,18,275.93
3700,3874,32,310.79
3701,4616,94,59.27
3702,7724,48,415.33
3703,7120,57,94.31
3704,6541,23,27.93
3705,628,94,153.21
3706,625,84,381.17
3707,2486,76,175.94
3708,701,62,387.15
3709,4691,56,383.35
3710,3058,2,250.06
3711,4034,23,456.83
3712,5309,88,325.38
3713,8976,89,376.7
3714,7203,39,271.17
3715,3257,86,489.51
3716,4443,56,209.4
3717,2193,1,247.12
3718,4587,9,341.96
3719,3946,73,492.8
3720,1927,50,242.79
3721,475,38,371.43
3722,9553,15,40.52
3723,3558,47,67.77
3724,865,5,292.43
3725,6939,51,436.54
3726,6254,24,465.62
3727,8093,85,181.56
3728,7036,87,47.39
3729,4899,26,308.59
3730,6377,74,287.57
3731,2408,1,384.81
3732,6811,13,51.17
3733,2561,90,80.61
3734,6150,68,131.66
3735,63,52,459.85
3736,5450,29,441.76
3737,8074,21,209.91
3738,4766,92,242.11
3739,105,73,361.66
3740,1160,53,366.49
3741,7127,80,394.17
3742,958,32,235.54
3743,9495,41,391.41
3744,3,43,38.24
3745,1337,91,482.24
3746,7842,13,489.61
3747,6186,31,272.37
3748,1336,26,202.97
3749,431,21,104.52
3750,1237,32,37.01
3751,5563,85,122.17
3752,6927,99,297.06
3753,9788,40,381.47
3754,4958,25,217.46
3755,4631,46,475.4
3756,6309,32,143.67
3757,650,50,100.84
3758,816,47,234.41
3759,6589,70,485.33
3760,3026,91,462.04
3761,7766,71,55.49
3762,1238,26,211.03
3763,4846,49,97.7
3764,7517,76,178.21
3765,1293,94,142.27
3766,5435,78,10.36
3767,2466,84,361.94
3768,8058,50,161.87
3769,6930,76,316.53
3770,8647,91,369.45
3771,4317,5,362.37
3772,8260,77,280.5
3773,8198,66,81.72
3774,3921,71,299.87
3775,4009,60,259.42
3776,1656,64,87.21
3777,5344,18,178.71
3778,85,97,162.83
3779,5474,51,149.5
3780,4151,22,24.19
3781,8761,94,122.31
3782,3456,91,232.39
3783,223,86,32.63
3784,1837,6,225.69
3785,8713,20,378.68
3786,8593,41,96.32
3787,9467,66,149.09
3788,5745,78,152.78
3789,5369,4,235.07
3790,1750,22,477.85
3791,1710,57,208.94
3792,5778,75,456.84
3793,1981,5,436.1
3794,6741,95,260.17
3795,4975,54,42.43
3796,3687,94,47.96
3797,2739,55,373.64
3798,3738,25,318.53
3799,5806,81,261.48
3800,9583,4,291.8
3801,4648,73,133.0
3802,4515,9,209.31
3803,3587,9,476.45
3804,5961,31,297.47
3805,4207,50,99.51
3806,7401,19,245.5
3807,4905,54,229.4
3808,9340,68,485.88
3809,3436,80,380.87
3810,8856,13,10.17
3811,3533,82,278.47
3812,1402,35,197.83
3813,292,25,366.55
3814,7627,57,113.11
3815,4202,7,284.05
3816,7931,16,193.44
3817,5109,27,492.24
3818,8802,65,365.62
3819,4525,54,431.44
3820,2473,16,81.51
3821,5880,8,385.99
3822,9729,37,148.11
3823,3393,47,16.33
3824,9638,76,463.1
3825,1179,21,65.87
3826,7576,69,459.86
3827,182,39,108.89
3828,286,100,101.79
3829,3595,25,47.22
3830,3111,63,212.21
3831,3595,99,48.75
3832,6240,84,382.22
3833,3371,93,445.46
3834,1644,80,205.75
3835,2242,26,323.8
3836,6364,24,22.86
3837,8352,10,150.83
3838,7320,54,205.24
3839,1758,90,141.02
3840,421,89,464.14
3841,4476,96,249.78
3842,7312,22,410.23
3843,7784,18,344.22
3844,1319,38,307.34
3845,8908,80,258.7
3846,6130,59,269.17
3847,1948,55,273.95
3848,1903,85,453.71
3849,8631,11,369.29
3850,5650,84,201.68
3851,9996,60,172.12
3852,184,45,166.98
3853,3826,83,210.91
3854,586,64,276.57
3855,1176,41,151.09
3856,1899,42,246.5
3857,1430,23,137.15
3858,5114,18,94.69
3859,9019,75,254.31
3860,2540,41,427.48
3861,1250,69,26.37
3862,1747,6,278.03
3863,3403,63,422.15
3864,7679,38,279.02
3865,8710,96,63.01
3866,7387,90,45.26
3867,7022,71,414.87
3868,4745,80,344.96
3869,2862,95,449.93
3870,5843,92,46.19
3871,4036,15,94.46
3872,7087,22,477.74
3873,8237,59,304.24
3874,570,93,145.71
3875,4932,6,135.87
3876,112,42,140.54
3877,7138,11,186.0
3878,2502,31,137.46
3879,3057,68,123.9
3880,6437,99,398.14
3881,775,74,455.53
3882,2972,69,138.47
3883,421,94,442.92
3884,6376,46,452.75
3885,9743,4,110.8
3886,3656,84,35.08
3887,3561,73,492.63
3888,2470,12,274.65
3889,984,84,366.02
3890,9804,35,164.95
3891,2108,53,315.31
3892,6181,54,47.48
3893,6380,54,97.03
3894,1612,72,149.42
3895,4656,85,166.32
3896,543,54,446.33
3897,4144,12,102.73
3898,3874,77,299.62
3899,2915,67,405.11
3900,1738,61,189.39
3901,3932,4,279.04
3902,1611,30,420.27
3903,7042,78,26.86
3904,8435,49,358.48
3905,8768,4,117.61
3906,9440,53,101.32
3907,9417,25,133.26
3908,699,13,333.61
3909,6047,85,321.06
3910,5327,2,387.18
3911,2795,65,445.57
3912,4756,43,455.7
3913,7589,61,365.51
3914,6099,63,70.61
3915,2543,32,260.94
3916,3072,39,422.1
3917,3910,63,276.43
3918,954,14,462.31
3919,8013,32,404.5
3920,8413,93,124.45
3921,775,45,367.19
3922,908,50,303.42
3923,9117,84,326.58
3924,4475,94,200.36
3925,9402,83,456.34
3926,9873,23,206.48
3927,4919,27,12.47
3928,5598,19,359.17
3929,9497,71,367.19
3930,822,33,160.01
3931,9429,86,107.99
3932,4274,6,39.73
3933,6365,40,43.97
3934,8609,64,485.36
3935,6903,89,283.14
3936,9176,53,162.36
3937,7032,46,383.44
3938,1539,21,376.16
3939,1372,26,216.27
3940,6152,20,204.25
3941,8596,54,321.73
3942,3718,9,101.61
3943,8340,8,483.63
3944,6637,15,334.12
3945,4050,47,199.82
3946,8828,7,117.51
3947,7843,9,154.01
3948,5201,34,25.21
3949,7677,34,116.86
3950,1271,46,93.77
3951,2044,41,169.75
3952,4912,61,311.4
3953,3695,71,210.22
3954,4266,10,390.08
3955,9223,20,276.43
3956,8372,63,356.64
3957,9323,55,321.91
3958,3301,100,149.5
3959,2462,44,267.16
3960,2205,54,335.01
3961,1112,26,215.74
3962,8490,9,115.08
3963,628,50,206.05
3964,3973,10,76.17
3965,811,80,253.06
3966,2363,6,329.37
3967,155,81,456.29
3968,8411,94,75.8
3969,7430,17,377.23
3970,1674,28,299.67
3971,6950,95,271.85
3972,2647,40,295.92
3973,8316,1,383.55
3974,9549,22,438.68
3975,7729,79,186.32
3976,630,96,170.64
3977,9954,42,358.51
3978,4601,77,299.85
3979,6098,17,172.67
3980,1144,78,417.16
3981,7705,96,451.19
3982,5720,41,419.46
3983,6926,23,22.41
3984,532,51,208.71
3985,1196,91,426.02
3986,8134,31,26.84
3987,9597,83,379.98
3988,2329,92,330.92
3989,1230,23,363.6
3990,7662,8,426.83
3991,1910,12,147.06
3992,3149,60,309.7
3993,3709,55,44.07
3994,1189,9,369.04
3995,1645,44,291.6
3996,7806,13,278.41
3997,6263,74,273.77
3998,6914,84,286.19
3999,5517,49,289.39
4000,2391,78,330.91
4001,5007,8,18.51
4002,9112,88,387.09
4003,1047,100,487.63
4004,8274,41,239.58
4005,8241,33,154.04
4006,7356,14,53.99
4007,5823,65,141.5
4008,9415,65,133.31
4009,4102,90,497.35
4010,7226,98,466.58
4011,5078,95,475.9
4012,4402,19,253.73
4013,4013,89,248.06
4014,6561,58,135.54
4015,1644,99,239.02
4016,5137,26,190.0
4017,3979,92,433.01
4018,8750,85,295.12
4019,2675,7,28.02
4020,9278,62,322.37
4021,4375,73,15.21
4022,7195,13,470.54
4023,5475,61,439.21
4024,2362,3,367.72
4025,4232,93,284.02
4026,9498,16,391.02
4027,4579,71,195.09
4028,1958,31,367.45
4029,7002,15,133.8
4030,4889,34,224.02
4031,7024,18,231.57
4032,7663,32,31.66
4033,5051,79,496.35
4034,7763,62,333.68
4035,6736,12,229.55
4036,8964,69,90.01
4037,6485,48,402.64
4038,6869,36,491.84
4039,3371,80,218.22
4040,87,80,13.44
4041,939,63,175.66
4042,1381,61,348.45
4043,4732,2,334.83
4044,968,79,204.58
4045,927,40,362.8
4046,8503,27,244.5
4047,2098,85,334.47
4048,6918,73,328.59
4049,5122,96,235.14
4050,84,79,203.49
4051,618,73,127.21
4052,4319,48,291.2
4053,2756,40,446.74
4054,3242,30,380.59
4055,7194,34,190.22
4056,3349,56,154.46
4057,5946,39,265.37
4058,1089,3,433.72
4059,4903,12,196.07
4060,489,14,389.16
4061,7179,53,40.82
4062,9315,4,313.39
4063,5956,99,91.44
4064,5848,68,96.42
4065,655,20,185.68
4066,2772,92,26.9
4067,4552,28,213.32
4068,6029,97,90.12
4069,8925,88,196.69
4070,5173,79,468.18
4071,6457,9,384.23
4072,5107,87,253.15
4073,8691,5,214.0
4074,1740,61,233.73
4075,5236,55,469.9
4076,7411,21,11.61
4077,3588,63,245.96
4078,2459,19,185.49
4079,2147,43,140.58
4080,9683,38,270.85
4081,9837,18,385.03
4082,4832,73,335.42
4083,6517,67,157.27
4084,8165,17,284.57
4085,240,30,341.05
4086,4659,80,205.81
4087,355,7,215.25
4088,7239,9,145.74
4089,9013,71,429.93
4090,7522,69,339.32
4091,4869,80,152.44
4092,5109,55,367.67
4093,7488,11,31.58
4094,9406,24,205.45
4095,3049,83,425.44
4096,6813,60,26.97
4097,1513,9,308.99
4098,8540,99,56.6
4099,8329,6,434.09
4100,7422,50,292.84
4101,9344,20,477.67
4102,9063,2,313.83
4103,7383,53,425.92
4104,5128,56,95.85
4105,8845,69,360.54
4106,1620,60,403.17
4107,5249,24,231.49
4108,4351,86,112.94
4109,800,80,456.07
4110,4576,49,91.13
4111,7838,56,360.95
4112,453,11,117.27
4113,9163,2,269.05
4114,8316,73,438.91
4115,2113,40,107.3
4116,2433,65,349.37
4117,1003,89,392.86
4118,7049,76,79.95
4119,6269,99,156.38
4120,2220,73,347.03
4121,9084,5,365.99
4122,6528,32,492.0
4123,674,18,243.67
4124,7587,41,454.3
4125,9219,10,276.73
4126,9069,47,100.03
4127,7256,84,281.13
4128,3157,73,289.81
4129,6938,45,222.34
4130,6117,35,304.83
4131,4296,72,295.45
4132,2396,5,389.59
4133,7195,52,12.2
4134,5014,44,354.6
4135,664,69,245.43
4136,324,10,214.07
4137,2673,66,273.64
4138,8938,89,79.16
4139,9754,11,365.36
4140,3025,72,314.71
4141,8886,59,239.22
4142,4769,31,46.72
4143,9105,12,342.28
4144,8337,18,366.19
4145,164,62,54.66
4146,366,25,241.6
4147,4194,93,233.88
4148,3835,51,228.52
4149,8827,57,86.17
4150,5633,25,456.73
4151,9516,48,439.83
4152,235,44,357.63
4153,2970,34,173.54
4154,5530,21,181.92
4155,9651,62,276.27
4156,2040,98,439.2
4157,4545,61,23.64
4158,8249,70,37.69
4159,8644,45,152.28
4160,1968,49,316.36
4161,5258,76,119.25
4162,1366,97,265.24
4163,6798,56,14.34
4164,8169,99,286.3
4165,8697,16,140.56
4166,3660,6,377.96
4167,8703,96,364.92
4168,837,66,299.08
4169,7790,17,429.9
4170,5539,7,383.33
4171,2965,8,54.83
4172,2782,95,197.02
4173,3398,56,29.41
4174,8592,60,130.73
4175,768,34,175.75
4176,4510,83,299.06
4177,4401,76,282.39
4178,2494,89,390.38
4179,8434,52,328.94
4180,583,52,31.36
4181,7333,44,73.68
4182,2499,12,353.85
4183,8673,85,399.12
4184,7891,30,115.94
4185,7569,90,495.6
4186,3534,83,230.34
4187,7691,15,447.5
4188,8965,68,182.86
4189,4921,58,271.87
4190,317,68,56.73
4191,2624,81,207.86
4192,6354,30,296.74
4193,4699,42,377.3
4194,461,3,331.93
4195,6412,75,313.96
4196,2420,51,260.95
4197,3459,26,124.48
4198,4584,46,471.78
4199,9227,83,228.49
4200,1441,70,318.66
4201,6566,52,345.46
4202,3359,36,69.03
4203,5386,15,332.14
4204,6960,41,105.54
4205,4131,94,106.58
4206,4650,10,256.91
4207,1550,50,456.79
4208,6693,14,447.45
4209,5170,26,225.97
4210,1445,92,344.88
4211,587,67,283.93
4212,3063,67,174.54
4213,2175,88,221.98
4214,6820,45,239.41
4215,3808,8,28.16
4216,1017,69,447.31
4217,2693,55,104.75
4218,26,47,154.22
4219,6226,23,228.4
4220,7687,97,481.72
4221,406,71,445.92
4222,8222,83,235.87
4223,9370,97,156.83
4224,846,88,237.15
4225,8490,39,99.46
4226,3526,36,108.75
4227,747,67,250.33
4228,4116,97,172.99
4229,4784,33,463.71
4230,3236,72,312.37
4231,8914,36,251.23
4232,187,50,479.66
4233,7078,53,87.34
4234,2405,19,227.39
4235,2365,56,364.96
4236,2950,77,347.01
4237,9744,89,139.93
4238,7148,77,366.06
4239,742,96,346.61
4240,295,19,447.44
4241,387,60,455.11
4242,2502,27,389.23
4243,7055,50,200.96
4244,33,82,444.48
4245,3708,57,178.78
4246,3234,36,386.28
4247,6544,46,206.21
4248,2201,47,356.31
4249,6581,76,226.35
4250,725,24,423.63
4251,3258,50,299.94
4252,9969,85,289.93
4253,4621,81,389.62
4254,8617,13,115.31
4255,3920,85,448.59
4256,7618,24,52.49
4257,8188,36,253.88
4258,7870,90,161.05
4259,6332,18,54.11
4260,2276,97,87.96
4261,7574,19,468.11
4262,8600,45,76.78
4263,5926,43,203.7
4264,1698,67,453.1
4265,9463,12,331.02
4266,5091,53,141.18
4267,2305,19,73.57
4268,1869,100,270.77
4269,4976,8,206.32
4270,3134,78,487.15
4271,3236,83,143.8
4272,7841,23,326.71
4273,2211,68,433.21
4274,4628,60,27.43
4275,8435,82,211.3
4276,304,28,116.0
4277,336,17,290.58
4278,2129,59,46.58
4279,9105,67,248.36
4280,9278,6,212.0
4281,2441,2,404.69
4282,2483,87,414.15
4283,7043,39,90.86
4284,5945,86,425.15
4285,849,20,194.01
4286,1118,69,237.86
4287,7768,3,72.39
4288,8981,3,428.39
4289,9150,41,319.7
4290,3641,71,359.13
4291,7697,29,182.69
4292,595,19,186.51
4293,1337,26,209.2
4294,7163,27,60.4
4295,4102,47,469.35
4296,3605,74,379.84
4297,3129,26,153.09
4298,4048,35,472.44
4299,229,98,414.41
4300,9609,50,169.86
4301,288,88,418.28
4302,3003,86,418.05
4303,4446,12,423.12
4304,3192,10,388.75
4305,6053,72,84.74
4306,3315,10,12.79
4307,4527,66,21.43
4308,1976,71,372.81
4309,6182,40,127.47
4310,5846,53,138.2
4311,7505,86,381.69
4312,4316,55,469.7
4313,9178,100,324.49
4314,280,95,359.96
4315,4559,30,302.29
4316,6870,56,241.87
4317,1641,42,74.13
4318,8012,51,272.38
4319,182,1,339.72
4320,6808,62,85.11
4321,7712,52,284.81
4322,2604,77,499.52
4323,7821,23,194.43
4324,6942,57,192.33
4325,1796,30,86.88
4326,3547,99,406.76
4327,3507,30,399.48
4328,8215,10,312.42
4329,1287,27,15.11
4330,2383,59,346.77
4331,6856,6,82.3
4332,2761,15,407.51
4333,3502,22,474.33
4334,2840,94,53.73
4335,7505,52,199.98
4336,8212,86,303.4
4337,4305,2,118.12
4338,1493,22,180.66
4339,7774,67,194.61
4340,3981,82,158.25
4341,3642,100,73.47
4342,5881,26,309.35
4343,892,1,85.37
4344,914,5,111.93
4345,5110,83,192.34
4346,4073,11,21.54
4347,8641,32,254.03
4348,2149,4,430.87
4349,5090,14,95.33
4350,3355,13,177.5
4351,1252,96,224.07
4352,2628,99,495.01
4353,4691,18,65.84
4354,7241,99,236.05
4355,6463,34,447.64
4356,834,96,490.33
4357,8475,94,163.96
4358,7498,75,53.68
4359,5841,28,261.05
4360,8493,39,19.13
4361,4204,44,430.7
4362,5470,15,280.8
4363,6728,36,436.46
4364,8952,98,255.72
4365,6171,72,271.17
4366,4324,75,243.09
4367,5217,64,117.46
4368,841,1,405.0
4369,3350,78,147.9
4370,464,81,284.78
4371,585,88,347.7
4372,1300,87,130.77
4373,9022,76,228.17
4374,642,99,144.85
4375,7097,69,291.42
4376,509,93,128.86
4377,8334,2,201.87
4378,5,51,148.61
4379,6939,51,496.72
4380,2490,7,319.84
4381,706,14,438.66
4382,9374,82,393.13
4383,7266,49,104.08
4384,7299,57,81.14
4385,6186,60,474.37
4386,4555,98,284.64
4387,9259,87,381.1
4388,4109,51,91.37
4389,8419,58,310.99
4390,6718,76,330.24
4391,6313,82,199.67
4392,6065,38,466.2
4393,3539,93,62.48
4394,6792,86,272.17
4395,3299,58,160.24
4396,4588,20,494.85
4397,2318,62,79.23
4398,2933,51,374.71
4399,292,43,98.52
4400,5375,48,457.42
4401,966,26,184.77
4402,422,41,369.13
4403,8044,6,326.93
4404,8214,43,161.45
4405,8204,40,88.91
4406,9790,36,73.93
4407,3488,11,210.8
4408,1286,1,308.78
4409,4080,9,404.74
4410,3380,46,13.84
4411,3998,44,198.83
4412,8142,34,159.03
4413,959,15,476.82
4414,1508,25,69.41
4415,6417,14,308.65
4416,3279,85,281.93
4417,9292,5,167.73
4418,5067,24,472.96
4419,1599,49,258.15
4420,7753,99,138.99
4421,5269,52,81.82
4422,6159,77,182.85
4423,6500,27,237.67
4424,8899,76,136.87
4425,2349,98,249.28
4426,7743,31,26.03
4427,8276,93,481.47
4428,2568,68,207.12
4429,8991,28,185.83
4430,9725,43,92.67
4431,8273,41,302.95
4432,4987,16,181.89
4433,2803,77,450.13
4434,1269,88,137.57
4435,8201,89,27.99
4436,3464,93,216.12
4437,4549,57,170.61
4438,8482,7,443.17
4439,29,11,225.37
4440,5887,32,251.3
4441,2217,32,438.58
4442,8315,35,162.78
4443,5009,50,463.76
4444,2738,51,376.13
4445,8843,37,470.94
4446,3410,13,371.44
4447,1167,82,285.87
4448,2937,6,149.53
4449,6274,82,139.46
4450,8652,39,130.44
4451,3924,99,298.96
4452,5921,32,248.81
4453,5975,73,119.29
4454,3204,34,427.16
4455,4751,56,477.92
4456,9221,40,230.11
4457,3208,48,60.63
4458,4692,71,368.12
4459,2587,8,101.97
4460,4245,17,409.61
4461,4857,94,73.48
4462,7207,69,323.52
4463,7137,4,439.53
4464,139,37,142.34
4465,3121,94,235.15
4466,5851,73,166.34
4467,2856,9,318.52
4468,9888,89,460.62
4469,8254,16,455.37
4470,3413,27,260.32
4471,7027,61,293.82
4472,1353,2,151.34
4473,8266,45,483.18
4474,7103,9,10.57
4475,7885,63,83.08
4476,1302,6,325.27
4477,1335,43,326.1
4478,3590,71,230.41
4479,5295,21,16.3
4480,5463,43,238.61
4481,1175,21,228.44
4482,6809,31,63.65
4483,6474,91,239.96
4484,2922,38,192.01
4485,7897,3,418.52
4486,6188,39,268.12
4487,1293,46,285.24
4488,3254,97,167.93
4489,2548,29,26.32
4490,9086,53,456.95
4491,7816,88,392.34
4492,8781,47,85.63
4493,2890,16,80.91
4494,3716,37,447.51
4495,2348,79,189.41
4496,9108,78,442.69
4497,4470,61,104.44
4498,4984,46,11.85
4499,2125,21,160.84
4500,1545,42,483.19
4501,9499,19,264.55
4502,4189,39,56.85
4503,2745,44,186.61
4504,3559,71,152.78
4505,5455,59,76.84
4506,9536,65,298.84
4507,8768,68,208.8
4508,666,6,490.23
4509,9371,91,285.19
4510,9012,28,148.14
4511,6265,74,289.95
4512,2313,96,139.55
4513,1988,63,164.82
4514,8592,91,56.25
4515,6375,84,268.01
4516,8687,87,464.02
4517,9519,100,375.03
4518,4068,46,160.93
4519,426,30,365.73
4520,6830,24,106.27
4521,1681,81,317.12
4522,9928,97,262.56
4523,757,98,164.16
4524,7947,55,350.58
4525,2591,100,148.79
4526,4623,97,413.92
4527,8289,76,248.54
4528,2377,86,284.91
4529,1413,29,104.09
4530,9594,67,30.56
4531,6031,90,282.55
4532,2979,61,467.24
4533,9902,11,451.56
4534,7827,72,48.84
4535,1909,1,284.98
4536,3168,48,243.26
4537,110,73,437.66
4538,5568,56,263.44
4539,7906,52,196.44
4540,6613,84,333.41
4541,8408,71,72.17
4542,8466,69,262.06
4543,8026,58,62.65
4544,2036,12,449.86
4545,8330,16,368.85
4546,3506,10,144.19
4547,3294,7,231.12
4548,7856,64,343.24
4549,9012,46,273.84
4550,3945,3,405.86
4551,4393,87,438.88
4552,7789,62,487.29
4553,267,47,399.7
4554,399,79,242.46
4555,1972,30,295.48
4556,6261,15,286.58
4557,1072,55,342.81
4558,8713,31,17.82
4559,2179,93,398.24
4560,3301,89,157.41
4561,5148,51,422.04
4562,7856,36,309.43
4563,9827,87,78.97
4564,6773,8,336.97
4565,3342,97,185.33
4566,7636,92,191.28
4567,5278,9,156.49
4568,2140,46,425.01
4569,5678,59,96.43
4570,838,30,484.59
4571,5851,2,395.07
4572,7683,22,438.03
4573,3430,64,165.89
4574,989,69,54.55
4575,577,66,364.8
4576,6997,76,244.97
4577,2571,72,104.19
4578,7578,88,441.51
4579,7993,5,58.19
4580,6584,14,318.36
4581,7972,72,254.19
4582,7559,72,209.57
4583,8372,43,224.95
4584,8532,42,187.67
4585,612,95,414.63
4586,1507,70,108.14
4587,492,88,448.15
4588,4412,21,77.66
4589,1208,7,267.21
4590,7577,31,265.22
4591,6486,2,396.81
4592,7627,1,197.06
4593,424,1,380.56
4594,9173,15,212.23
4595,9758,29,376.93
4596,758,14,254.5
4597,1613,38,310.55
4598,766,94,421.26
4599,5209,18,315.37
4600,9766,14,135.24
4601,1219,100,363.34
4602,5374,59,15.46
4603,4429,45,45.1
4604,8187,94,455.62
4605,5144,97,411.67
4606,8497,34,56.51
4607,8936,44,189.38
4608,5460,48,408.8
4609,254,1,18.41
4610,5549,44,380.17
4611,1380,39,189.1
4612,5941,68,43.36
4613,3987,8,115.04
4614,8997,41,486.97
4615,6320,4,76.57
4616,9997,74,354.5
4617,183,50,302.73
4618,4294,76,221.67
4619,9078,59,136.59
4620,1171,38,66.04
4621,8799,99,266.67
4622,5556,63,254.96
4623,5631,34,399.5
4624,2173,31,222.14
4625,7866,37,446.25
4626,6746,94,470.12
4627,2783,95,138.43
4628,4515,26,498.86
4629,3414,7,481.95
4630,5372,32,128.49
4631,5828,15,152.85
4632,95,50,248.08
4633,3263,71,465.31
4634,6451,84,116.86
4635,5289,39,192.45
4636,7556,73,444.9
4637,9052,19,447.28
4638,8656,48,204.99
4639,3492,16,325.57
4640,608,51,460.52
4641,6794,44,398.98
4642,6554,77,88.77
4643,6594,59,211.0
4644,678,13,92.91
4645,7154,23,418.99
4646,677,19,146.95
4647,1693,21,95.85
4648,5112,65,209.1
4649,9499,39,153.45
4650,7342,93,116.65
4651,4695,51,343.13
4652,3897,38,84.27
4653,1908,98,227.16
4654,4152,35,301.29
4655,2230,60,265.62
4656,9989,16,38.63
4657,955,61,262.72
4658,1,98,462.36
4659,2072,30,206.44
4660,1786,12,230.79
4661,2856,90,180.32
4662,2234,82,237.51
4663,975,13,56.33
4664,8285,11,261.82
4665,2474,90,203.43
4666,3182,46,410.69
4667,8466,77,190.65
4668,2709,62,78.72
4669,1870,56,447.13
4670,7895,22,361.35
4671,7855,90,14.81
4672,7230,52,382.5
4673,5736,80,261.13
4674,1403,75,59.85
4675,8963,73,117.02
4676,3808,90,142.58
4677,5584,83,406.0
4678,5931,12,15.21
4679,5277,50,333.59
4680,978,59,455.86
4681,7342,23,488.74
4682,407,53,289.56
4683,5399,13,61.27
4684,9780,54,372.01
4685,8016,93,130.95
4686,4553,54,261.72
4687,4262,49,193.96
4688,8301,55,177.04
4689,7287,15,206.94
4690,2521,7,284.22
4691,7344,91,95.21
4692,3799,87,405.92
4693,2386,9,214.15
4694,1083,55,470.01
4695,4988,53,366.52
4696,7225,73,43.91
4697,6292,25,388.67
4698,7654,84,156.18
4699,7003,30,76.41
4700,2303,89,402.02
4701,3617,4,391.26
4702,5296,23,66.29
4703,9669,38,12.48
4704,7360,31,248.84
4705,7888,48,344.78
4706,5692,92,97.96
4707,9490,43,88.74
4708,4697,55,411.84
4709,1208,24,46.66
4710,2233,92,89.36
4711,9458,55,312.95
4712,1878,68,90.96
4713,9146,8,13.2
4714,8586,25,208.85
4715,5690,73,61.85
4716,4074,68,121.24
4717,7303,56,330.69
4718,8434,8,128.37
4719,5800,45,86.65
4720,3039,87,15.65
4721,9432,25,26.1
4722,9259,41,316.16
4723,1626,76,201.69
4724,6245,87,63.91
4725,4296,40,25.61
4726,5170,75,257.27
4727,1709,1,16.78
4728,5350,49,457.24
4729,8250,29,469.61
4730,6850,52,200.33
4731,2330,60,481.01
4732,847,28,375.48
4733,5107,100,23.06
4734,3245,49,114.29
4735,3848,56,26.25
4736,5589,42,274.45
4737,3170,30,484.37
4738,2401,61,398.46
4739,180,40,318.37
4740,6219,5,388.29
4741,1099,8,430.67
4742,2038,7,72.6
4743,3154,53,230.78
4744,9894,68,141.98
4745,6718,38,387.22
4746,5640,73,436.35
4747,9625,46,47.29
4748,9097,10,484.7
4749,3053,70,250.26
4750,3354,95,303.77
4751,8210,38,80.57
4752,5849,1,264.05
4753,2522,38,56.48
4754,1095,37,175.43
4755,5294,46,497.73
4756,4281,52,226.99
4757,4305,72,483.8
4758,5189,81,52.65
4759,6623,21,284.57
4760,4338,38,200.46
4761,6061,53,107.91
4762,7626,46,346.42
4763,8947,9,393.42
4764,966,95,433.49
4765,764,72,311.53
4766,7442,6,465.63
4767,4376,8,214.61
4768,6745,52,119.8
4769,827,82,188.98
4770,9593,95,263.84
4771,835,75,284.51
4772,1059,47,309.94
4773,1905,23,83.85
4774,9189,38,437.7
4775,3646,15,37.63
4776,2357,50,43.22
4777,1658,95,476.74
4778,8176,43,440.51
4779,8800,96,96.93
4780,5371,3,303.42
4781,7776,10,396.9
4782,3197,12,205.4
4783,4347,66,454.44
4784,96,6,210.28
4785,7911,77,479.23
4786,9757,1,425.42
4787,1772,50,118.06
4788,3968,84,287.78
4789,476,45,202.59
4790,680,17,234.61
4791,9623,99,414.74
4792,4425,48,261.77
4793,8828,8,393.21
4794,2542,38,490.36
4795,7580,45,253.02
4796,72,21,74.48
4797,1577,4,171.43
4798,5524,61,352.3
4799,9501,79,19.15
4800,7150,25,424.39
4801,4966,28,16.67
4802,6834,24,365.92
4803,1243,42,365.36
4804,1364,48,245.27
4805,4294,35,419.6
4806,1051,81,204.39
4807,2854,39,279.7
4808,4045,85,359.27
4809,6560,92,60.3
4810,4706,46,59.66
4811,2069,17,225.43
4812,3500,55,116.39
4813,2264,16,313.87
4814,829,4,265.59
4815,4876,56,495.85
4816,4499,73,223.72
4817,1651,5,365.67
4818,318,43,120.21
4819,7894,41,359.86
4820,1158,66,443.46
4821,3404,92,45.84
4822,673,52,229.43
4823,1487,50,365.7
4824,3375,15,449.97
4825,2958,23,261.32
4826,8473,85,51.33
4827,2647,97,278.3
4828,3551,52,59.53
4829,3923,82,441.54
4830,8861,65,10.97
4831,4988,4,269.95
4832,5222,14,13.81
4833,3633,77,459.37
4834,8607,19,481.42
4835,7482,86,210.33
4836,540,65,32.56
4837,1253,26,390.11
4838,7747,36,107.47
4839,2059,20,162.58
4840,415,76,339.15
4841,3648,57,126.71
4842,1794,58,290.9
4843,8192,38,154.45
4844,7226,81,235.74
4845,7820,26,295.47
4846,9458,68,53.61
4847,8239,90,300.01
4848,5222,70,167.29
4849,5875,55,197.72
4850,7196,26,444.46
4851,9774,89,352.06
4852,1875,69,393.62
4853,547,18,14.6
4854,1034,34,451.78
4855,4281,61,312.94
4856,522,71,428.83
4857,8748,23,495.37
4858,1141,30,337.18
4859,5680,10,332.7
4860,2600,41,382.93
4861,2973,78,395.1
4862,2072,96,400.96
4863,7750,26,485.6
4864,9976,38,142.17
4865,4793,76,482.15
4866,5742,61,481.13
4867,4011,75,225.47
4868,7594,40,454.33
4869,6389,27,464.07
4870,2672,69,213.92
4871,3158,2,371.8
4872,1512,90,467.62
4873,3770,91,16.77
4874,576,19,105.93
4875,4534,7,252.12
4876,8046,25,50.02
4877,1579,47,288.25
4878,46,73,393.26
4879,4595,13,321.23
4880,8369,16,472.02
4881,2013,52,104.26
4882,8559,71,351.76
4883,3136,98,319.92
4884,9650,66,438.53
4885,1175,22,337.75
4886,7888,89,488.33
4887,802,15,67.38
4888,2809,93,195.77
4889,2748,74,410.85
4890,7795,72,265.33
4891,5795,95,327.96
4892,8460,100,31.01
4893,3795,7,88.43
4894,6636,35,37.04
4895,8168,28,237.08
4896,3230,56,429.25
4897,8417,53,441.5
4898,170,86,253.12
4899,4249,69,354.31
4900,513,73,192.51
4901,6835,92,36.28
4902,5186,99,371.03
4903,1023,41,327.86
4904,6957,13,283.31
4905,8273,19,174.09
4906,7358,81,280.42
4907,571,21,258.77
4908,4719,60,63.99
4909,755,61,171.63
4910,1868,61,473.31
4911,9502,50,156.37
4912,7011,64,336.2
4913,227,96,30.88
4914,6089,37,311.18
4915,9114,29,371.46
4916,1667,38,107.05
4917,75,6,180.34
4918,3709,87,459.46
4919,7054,39,115.81
4920,1080,13,28.42
4921,4295,18,151.52
4922,624,66,466.73
4923,3667,9,144.44
4924,9234,48,64.82
4925,2176,47,120.84
4926,2745,7,136.49
4927,5490,19,113.68
4928,3366,73,349.68
4929,4391,25,472.9
4930,6385,27,56.49
4931,9402,97,455.64
4932,5577,2,69.65
4933,3034,57,376.23
4934,453,34,422.26
4935,1029,3,374.47
4936,4436,90,199.49
4937,356,99,458.42
4938,9801,50,490.77
4939,3405,36,80.22
4940,430,42,376.47
4941,7832,33,220.41
4942,3801,99,479.72
4943,519,24,222.41
4944,3977,82,43.14
4945,1066,56,21.65
4946,9631,45,426.71
4947,8079,58,142.57
4948,9176,20,418.58
4949,5040,13,274.58
4950,1836,36,410.98
4951,3806,2,418.77
4952,2074,52,273.01
4953,7426,99,29.88
4954,5810,68,42.36
4955,3812,17,460.26
4956,4156,88,12.1
4957,4474,86,486.48
4958,628,82,25.32
4959,218,40,396.75
4960,3605,24,99.81
4961,6280,20,454.98
4962,3725,73,492.65
4963,5866,66,283.62
4964,7600,19,42.88
4965,3797,5,137.14
4966,7065,60,50.98
4967,850,39,155.1
4968,5934,22,255.67
4969,9160,8,417.88
4970,7345,6,205.66
4971,7401,87,50.77
4972,7328,83,44.37
4973,7294,22,283.67
4974,6732,52,25.01
4975,9303,1,236.12
4976,4340,44,324.78
4977,94,4,192.28
4978,5112,53,191.4
4979,397,40,318.72
4980,4585,1,169.44
4981,3476,1,373.9
4982,2986,93,446.88
4983,7671,88,277.1
4984,9000,58,456.13
4985,3266,16,23.72
4986,5688,50,92.49
4987,4989,60,436.96
4988,9266,2,27.18
4989,1827,34,220.99
4990,6179,24,492.13
4991,6322,18,100.29
4992,6352,97,228.2
4993,7230,35,105.12
4994,6002,77,149.34
4995,4853,8,459.05
4996,3490,8,311.43
4997,2718,53,51.19
4998,9052,26,460.41
4999,2202,43,387.59
5000,649,13,171.75
5001,4300,67,360.28
5002,7167,46,128.16
5003,9385,2,230.19
5004,4715,6,263.15
5005,8133,71,405.09
5006,4421,46,32.17
5007,2357,70,350.18
5008,5986,36,18.76
5009,2681,30,146.87
5010,8822,93,395.36
5011,6721,82,453.98
5012,4613,68,158.69
5013,2924,16,322.12
5014,5009,4,413.23
5015,9965,1,61.11
5016,3756,59,381.76
5017,3006,91,418.91
5018,664,81,269.55
5019,7463,93,298.99
5020,4045,90,57.38
5021,1986,17,10.79
5022,5117,20,278.2
5023,5690,7,120.49
5024,8788,26,453.31
5025,998,78,279.41
5026,9598,57,28.12
5027,9470,8,254.35
5028,4774,63,465.23
5029,3922,83,94.86
5030,9722,20,121.12
5031,1023,30,123.67
5032,8910,37,169.92
5033,6970,43,219.05
5034,160,93,100.0
5035,6792,60,17.61
5036,466,27,289.45
5037,8522,36,340.47
5038,2481,40,69.13
5039,5870,11,83.17
5040,5936,75,230.94
5041,5755,37,97.19
5042,6122,90,118.45
5043,9354,5,55.62
5044,5562,61,196.83
5045,995,86,398.8
5046,3138,59,373.15
5047,5179,5,320.6
5048,1055,32,465.16
5049,1509,41,400.97
5050,1532,47,413.75
5051,2255,73,119.49
5052,7938,82,318.28
5053,3541,49,257.4
5054,4594,81,36.55
5055,9691,96,151.45
5056,7586,36,498.63
5057,4490,37,237.55
5058,9244,65,459.5
5059,331,38,417.55
5060,1644,1,88.69
5061,1457,42,87.8
5062,7015,54,228.16
5063,3563,5,136.16
5064,9820,87,189.63
5065,5208,56,10.3
5066,3213,62,415.19
5067,7697,27,71.39
5068,2284,95,95.42
5069,3322,46,471.08
5070,7808,54,349.33
5071,2814,87,106.12
5072,8993,57,119.98
5073,5533,83,91.56
5074,5713,17,415.39
5075,8675,75,83.43
5076,9964,13,249.58
5077,9895,21,227.37
5078,3446,32,47.56
5079,4770,28,452.7
5080,3500,54,57.41
5081,3276,9,271.71
5082,2568,73,85.86
5083,5591,40,208.78
5084,5332,80,436.65
5085,290,49,281.34
5086,9292,89,65.23
5087,2105,2,398.49
5088,5530,88,221.33
5089,5956,87,365.79
5090,539,18,168.22
5091,198,64,131.97
5092,3044,62,327.94
5093,6795,84,499.14
5094,9094,67,443.57
5095,5736,55,258.24
5096,4983,23,216.4
5097,5018,36,408.82
5098,7601,60,435.91
5099,6964,11,361.58
5100,896,47,236.09
5101,3300,38,329.33
5102,5098,99,193.81
5103,6411,7,179.41
5104,5752,88,398.43
5105,469,64,318.15
5106,1135,84,35.6
5107,1362,58,326.46
5108,8976,5,91.11
5109,2,13,270.5
5110,2256,90,128.46
5111,2955,84,96.74
5112,6524,85,373.31
5113,1130,76,420.7
5114,7887,95,460.88
5115,5248,10,222.86
5116,8919,50,248.79
5117,413,34,451.96
5118,6716,89,68.26
5119,5434,56,56.11
5120,1491,22,217.53
5121,3286,4,169.63
5122,7786,16,144.96
5123,8466,51,65.04
5124,3686,13,46.19
5125,3045,75,474.37
5126,8061,73,313.84
5127,6616,26,369.06
5128,7526,4,189.16
5129,381,27,258.24
5130,957,1,318.25
5131,8792,70,188.44
5132,8339,68,35.03
5133,4829,15,243.11
5134,6691,67,13.35
5135,3993,99,457.38
5136,6105,32,456.44
5137,6838,93,225.93
5138,9912,9,481.87
5139,7775,55,327.63
5140,8531,57,131.98
5141,3661,71,277.96
5142,6602,33,329.2
5143,4401,44,253.14
5144,2825,53,344.33
5145,4309,16,404.9
5146,5656,28,155.92
5147,2937,65,432.97
5148,4448,42,240.58
5149,9130,35,119.13
5150,5454,100,215.71
5151,2314,97,443.58
5152,4424,55,100.11
5153,9553,81,467.0
5154,4503,97,344.55
5155,7398,20,333.31
5156,9618,17,104.45
5157,8816,97,377.47
5158,5147,53,12.94
5159,2511,21,90.35
5160,9937,16,98.82
5161,7250,93,51.12
5162,1941,66,119.97
5163,6225,7,144.23
5164,6958,96,227.82
5165,8461,16,226.51
5166,1004,77,288.91
5167,4775,94,355.23
5168,574,97,281.87
5169,4816,39,197.08
5170,9909,48,363.39
5171,4362,42,26.77
5172,6545,57,236.86
5173,5907,27,236.97
5174,2161,51,314.84
5175,2941,57,82.24
5176,1767,96,262.73
5177,5702,78,79.47
5178,8715,55,206.6
5179,7678,34,240.14
5180,4314,45,323.01
5181,7643,82,239.08
5182,6015,97,229.16
5183,9904,60,293.06
5184,3107,49,305.44
5185,3828,97,226.29
5186,1698,39,94.89
5187,2148,58,71.12
5188,2736,30,447.21
5189,3398,7,281.69
5190,4654,77,375.5
5191,2898,9,353.27
5192,8172,95,385.98
5193,6976,33,419.73
5194,8326,30,187.68
5195,7592,71,88.73
5196,548,98,96.05
5197,1702,62,246.97
5198,3917,67,416.11
5199,4227,65,435.41
5200,6545,93,406.5
5201,1814,90,405.76
5202,8902,58,356.67
5203,3856,80,473.55
5204,8180,98,472.66
5205,5200,44,397.06
5206,4195,61,385.8
5207,9295,12,237.29
5208,3346,80,138.08
5209,1399,55,26.86
5210,19,53,213.97
5211,791,70,425.94
5212,7376,52,331.31
5213,1860,57,241.31
5214,7435,82,384.16
5215,5582,22,66.91
5216,7739,64,179.19
5217,2440,97,496.21
5218,3095,37,290.33
5219,8849,4,323.08
5220,7545,74,454.59
5221,4047,9,163.17
5222,9380,33,54.08
5223,6360,39,51.2
5224,3919,90,125.34
5225,2819,21,175.89
5226,6377,98,359.77
5227,1662,64,148.14
5228,4909,4,231.67
5229,3753,41,121.64
5230,9950,10,261.41
5231,7258,27,313.66
5232,450,24,162.47
5233,4324,2,285.47
5234,7574,66,291.12
5235,2850,68,120.98
5236,190,43,258.74
5237,693,84,443.01
5238,9320,1,261.15
5239,7932,18,348.19
5240,3236,35,42.43
5241,6431,68,211.2
5242,6882,18,253.8
5243,947,67,57.2
5244,399,80,459.11
5245,7356,34,129.98
5246,5562,18,244.21
5247,8735,83,217.77
5248,1484,82,339.32
5249,9980,66,19.26
5250,1128,62,206.08
5251,9234,61,150.71
5252,5884,79,47.69
5253,3378,15,336.7
5254,2419,10,347.4
5255,6181,68,338.57
5256,8639,63,79.61
5257,517,37,119.02
5258,613,50,366.37
5259,7101,38,413.03
5260,569,62,142.26
5261,9857,89,149.94
5262,7247,12,459.69
5263,2725,87,166.25
5264,318,28,84.91
5265,5252,45,343.19
5266,3289,97,464.99
5267,3168,44,400.3
5268,3892,79,58.1
5269,4588,93,21.47
5270,4017,12,184.3
5271,4943,68,499.94
5272,7449,90,360.06
5273,9590,70,197.39
5274,4686,87,256.94
5275,7135,74,235.73
5276,395,69,251.16
5277,1687,92,280.25
5278,3332,29,95.52
5279,7632,70,394.52
5280,7274,46,359.27
5281,8813,56,39.02
5282,7159,100,423.78
5283,6597,36,187.02
5284,453,32,145.09
5285,6177,5,82.41
5286,1507,11,312.36
5287,9551,43,493.5
5288,7565,23,58.02
5289,9019,3,354.7
5290,1871,56,52.48
5291,3024,16,105.69
5292,7933,82,260.54
5293,339,83,325.07
5294,8009,46,494.76
5295,422,30,467.61
5296,5344,86,54.65
5297,6749,45,264.81
5298,156,49,156.7
5299,6629,86,59.89
5300,5132,22,410.93
5301,4402,10,151.7
5302,2793,89,131.64
5303,5151,87,496.59
5304,9852,70,490.91
5305,6086,27,308.06
5306,4194,97,130.75
5307,2377,22,73.83
5308,2358,17,37.75
5309,554,30,179.02
5310,7037,84,162.31
5311,7917,26,66.57
5312,9432,3,459.91
5313,660,2,101.85
5314,9896,6,191.23
5315,2905,42,203.88
5316,4522,81,295.02
5317,4419,22,254.51
5318,6189,53,274.14
5319,9395,14,101.51
5320,6406,79,127.31
5321,9481,13,301.4
5322,8947,56,31.2
5323,9817,7,213.15
5324,7151,4,335.12
5325,7329,7,92.88
5326,8060,21,214.02
5327,943,40,470.4
5328,4120,20,300.85
5329,793,98,304.62
5330,5971,3,11.79
5331,882,99,124.42
5332,7360,32,391.23
5333,577,3,161.99
5334,6203,31,411.64
5335,7287,16,329.17
5336,9808,99,42.76
5337,2158,66,98.13
5338,9383,1,385.69
5339,7972,51,495.73
5340,3460,16,302.97
5341,1419,17,241.25
5342,2750,4,72.75
5343,9224,44,174.45
5344,765,81,453.44
5345,373,27,463.69
5346,5345,4,142.17
5347,8794,5,124.82
5348,3631,47,166.18
5349,738,35,355.65
5350,1366,69,386.07
5351,6624,49,431.69
5352,1213,64,135.42
5353,8712,34,465.27
5354,3362,46,24.19
5355,2131,80,267.81
5356,2594,2,187.41
5357,636,72,93.09
5358,9569,3,236.14
5359,6450,98,280.79
5360,1606,21,136.02
5361,4074,21,285.93
5362,6754,58,198.54
5363,7605,20,450.42
5364,7189,5,439.84
5365,1702,95,420.13
5366,2312,70,218.41
5367,1719,94,472.48
5368,6176,91,380.3
5369,1136,89,491.43
5370,939,42,191.37
5371,3378,29,224.95
5372,7959,71,307.22
5373,1047,5,158.24
5374,4258,5,464.16
5375,3562,3,403.24
5376,8035,63,288.94
5377,130,56,137.86
5378,9721,14,137.74
5379,521,47,374.83
5380,3110,66,73.66
5381,9527,86,255.58
5382,6975,76,457.36
5383,4531,27,497.37
5384,219,2,355.24
5385,2620,85,169.25
5386,1713,87,222.28
5387,2774,97,132.99
5388,6572,58,74.86
5389,6377,85,78.66
5390,6696,12,228.79
5391,290,61,481.55
5392,3112,5,173.43
5393,9926,2,416.68
5394,2821,75,274.91
5395,8609,62,412.23
5396,2471,25,73.21
5397,3483,67,317.35
5398,8742,8,292.5
5399,8221,45,225.3
5400,2932,11,188.49
5401,7029,30,207.49
5402,2356,54,216.17
5403,8529,92,181.27
5404,4575,33,83.28
5405,2462,7,141.68
5406,780,27,478.71
5407,8112,100,483.03
5408,1793,81,354.94
5409,9247,34,200.17
5410,5916,10,261.29
5411,5847,50,465.5
5412,3825,16,295.16
5413,3360,63,357.31
5414,4859,6,23.97
5415,6430,92,489.25
5416,1965,21,377.87
5417,9726,74,87.05
5418,8085,96,111.37
5419,8231,58,164.37
5420,3496,19,106.05
5421,4018,2,137.4
5422,9932,90,186.76
5423,1756,38,142.13
5424,2216,1,305.12
5425,2988,4,246.25
5426,2756,18,174.98
5427,4359,18,202.69
5428,6855,45,440.23
5429,2186,73,338.75
5430,5359,90,138.09
5431,9806,78,449.72
5432,3462,4,108.41
5433,6323,7,472.77
5434,8053,81,473.2
5435,1982,62,177.29
5436,8879,63,55.44
5437,3288,39,293.15
5438,4227,83,257.52
5439,2199,46,120.34
5440,4354,22,194.14
5441,3222,21,80.34
5442,7095,35,363.03
5443,1909,61,271.59
5444,1640,68,83.65
5445,3721,47,418.99
5446,9408,29,397.1
5447,6852,42,136.39
5448,9123,78,412.77
5449,6340,45,279.52
5450,3467,33,226.95
5451,5968,8,10.12
5452,1575,40,371.46
5453,5487,52,152.82
5454,7419,98,349.96
5455,6722,81,163.9
5456,5976,40,69.04
5457,8174,9,128.48
5458,1344,55,451.97
5459,8701,32,172.28
5460,6124,26,412.77
5461,6200,73,461.72
5462,5402,9,470.07
5463,3605,49,294.77
5464,5645,56,26.29
5465,6837,76,178.38
5466,9356,95,317.68
5467,4673,87,87.55
5468,3259,15,330.65
5469,7193,80,13.89
5470,7544,33,36.84
5471,2273,11,17.65
5472,3551,14,37.39
5473,9582,29,209.54
5474,1287,8,295.45
5475,5949,41,273.83
5476,3142,60,127.33
5477,9676,32,143.12
5478,5328,45,311.44
5479,4726,1,27.57
5480,6664,1,174.55
5481,5477,81,44.23
5482,2403,56,400.48
5483,2383,69,368.16
5484,7277,43,211.13
5485,3937,37,308.78
5486,8931,42,405.51
5487,8476,53,56.18
5488,5508,67,91.27
5489,4813,75,216.11
5490,3156,25,479.44
5491,3391,81,191.62
5492,4467,57,423.78
5493,3541,14,305.85
5494,1559,33,386.36
5495,3064,26,430.48
5496,7083,43,154.17
5497,8235,94,97.82
5498,9921,5,411.95
5499,3199,84,267.27
5500,189,73,53.38
5501,6130,60,482.65
5502,4140,23,177.3
5503,930,52,147.13
5504,7796,3,458.65
5505,2459,18,85.47
5506,9327,11,335.67
5507,2333,26,388.79
5508,4832,37,170.22
5509,8396,75,157.29
5510,6180,14,91.7
5511,8836,28,459.19
5512,2748,49,218.64
5513,7793,66,414.38
5514,9089,22,89.23
5515,9249,35,175.32
5516,5872,85,432.41
5517,3255,62,68.8
5518,3658,71,394.74
5519,9786,61,94.91
5520,657,71,184.59
5521,2073,82,204.21
5522,1771,70,482.87
5523,1243,30,30.89
5524,4426,72,60.62
5525,1794,91,24.49
5526,7815,16,63.74
5527,2850,49,468.78
5528,9965,90,36.33
5529,5367,74,23.33
5530,7570,92,436.32
5531,4027,31,373.28
5532,6213,53,407.05
5533,4181,97,418.89
5534,6045,96,261.81
5535,6699,61,217.9
5536,5345,18,257.18
5537,2672,100,86.87
5538,6608,94,477.07
5539,6897,1,214.08
5540,7706,52,385.33
5541,9234,65,163.49
5542,4047,77,41.24
5543,4019,65,294.49
5544,276,100,80.58
5545,720,86,46.82
5546,9426,25,417.41
5547,7275,17,180.8
5548,8819,52,331.95
5549,4830,99,319.03
5550,1351,75,383.21
5551,4735,47,334.06
5552,7401,35,42.7
5553,7394,50,282.01
5554,4916,91,124.94
5555,8483,100,328.31
5556,7207,25,328.0
5557,9707,23,147.92
5558,2849,98,436.07
5559,2168,12,432.99
5560,3659,66,484.65
5561,8794,6,109.92
5562,6155,29,249.94
5563,4302,5,406.04
5564,8162,50,261.69
5565,8214,34,323.64
5566,5978,61,322.46
5567,1191,35,414.04
5568,1577,32,436.58
5569,2433,68,187.75
5570,1344,31,62.49
5571,4897,39,258.31
5572,2333,26,238.35
5573,8297,61,252.95
5574,4607,26,418.89
5575,2994,43,324.51
5576,712,24,310.22
5577,2364,79,270.88
5578,3110,23,95.9
5579,5262,34,483.4
5580,5428,70,226.48
5581,4755,37,364.83
5582,7024,69,240.81
5583,9405,2,308.79
5584,7389,90,103.95
5585,4561,22,348.54
5586,9629,10,213.31
5587,4148,21,273.89
5588,8603,90,10.62
5589,2434,70,82.0
5590,5010,49,278.84
5591,9249,19,270.96
5592,6187,15,16.1
5593,4224,21,188.36
5594,2715,97,411.54
5595,5087,46,98.12
5596,6261,13,218.64
5597,7924,29,51.52
5598,4218,38,436.99
5599,8378,57,467.12
5600,1002,23,452.23
5601,1525,69,194.6
5602,4009,50,477.01
5603,9261,10,138.02
5604,9540,30,133.89
5605,644,97,292.59
5606,4170,23,431.16
5607,9886,68,281.0
5608,7315,80,385.68
5609,5441,18,29.46
5610,35,81,387.45
5611,9463,84,173.86
5612,7257,82,57.55
5613,93,21,403.94
5614,9303,30,10.56
5615,1407,93,259.63
5616,4076,72,210.78
5617,4655,38,95.95
5618,8229,85,420.21
5619,9414,24,121.64
5620,3149,11,97.84
5621,3296,76,442.55
5622,4896,28,458.79
5623,6901,85,471.36
5624,8895,93,431.43
5625,7859,51,63.33
5626,2941,69,329.79
5627,5539,7,489.78
5628,1067,29,285.57
5629,8225,100,370.83
5630,1632,27,467.16
5631,9724,85,109.3
5632,2621,8,466.57
5633,4306,67,132.4
5634,7631,26,103.37
5635,2501,21,73.84
5636,7666,96,331.57
5637,5580,81,80.84
5638,2836,68,187.96
5639,8527,83,450.08
5640,7590,91,428.03
5641,6335,27,134.46
5642,9933,44,374.46
5643,7489,24,12.19
5644,1866,49,271.65
5645,5983,13,360.29
5646,6137,78,305.36
5647,1524,13,257.3
5648,2402,40,471.57
5649,10000,9,279.89
5650,1808,25,279.55
5651,2659,17,11.3
5652,5402,2,202.58
5653,4890,80,430.76
5654,3737,32,137.66
5655,6543,20,74.8
5656,1758,61,179.72
5657,223,49,308.63
5658,3917,11,299.47
5659,173,73,328.15
5660,1470,36,469.79
5661,3697,29,24.56
5662,6294,74,132.86
5663,8197,34,324.9
5664,1867,46,411.16
5665,8870,86,351.3
5666,5710,13,132.67
5667,8576,57,349.33
5668,9436,38,245.34
5669,6403,89,114.63
5670,3345,28,237.43
5671,4959,55,103.73
5672,4521,7,454.74
5673,4167,12,488.87
5674,453,43,103.42
5675,302,36,439.07
5676,4226,37,445.15
5677,3616,51,122.7
5678,2526,19,372.89
5679,7551,46,76.11
5680,7777,50,265.81
5681,822,58,149.67
5682,9073,27,265.1
5683,5591,5,96.57
5684,9876,67,111.5
5685,5054,42,372.99
5686,6503,78,380.86
5687,3705,48,136.8
5688,771,24,199.06
5689,1662,98,34.18
5690,2086,37,339.31
5691,570,84,349.99
5692,8011,57,343.0
5693,7485,12,158.37
5694,8718,1,468.93
5695,2633,47,113.3
5696,39,1,436.36
5697,5009,87,121.0
5698,5081,85,397.59
5699,3502,85,197.45
5700,5810,25,219.98
5701,1049,95,70.12
5702,3638,19,373.39
5703,9463,93,30.32
5704,7159,40,55.75
5705,6407,78,445.57
5706,1417,58,465.51
5707,6107,1,325.94
5708,4035,16,273.67
5709,9216,47,175.66
5710,6535,80,436.71
5711,9100,32,355.95
5712,6374,90,16.09
5713,80,28,323.98
5714,9173,54,38.48
5715,1373,84,12.55
5716,9163,86,23.24
5717,5221,46,278.22
5718,9200,39,292.23
5719,5967,42,60.79
5720,7884,33,144.91
5721,7359,2,214.8
5722,4786,86,16.34
5723,9530,91,340.21
5724,1892,35,14.39
5725,152,49,306.98
5726,1067,46,93.85
5727,1960,12,194.25
5728,7440,54,453.13
5729,3577,18,187.71
5730,5248,18,262.18
5731,7824,78,259.83
5732,2305,89,236.64
5733,2855,91,75.21
5734,1485,11,229.26
5735,5322,80,392.82
5736,4315,94,308.95
5737,2659,41,434.22
5738,5304,47,196.96
5739,7027,66,159.23
5740,3587,28,259.02
5741,1036,12,336.6
5742,9302,18,208.78
5743,453,92,115.46
5744,8906,43,86.87
5745,4263,83,472.98
5746,3319,62,499.41
5747,9090,60,191.17
5748,8359,2,52.44
5749,2560,58,204.14
5750,1761,27,238.52
5751,7373,61,191.23
5752,1898,63,100.72
5753,2189,84,64.37
5754,3799,82,82.8
5755,8043,84,52.24
5756,1143,53,168.85
5757,2282,84,389.94
5758,307,77,445.32
5759,6115,48,400.09
5760,2373,34,362.82
5761,5000,72,303.63
5762,4881,99,373.8
5763,3494,40,96.26
5764,968,54,455.24
5765,733,40,425.22
5766,657,2,164.05
5767,8031,76,204.43
5768,6716,96,473.71
5769,2044,96,192.37
5770,4179,48,279.99
5771,3605,39,346.59
5772,3858,65,446.95
5773,4506,81,98.67
5774,3967,20,301.73
5775,4104,59,225.72
5776,9204,74,346.27
5777,9945,10,421.37
5778,156,89,441.21
5779,1046,50,305.41
5780,5570,15,68.33
5781,7389,90,20.2
5782,647,36,450.58
5783,5685,45,385.05
5784,8787,11,418.61
5785,4944,86,130.94
5786,83,54,133.9
5787,7931,27,194.78
5788,4382,57,484.38
5789,3317,74,340.44
5790,1954,81,114.67
5791,23,45,294.29
5792,562,22,112.9
5793,7366,88,255.6
5794,1983,68,104.9
5795,1447,7,81.66
5796,852,88,433.91
5797,1694,59,274.24
5798,9097,100,492.24
5799,889,93,358.35
5800,6399,83,73.33
5801,4419,40,404.92
5802,6317,48,311.6
5803,8914,54,361.95
5804,9817,28,483.2
5805,9549,48,119.63
5806,5444,100,277.47
5807,1244,39,207.83
5808,2586,99,413.02
5809,8184,66,457.75
5810,7186,18,452.29
5811,2156,6,256.75
5812,3232,74,16.39
5813,7620,37,498.93
5814,6827,67,286.82
5815,7861,14,292.43
5816,2118,45,478.19
5817,3112,76,436.39
5818,7660,44,88.84
5819,9087,12,51.79
5820,3656,7,97.28
5821,6209,96,52.89
5822,9323,88,310.15
5823,4482,31,394.64
5824,5243,23,396.99
5825,95,77,157.69
5826,7163,72,234.74
5827,3572,50,100.79
5828,6150,35,106.17
5829,2788,67,403.5
5830,9001,34,195.33
5831,8486,100,49.31
5832,23,23,49.68
5833,3452,88,449.86
5834,3556,13,359.76
5835,1563,76,319.11
5836,6901,93,435.65
5837,3912,10,374.4
5838,5089,77,291.2
5839,2944,62,371.24
5840,7181,22,49.33
5841,5865,8,164.35
5842,3541,81,492.08
5843,1285,65,32.34
5844,8407,21,495.78
5845,3626,39,131.83
5846,955,70,107.88
5847,6595,80,324.39
5848,4708,55,198.87
5849,2298,95,390.48
5850,3981,31,220.03
5851,305,29,192.92
5852,6041,71,247.41
5853,3018,88,161.33
5854,3509,40,77.47
5855,3828,31,92.73
5856,8519,12,476.13
5857,1879,83,244.83
5858,2902,91,492.66
5859,8076,23,158.46
5860,8047,77,460.52
5861,8677,1,52.84
5862,8372,35,142.23
5863,8833,30,436.59
5864,5180,21,410.59
5865,6308,42,362.45
5866,4988,92,156.12
5867,163,93,32.24
5868,5164,86,329.2
5869,6490,85,241.98
5870,8454,74,187.01
5871,4624,59,50.77
5872,7297,8,60.77
5873,7900,61,390.94
5874,5547,74,360.7
5875,3880,26,234.67
5876,2005,99,172.61
5877,2243,1,122.74
5878,5053,71,154.95
5879,4161,9,314.32
5880,6469,20,116.99
5881,5034,26,410.25
5882,3261,37,205.8
5883,3171,43,387.75
5884,8167,41,102.47
5885,8058,18,412.92
5886,1415,78,415.04
5887,493,29,293.36
5888,8231,8,320.28
5889,8092,64,281.78
5890,8446,97,87.08
5891,3872,16,429.39
5892,1015,12,26.94
5893,2771,46,60.04
5894,4946,4,259.59
5895,4078,51,32.9
5896,9362,7,21.79
5897,8635,31,49.66
5898,8898,74,127.57
5899,4503,4,244.16
5900,6324,44,375.73
5901,5536,60,471.89
5902,5345,20,464.18
5903,5550,71,168.14
5904,8938,40,175.96
5905,4673,55,448.93
5906,2318,53,278.72
5907,6062,28,156.81
5908,3995,100,198.3
5909,863,57,378.61
5910,6825,34,465.76
5911,9313,94,117.3
5912,1758,53,17.88
5913,1750,72,349.57
5914,4219,67,284.09
5915,8828,20,364.76
5916,3440,48,222.78
5917,1059,6,49.26
5918,4691,89,499.82
5919,3170,97,207.7
5920,9044,46,450.71
5921,8227,65,419.45
5922,8092,24,310.29
5923,6144,35,150.12
5924,5562,66,217.18
5925,813,96,33.74
5926,917,72,86.45
5927,8792,66,441.82
5928,6446,40,19.63
5929,1319,5,299.56
5930,2043,17,60.75
5931,8528,68,133.75
5932,7546,60,34.1
5933,1731,16,69.37
5934,2414,34,388.67
5935,4943,5,241.01
5936,3986,58,232.59
5937,7646,25,67.83
5938,7148,15,357.28
5939,4306,14,223.24
5940,5369,92,86.67
5941,5518,15,184.5
5942,5853,59,108.23
5943,2076,11,44.47
5944,9291,38,390.85
5945,5601,69,186.84
5946,3682,37,374.34
5947,9997,45,219.4
5948,3622,44,203.51
5949,6572,77,306.69
5950,650,50,249.7
5951,495,90,46.85
5952,7063,70,29.98
5953,1936,49,439.18
5954,524,16,472.44
5955,3651,52,320.99
5956,5740,72,324.24
5957,846,23,157.76
5958,2100,43,339.07
5959,6035,66,111.53
5960,5167,45,59.67
5961,2990,74,288.34
5962,9695,65,355.56
5963,6995,38,243.28
5964,7444,49,276.08
5965,7749,77,218.64
5966,792,22,370.2
5967,2192,96,229.31
5968,7028,40,448.55
5969,6250,42,451.65
5970,7329,6,461.42
5971,7206,79,392.23
5972,9252,26,230.41
5973,8615,4,358.28
5974,5726,84,382.93
5975,6294,27,283.15
5976,9893,22,21.92
5977,3130,33,199.66
5978,113,86,269.89
5979,6854,64,216.78
5980,3867,21,262.97
5981,4812,7,415.49
5982,6670,36,342.49
5983,8699,6,215.79
5984,2800,51,498.05
5985,231,23,429.43
5986,474,65,128.3
5987,5371,22,259.44
5988,157,33,357.35
5989,7867,71,21.8
5990,4473,70,342.86
5991,252,28,375.05
5992,2965,64,33.51
5993,8651,85,150.32
5994,9602,64,196.78
5995,707,38,350.91
5996,1666,89,151.63
5997,9323,22,320.93
5998,1776,9,292.83
5999,9919,12,372.93
6000,3602,57,347.31
6001,8898,21,87.98
6002,2146,88,443.2
6003,1911,25,125.71
6004,4345,5,256.65
6005,8959,82,179.86
6006,2707,30,299.41
6007,1542,5,208.54
6008,5414,36,226.43
6009,8109,47,92.25
6010,7373,57,195.7
6011,9829,41,403.34
6012,9191,85,35.11
6013,8775,30,15.79
6014,3097,30,90.07
6015,1176,60,82.2
6016,4083,27,311.89
6017,7912,19,272.16
6018,9380,79,326.67
6019,7249,98,462.76
6020,6661,67,188.49
6021,968,32,255.51
6022,6881,74,39.57
6023,107,67,303.75
6024,7178,34,72.17
6025,8513,16,494.28
6026,3500,73,415.66
6027,5423,96,432.01
6028,2957,5,89.66
6029,263,99,14.09
6030,2911,11,118.42
6031,5579,42,465.79
6032,8881,60,473.9
6033,614,12,195.32
6034,9737,49,49.35
6035,8619,1,211.95
6036,8162,51,51.21
6037,4035,95,421.51
6038,8141,92,209.03
6039,553,23,394.79
6040,7864,41,470.95
6041,2967,87,91.96
6042,7294,96,300.25
6043,6850,40,425.76
6044,4734,13,322.82
6045,9405,52,357.43
6046,6409,62,202.03
6047,762,1,327.13
6048,7636,3,219.96
6049,6779,5,83.5
6050,5137,78,204.38
6051,3186,20,336.73
6052,7099,76,31.75
6053,2348,90,220.29
6054,1971,50,152.33
6055,3767,36,31.86
6056,4105,65,280.54
6057,7130,45,301.38
6058,1520,7,431.5
6059,7966,65,437.39
6060,8666,56,473.69
6061,3514,78,11.44
6062,8102,30,65.05
6063,6651,65,456.57
6064,8065,74,480.65
6065,558,20,51.22
6066,2532,19,298.74
6067,6927,67,159.4
6068,2471,15,153.08
6069,3680,27,320.07
6070,2614,69,106.55
6071,8261,94,387.31
6072,9755,52,417.78
6073,6138,76,486.42
6074,4778,93,215.33
6075,8346,75,92.39
6076,2988,50,363.5
6077,9400,62,126.94
6078,1645,42,248.99
6079,9827,87,238.76
6080,7161,26,118.73
6081,804,40,340.61
6082,8649,58,98.85
6083,107,11,144.29
6084,6666,49,75.46
6085,3897,66,467.76
6086,7015,24,196.18
6087,6983,58,61.27
6088,6651,32,424.46
6089,9906,67,160.49
6090,46,57,16.51
6091,4992,100,405.46
6092,1099,36,290.14
6093,1228,77,145.48
6094,5530,62,53.69
6095,1646,2,117.98
6096,3370,43,271.19
6097,1543,61,378.09
6098,2130,77,397.34
6099,1487,10,442.28
6100,887,69,273.54
6101,8505,6,35.0
6102,6045,92,37.54
6103,3509,44,418.96
6104,8720,35,356.82
6105,9918,29,353.28
6106,1571,79,427.17
6107,4738,1,186.58
6108,4488,80,86.64
6109,1384,62,266.66
6110,3563,76,269.93
6111,9717,73,75.1
6112,5768,19,251.7
6113,6987,55,473.13
6114,4767,95,42.42
6115,5752,16,192.87
6116,3654,96,355.1
6117,9902,40,253.03
6118,2082,98,452.99
6119,5864,92,234.54
6120,7896,24,266.28
6121,2748,80,116.95
6122,3061,12,19.59
6123,6835,15,227.6
6124,9938,13,468.5
6125,7190,46,294.65
6126,4356,9,242.41
6127,1111,75,222.3
6128,2251,78,459.26
6129,7925,8,45.53
6130,5003,14,401.5
6131,5941,90,326.3
6132,3445,38,158.15
6133,8004,5,229.0
6134,9780,55,114.1
6135,1773,53,327.57
6136,9086,25,65.79
6137,3261,65,360.73
6138,42,74,495.83
6139,5187,35,62.87
6140,8520,48,260.1
6141,6463,11,340.34
6142,5825,99,400.48
6143,5332,1,63.62
6144,3697,84,317.07
6145,3756,62,330.99
6146,1766,25,156.78
6147,8868,55,119.33
6148,3028,80,108.36
6149,7714,9,443.19
6150,2848,89,377.66
6151,7941,18,158.94
6152,9876,78,299.63
6153,1055,74,212.39
6154,2669,62,373.26
6155,2761,91,348.64
6156,9242,76,285.04
6157,9086,38,63.02
6158,707,83,203.12
6159,5221,4,476.43
6160,7445,79,81.11
6161,1515,98,363.93
6162,2021,53,33.09
6163,6932,76,454.92
6164,372,94,25.7
6165,7094,15,113.17
6166,5227,29,143.71
6167,1847,41,441.59
6168,3143,72,453.75
6169,7520,30,456.79
6170,2452,62,402.66
6171,3505,82,454.27
6172,3427,42,170.48
6173,8200,19,284.1
6174,6832,13,401.31
6175,7959,3,339.45
6176,3796,89,336.24
6177,1795,46,100.13
6178,8436,48,69.7
6179,9775,75,52.55
6180,1379,75,419.02
6181,9305,33,365.3
6182,5275,83,367.93
6183,8243,78,119.4
6184,1801,58,269.11
6185,288,77,246.11
6186,8514,77,56.88
6187,996,100,76.32
6188,9026,29,200.58
6189,7966,77,326.98
6190,1789,27,12.35
6191,180,44,158.05
6192,2686,95,492.78
6193,8485,28,372.13
6194,9764,50,463.81
6195,6134,81,378.67
6196,733,37,231.38
6197,1806,68,109.32
6198,4198,50,288.56
6199,9486,16,241.94
6200,8311,4,483.83
6201,8627,33,371.13
6202,1256,31,369.95
6203,4843,24,83.03
6204,7314,95,268.17
6205,1296,82,315.67
6206,6731,15,10.2
6207,3680,11,193.81
6208,9909,65,346.54
6209,8762,48,458.85
6210,8883,77,127.53
6211,9991,97,117.55
6212,3176,58,275.45
6213,1129,89,275.1
6214,1288,70,23.86
6215,6045,10,339.69
6216,3498,47,287.47
6217,1899,6,468.89
6218,6005,65,368.01
6219,5166,85,200.91
6220,2044,45,272.13
6221,7468,16,83.33
6222,9318,16,345.13
6223,2360,27,336.56
6224,9331,12,218.22
6225,6727,49,322.61
6226,8932,91,412.2
6227,1945,35,381.57
6228,1368,6,420.38
6229,7238,71,337.08
6230,4438,76,76.09
6231,8873,60,431.52
6232,8841,12,280.6
6233,9667,56,234.29
6234,6268,4,339.59
6235,3922,17,386.24
6236,1639,35,381.23
6237,7843,80,452.83
6238,719,16,20.16
6239,3935,47,145.29
6240,4537,75,279.48
6241,3735,15,445.45
6242,877,24,162.37
6243,2523,94,157.97
6244,5701,75,217.94
6245,4542,79,399.92
6246,9010,61,358.55
6247,9075,28,493.35
6248,1586,68,458.27
6249,7632,36,13.38
6250,3818,39,39.95
6251,3090,23,440.19
6252,4345,26,409.47
6253,3550,85,367.03
6254,4656,57,344.94
6255,6237,28,123.84
6256,8246,19,186.68
6257,3993,56,188.75
6258,3147,85,475.7
6259,4285,13,155.0
6260,921,41,225.05
6261,7218,59,397.97
6262,622,52,45.48
6263,242,99,113.26
6264,8993,28,111.76
6265,7703,18,56.33
6266,2122,55,247.7
6267,2295,73,438.25
6268,7987,63,203.51
6269,6072,27,394.75
6270,4156,14,255.15
6271,7536,89,78.15
6272,5009,100,331.59
6273,9492,36,94.3
6274,9130,84,140.89
6275,8728,67,290.48
6276,6818,45,470.31
6277,7675,47,239.31
6278,7955,23,479.48
6279,2130,57,65.35
6280,9759,3,197.06
6281,813,29,133.2
6282,9177,99,261.36
6283,7132,60,134.22
6284,4551,82,224.87
6285,5922,92,405.48
6286,6878,79,462.93
6287,1801,90,157.62
6288,8823,54,277.3
6289,790,52,224.53
6290,4413,62,354.19
6291,2291,33,234.24
6292,2208,36,484.98
6293,5299,95,494.78
6294,741,29,238.75
6295,600,19,207.4
6296,5275,93,193.72
6297,9859,29,496.34
6298,6659,3,471.55
6299,7605,19,297.0
6300,4792,26,193.88
6301,3003,6,198.52
6302,6684,19,464.95
6303,31,7,443.33
6304,6144,35,226.8
6305,667,47,230.54
6306,6739,91,371.14
6307,6178,4,188.05
6308,8619,84,123.86
6309,6812,24,454.98
6310,8303,57,92.36
6311,1146,81,247.84
6312,5123,65,159.68
6313,7507,45,45.2
6314,8886,69,315.97
6315,9353,33,409.39
6316,7246,53,267.73
6317,1662,94,203.18
6318,6706,34,499.39
6319,8630,47,44.96
6320,316,4,361.47
6321,1714,19,63.96
6322,7977,45,400.63
6323,5196,45,473.55
6324,1354,9,423.11
6325,1855,5,289.17
6326,8234,94,304.54
6327,8637,78,245.16
6328,9849,41,221.94
6329,388,25,132.16
6330,3064,45,264.07
6331,1152,6,41.59
6332,7061,80,299.02
6333,9652,92,377.49
6334,8951,8,414.08
6335,3979,25,97.7
6336,9724,77,78.26
6337,3789,67,176.5
6338,8609,83,398.11
6339,5566,100,340.1
6340,5943,95,386.85
6341,3041,63,152.31
6342,5413,83,198.51
6343,9786,43,461.71
6344,9967,83,74.13
6345,3857,6,353.48
6346,1830,43,106.99
6347,7570,34,226.01
6348,9306,27,499.35
6349,2172,69,304.87
6350,6658,24,200.26
6351,5529,57,84.45
6352,7105,20,304.47
6353,996,12,207.07
6354,4770,7,199.57
6355,7442,60,397.82
6356,2298,15,351.27
6357,4324,3,50.27
6358,7260,61,136.44
6359,447,60,63.83
6360,3033,90,304.66
6361,6437,73,286.64
6362,1520,13,449.13
6363,1864,52,358.1
6364,1510,71,190.45
6365,2876,61,379.51
6366,489,43,229.61
6367,5815,99,365.26
6368,2756,3,261.46
6369,5277,80,44.31
6370,6011,99,325.05
6371,467,65,169.25
6372,7787,66,148.02
6373,5979,70,147.15
6374,9246,53,87.97
6375,8004,70,375.55
6376,2076,100,490.51
6377,6990,38,34.58
6378,8707,86,368.21
6379,6080,77,197.71
6380,7374,61,384.81
6381,8530,46,197.87
6382,7472,83,270.87
6383,9517,49,264.95
6384,5390,42,286.1
6385,1946,63,472.75
6386,6941,48,16.38
6387,1766,57,113.75
6388,2598,98,14.79
6389,2784,91,279.29
6390,4132,20,209.79
6391,5266,46,105.68
6392,4559,46,246.23
6393,3196,22,489.85
6394,8616,37,280.32
6395,2627,93,383.83
6396,3170,16,395.53
6397,4283,29,172.64
6398,8771,41,273.75
6399,9218,94,136.43
6400,3458,16,181.61
6401,3318,67,27.15
6402,7283,45,262.57
6403,8205,18,394.91
6404,6477,62,55.99
6405,4781,35,285.23
6406,4649,33,135.92
6407,2544,15,262.62
6408,5459,46,79.19
6409,3408,57,113.26
6410,7847,34,69.76
6411,389,81,311.49
6412,4952,34,52.12
6413,1077,33,395.22
6414,788,36,356.51
6415,1794,91,340.14
6416,9939,66,29.21
6417,9461,64,326.1
6418,2154,5,106.37
6419,8265,45,183.76
6420,7291,59,425.84
6421,140,22,130.6
6422,7250,52,78.71
6423,6675,79,107.64
6424,2709,31,71.6
6425,7970,93,350.68
6426,2082,12,130.24
6427,55,62,182.62
6428,570,3,119.83
6429,6989,28,469.01
6430,6335,3,349.01
6431,7790,6,470.43
6432,9465,18,299.5
6433,4859,96,428.92
6434,2786,95,91.07
6435,4720,36,385.61
6436,8405,87,330.48
6437,3692,37,173.32
6438,7003,35,282.62
6439,468,94,16.55
6440,2433,35,493.5
6441,1751,31,452.57
6442,6436,83,296.32
6443,6323,12,185.19
6444,7658,93,198.09
6445,3681,99,22.59
6446,1240,100,55.17
6447,7250,92,18.23
6448,1703,87,130.98
6449,9277,30,458.63
6450,1679,72,340.56
6451,4140,11,447.68
6452,8664,91,437.34
6453,253,92,326.82
6454,135,61,201.3
6455,2222,7,91.02
6456,4701,25,38.17
6457,3920,98,42.34
6458,3052,21,284.95
6459,9585,25,220.36
6460,2169,15,104.0
6461,8054,2,484.21
6462,5494,3,304.4
6463,3274,10,113.26
6464,3629,10,217.74
6465,8860,90,61.12
6466,6268,5,319.76
6467,9778,42,383.02
6468,8682,60,320.84
6469,3948,98,74.19
6470,2296,9,348.9
6471,8656,72,475.71
6472,6422,32,96.15
6473,8745,98,85.62
6474,8118,1,319.31
6475,7650,49,454.7
6476,380,29,390.94
6477,9525,39,78.97
6478,1490,93,460.42
6479,3074,6,183.38
6480,1254,7,216.81
6481,9687,35,165.14
6482,4942,32,470.55
6483,7534,81,402.37
6484,9464,15,347.02
6485,1916,48,54.66
6486,612,22,82.55
6487,8297,58,137.04
6488,9400,83,432.88
6489,499,18,228.37
6490,2701,91,224.69
6491,6310,84,112.5
6492,1443,13,263.21
6493,5389,8,417.89
6494,3055,39,380.13
6495,1218,6,403.68
6496,1842,85,318.78
6497,1767,21,353.63
6498,6885,70,394.01
6499,8654,33,485.24
6500,7087,44,218.83
6501,1213,69,335.06
6502,9793,75,320.73
6503,1489,89,323.54
6504,6677,58,63.4
6505,9313,1,149.59
6506,7679,81,447.65
6507,1305,36,64.75
6508,6799,78,254.01
6509,1699,3,317.26
6510,4536,74,275.52
6511,4981,100,149.57
6512,9714,35,138.41
6513,3361,93,425.39
6514,6934,39,138.79
6515,1634,98,377.04
6516,8505,96,321.99
6517,997,33,484.05
6518,6289,70,451.64
6519,3406,84,37.78
6520,2554,50,207.32
6521,2919,81,352.35
6522,3069,38,232.84
6523,4978,52,197.73
6524,9543,91,189.95
6525,5076,18,272.89
6526,2213,62,471.92
6527,176,51,281.83
6528,8806,24,123.19
6529,9935,59,342.03
6530,7048,50,130.94
6531,6096,61,131.19
6532,1009,46,100.98
6533,8793,89,392.72
6534,2574,33,345.93
6535,6620,9,279.84
6536,6972,66,293.72
6537,1226,98,52.11
6538,7878,84,265.25
6539,7290,28,422.66
6540,1636,7,325.53
6541,346,4,73.83
6542,7287,63,72.23
6543,7793,14,338.61
6544,7661,3,484.92
6545,1133,60,339.08
6546,4105,25,66.31
6547,4845,56,494.91
6548,2165,15,320.28
6549,2977,36,307.76
6550,4369,14,368.2
6551,5196,36,343.62
6552,1885,26,379.74
6553,4309,94,419.87
6554,5178,93,278.83
6555,1868,33,53.03
6556,9867,94,193.56
6557,7639,31,483.6
6558,2979,23,111.09
6559,7383,42,38.92
6560,3983,75,49.72
6561,861,46,304.53
6562,6701,66,82.8
6563,5004,3,225.32
6564,2254,31,485.84
6565,7635,30,479.1
6566,4754,77,39.85
6567,9618,67,51.11
6568,6484,70,454.09
6569,9189,44,434.77
6570,5855,92,102.11
6571,5566,40,153.52
6572,1132,41,137.42
6573,5218,41,192.38
6574,9321,73,51.69
6575,9423,29,14.62
6576,6030,8,457.93
6577,9323,68,271.69
6578,310,13,439.27
6579,8224,78,305.48
6580,697,44,104.59
6581,7976,44,14.11
6582,5752,74,40.2
6583,9,55,61.98
6584,245,13,47.09
6585,2502,76,329.75
6586,1631,58,30.38
6587,206,12,459.49
6588,967,50,187.78
6589,7811,56,334.42
6590,2721,47,177.74
6591,5271,49,127.72
6592,4075,73,388.66
6593,2314,74,87.86
6594,8881,73,122.49
6595,2168,81,392.06
6596,2344,78,55.15
6597,8292,89,376.73
6598,5263,8,53.81
6599,2004,76,220.56
6600,800,9,127.64
6601,3762,45,87.66
6602,1087,53,263.61
6603,6120,27,250.87
6604,6498,27,198.73
6605,5421,67,75.73
6606,8281,66,10.36
6607,9892,58,327.43
6608,3514,18,321.63
6609,3991,96,192.3
6610,875,41,54.05
6611,1301,99,423.51
6612,8111,66,177.62
6613,996,51,167.29
6614,7900,1,301.37
6615,6894,78,472.45
6616,1712,23,429.11
6617,7181,22,31.71
6618,3856,83,209.32
6619,2585,19,365.04
6620,4287,11,387.32
6621,6463,7,343.48
6622,1480,4,274.05
6623,4322,57,16.45
6624,219,48,174.29
6625,9224,27,98.68
6626,771,95,344.7
6627,7552,17,365.04
6628,9446,85,369.7
6629,9630,39,399.33
6630,1536,3,410.24
6631,1371,58,466.34
6632,113,70,439.42
6633,3548,47,371.41
6634,8823,56,469.86
6635,5338,59,443.73
6636,4705,37,168.15
6637,5920,73,331.63
6638,2205,47,317.49
6639,1818,80,454.57
6640,142,26,326.2
6641,8524,37,255.09
6642,1070,31,484.27
6643,7928,33,85.81
6644,4188,2,51.5
6645,6755,92,319.5
6646,4469,93,394.43
6647,1422,59,457.34
6648,2412,5,469.72
6649,6039,32,209.92
6650,8474,44,117.86
6651,4111,45,248.62
6652,4305,28,488.45
6653,6243,9,482.06
6654,6917,50,227.78
6655,735,89,291.83
6656,1219,82,464.02
6657,8106,69,327.1
6658,714,18,191.71
6659,5658,73,164.54
6660,1769,61,419.16
6661,5696,81,94.77
6662,4501,75,368.17
6663,1332,35,36.71
6664,6136,73,194.06
6665,8532,56,484.25
6666,3112,76,497.01
6667,8043,64,377.32
6668,798,47,68.32
6669,9064,92,152.83
6670,9670,19,95.82
6671,3322,24,344.19
6672,2405,34,473.83
6673,8432,11,181.18
6674,3443,99,421.05
6675,2797,85,479.76
6676,3279,2,273.09
6677,6033,76,306.1
6678,6340,50,347.54
6679,9903,56,161.68
6680,3424,5,79.98
6681,8734,75,222.98
6682,7236,59,423.69
6683,2902,21,169.3
6684,5007,93,383.23
6685,3162,42,451.4
6686,3586,63,153.97
6687,6735,29,430.57
6688,1451,38,46.96
6689,2906,40,163.43
6690,3740,85,52.58
6691,1818,88,366.89
6692,9248,78,474.2
6693,4544,16,33.0
6694,7279,6,459.37
6695,8154,21,472.01
6696,8753,5,469.6
6697,4419,36,403.36
6698,289,88,203.61
6699,3613,96,350.59
6700,7008,5,14.58
6701,5333,55,395.9
6702,8076,97,91.45
6703,4621,61,339.26
6704,4822,25,362.94
6705,1318,86,218.39
6706,2837,32,77.68
6707,599,7,405.78
6708,6661,62,397.9
6709,3331,53,367.19
6710,549,17,466.86
6711,6680,89,244.68
6712,440,4,287.91
6713,7919,16,77.16
6714,9249,38,438.14
6715,3107,25,476.16
6716,4647,32,414.68
6717,6823,54,136.17
6718,3090,22,30.88
6719,1035,68,417.38
6720,2884,94,496.31
6721,9702,53,225.42
6722,396,92,81.14
6723,133,60,207.25
6724,9796,67,322.87
6725,6861,87,408.77
6726,7387,67,474.3
6727,6132,100,69.42
6728,4207,75,53.16
6729,5359,96,66.08
6730,6098,4,407.25
6731,7312,86,88.31
6732,1737,2,436.4
6733,6025,71,402.32
6734,2945,95,294.87
6735,861,1,404.41
6736,826,68,270.4
6737,6453,53,411.8
6738,3961,35,184.45
6739,5266,68,261.95
6740,1840,31,73.59
6741,5009,29,457.48
6742,2951,89,404.62
6743,3455,91,236.6
6744,168,46,185.75
6745,8106,5,176.13
6746,4294,8,49.59
6747,3544,71,113.76
6748,4110,95,115.03
6749,6806,8,33.81
6750,5737,16,75.49
6751,551,51,102.77
6752,3593,97,89.71
6753,312,70,150.49
6754,714,39,384.42
6755,2129,48,389.36
6756,497,97,93.67
6757,8651,81,256.17
6758,7676,28,129.46
6759,3235,66,320.15
6760,1488,91,91.03
6761,7962,31,88.94
6762,181,26,482.34
6763,626,68,350.32
6764,9477,6,358.12
6765,2047,99,424.58
6766,6790,89,171.01
6767,3881,38,449.16
6768,2888,96,358.07
6769,7305,37,216.82
6770,9384,14,38.14
6771,2166,11,344.28
6772,8988,87,80.09
6773,6719,52,319.7
6774,2902,78,61.29
6775,6178,54,324.36
6776,104,86,424.91
6777,9722,10,217.64
6778,411,73,350.98
6779,4147,72,425.25
6780,61,99,142.56
6781,5666,85,68.21
6782,4665,72,252.53
6783,1721,74,458.11
6784,5730,47,100.49
6785,734,50,487.18
6786,6229,79,316.04
6787,2568,57,392.51
6788,8764,7,338.58
6789,4217,69,335.04
6790,9904,17,443.75
6791,8964,75,181.12
6792,3121,85,263.87
6793,9047,80,128.69
6794,5337,67,284.55
6795,9849,1,189.14
6796,7263,55,456.63
6797,7669,40,283.64
6798,1437,88,19.22
6799,4971,14,145.13
6800,7985,8,387.08
6801,5383,53,257.99
6802,6749,15,400.79
6803,6051,19,91.93
6804,6628,71,315.11
6805,975,84,354.68
6806,7004,28,267.49
6807,9818,25,286.77
6808,5970,58,118.09
6809,6248,44,277.02
6810,4501,92,341.57
6811,4336,39,354.63
6812,5557,32,195.18
6813,460,76,304.16
6814,5169,11,402.32
6815,2407,13,329.8
6816,7395,28,490.81
6817,33,30,348.03
6818,6415,9,422.53
6819,7160,36,353.9
6820,9645,74,81.61
6821,3981,3,377.29
6822,9513,29,489.8
6823,807,43,142.5
6824,4932,21,135.22
6825,9581,36,66.5
6826,5123,63,72.5
6827,8201,63,345.94
6828,6933,37,167.75
6829,7446,74,323.7
6830,9342,23,315.32
6831,2858,73,79.87
6832,6821,30,448.65
6833,8717,93,256.06
6834,3201,42,298.45
6835,2107,27,473.41
6836,9621,79,180.21
6837,1113,96,35.4
6838,8265,21,347.09
6839,4319,91,55.52
6840,4792,17,35.65
6841,5196,79,263.78
6842,4918,90,134.55
6843,6832,87,152.53
6844,4575,62,108.33
6845,4066,59,433.02
6846,3607,86,147.76
6847,9795,36,240.54
6848,3483,63,70.14
6849,5160,34,393.56
6850,866,1,433.23
6851,3622,6,139.65
6852,6650,35,267.24
6853,8779,50,441.73
6854,9667,57,174.0
6855,3074,87,186.57
6856,7027,95,174.26
6857,4739,52,397.69
6858,5186,89,211.07
6859,4852,58,235.21
6860,1135,40,107.96
6861,5281,44,202.57
6862,3892,92,373.46
6863,9399,91,346.73
6864,4034,22,50.34
6865,3927,84,133.69
6866,661,2,121.95
6867,2975,43,309.53
6868,4959,81,30.99
6869,2955,65,187.08
6870,8474,95,189.83
6871,2660,36,281.85
6872,5119,32,442.69
6873,3151,41,466.14
6874,6767,32,432.37
6875,3142,46,110.76
6876,4671,77,224.39
6877,2611,84,490.56
6878,8747,58,228.07
6879,5552,35,480.16
6880,1018,36,191.97
6881,3320,95,87.95
6882,3179,80,200.87
6883,7827,23,345.23
6884,1375,96,414.13
6885,6451,71,457.37
6886,5438,42,215.3
6887,3879,34,362.79
6888,2958,70,17.07
6889,8096,7,400.85
6890,1013,32,159.19
6891,2602,16,379.9
6892,1907,69,59.54
6893,6488,98,452.47
6894,360,24,490.94
6895,5827,93,303.26
6896,9890,66,251.67
6897,4944,35,275.66
6898,4946,59,109.06
6899,3176,84,17.14
6900,4744,84,432.17
6901,6187,73,448.14
6902,1204,69,394.4
6903,1151,30,246.38
6904,3811,15,82.12
6905,938,34,163.57
6906,3199,94,428.93
6907,1995,52,346.47
6908,7278,67,447.62
6909,1613,14,112.29
6910,8269,92,236.71
6911,5356,88,445.6
6912,3098,13,96.16
6913,7733,51,38.51
6914,300,95,401.31
6915,1857,10,438.25
6916,8599,96,36.06
6917,4958,95,368.7
6918,1929,23,485.48
6919,2518,56,437.97
6920,5666,23,127.98
6921,2984,7,237.85
6922,3497,94,34.26
6923,1181,89,485.67
6924,9700,95,124.82
6925,1534,87,379.97
6926,21,79,424.8
6927,2019,27,409.18
6928,794,44,215.4
6929,2871,15,208.81
6930,713,40,438.96
6931,2296,28,372.63
6932,2361,49,414.96
6933,2457,91,441.89
6934,9131,37,427.88
6935,6649,17,415.7
6936,1356,60,31.37
6937,2101,82,173.13
6938,6534,9,56.92
6939,9884,85,240.54
6940,3008,48,457.08
6941,5440,19,462.01
6942,7539,22,411.56
6943,5395,54,200.74
6944,6944,75,93.92
6945,647,56,496.51
6946,9485,69,427.17
6947,5569,78,282.89
6948,6174,50,385.52
6949,6313,67,31.53
6950,3348,99,146.0
6951,7314,61,114.85
6952,6385,62,141.79
6953,3503,24,258.49
6954,5038,90,82.87
6955,2301,76,244.53
6956,2066,13,342.27
6957,6178,53,455.78
6958,7543,21,491.14
6959,165,26,259.22
6960,5950,11,330.11
6961,4603,19,439.53
6962,7048,15,475.57
6963,4876,73,84.02
6964,746,64,116.31
6965,3022,63,92.1
6966,7116,99,275.57
6967,2208,100,263.62
6968,30,18,463.1
6969,9909,94,344.71
6970,1174,91,257.59
6971,969,5,112.61
6972,4216,34,351.28
6973,3838,30,98.38
6974,8938,63,199.76
6975,4574,94,77.97
6976,2307,14,313.38
6977,3365,71,426.77
6978,5144,40,63.23
6979,4862,28,420.26
6980,9241,59,134.87
6981,2961,53,33.46
6982,2241,88,262.4
6983,6097,42,154.76
6984,2919,13,379.67
6985,3903,62,143.58
6986,4575,48,368.73
6987,3157,65,404.91
6988,7446,98,473.37
6989,5631,9,14.58
6990,3919,94,131.94
6991,7233,56,40.59
6992,1665,22,322.6
6993,742,86,237.98
6994,5167,78,74.29
6995,627,9,270.27
6996,8362,39,459.03
6997,1035,57,296.88
6998,4157,62,328.58
6999,1573,99,266.27
7000,7146,16,183.31
7001,4228,15,98.56
7002,3003,30,184.32
7003,1608,58,101.79
7004,6821,58,496.72
7005,6456,29,125.23
7006,1693,87,116.09
7007,623,20,486.42
7008,7497,100,184.42
7009,3548,69,160.57
7010,8273,72,80.02
7011,1263,47,80.91
7012,8061,39,187.73
7013,9230,96,481.38
7014,6234,99,83.84
7015,9825,59,58.79
7016,6028,40,336.31
7017,7991,70,277.25
7018,4465,45,16.81
7019,5326,47,35.35
7020,3950,48,258.58
7021,7567,88,33.58
7022,8417,13,254.44
7023,7685,66,205.09
7024,1894,50,296.02
7025,7458,40,90.82
7026,3155,93,238.18
7027,4465,25,227.76
7028,3834,14,372.48
7029,3994,59,244.02
7030,644,55,437.23
7031,3499,37,170.75
7032,6847,47,216.08
7033,2172,30,467.78
7034,2624,24,363.92
7035,3171,1,77.43
7036,9459,86,373.46
7037,1938,48,218.59
7038,9101,93,348.58
7039,980,21,286.61
7040,2514,92,470.91
7041,4082,79,162.13
7042,4881,73,10.02
7043,464,49,277.91
7044,6263,92,128.41
7045,363,82,114.96
7046,3181,9,334.63
7047,7791,18,315.24
7048,8697,94,109.28
7049,8036,91,402.98
7050,9284,34,109.66
7051,1932,92,58.91
7052,725,46,199.98
7053,3849,63,222.42
7054,7120,35,146.67
7055,4051,80,35.28
7056,1895,17,53.66
7057,8624,43,285.45
7058,9537,72,259.74
7059,2992,18,204.78
7060,4291,44,385.1
7061,9189,8,377.07
7062,2030,65,471.54
7063,5215,98,480.52
7064,4559,18,498.57
7065,1507,44,10.61
7066,6885,83,141.2
7067,1989,46,343.84
7068,5012,29,426.98
7069,2453,35,358.93
7070,9026,94,397.38
7071,7540,40,420.32
7072,1535,33,405.82
7073,519,43,383.84
7074,6422,76,474.77
7075,7205,29,164.11
7076,378,54,75.31
7077,6421,62,86.61
7078,3043,43,88.17
7079,8183,70,133.23
7080,3940,53,302.41
7081,155,28,162.44
7082,5327,33,447.02
7083,3941,94,60.76
7084,5448,50,378.33
7085,3936,66,381.43
7086,134,44,452.67
7087,6253,44,253.99
7088,7060,66,20.29
7089,8127,10,216.45
7090,9375,47,460.78
7091,8557,52,74.5
7092,2496,58,118.16
7093,3367,7,375.06
7094,7949,20,132.84
7095,9721,38,364.67
7096,3105,92,70.62
7097,447,26,267.24
7098,8663,49,311.56
7099,4520,30,93.72
7100,9196,91,102.08
7101,1537,60,470.81
7102,3800,54,19.51
7103,2601,57,319.48
7104,1670,33,380.93
7105,2609,1,52.89
7106,7280,86,271.0
7107,3003,66,98.04
7108,1732,2,324.48
7109,5354,69,164.99
7110,9668,69,101.75
7111,668,27,40.84
7112,6982,39,330.42
7113,9620,24,432.09
7114,7640,67,242.77
7115,4044,88,28.38
7116,3665,67,154.37
7117,3641,94,355.64
7118,1949,48,293.16
7119,9890,42,105.41
7120,638,68,173.68
7121,2411,12,18.43
7122,5086,80,225.77
7123,3224,94,92.24
7124,4578,20,415.07
7125,4156,2,38.36
7126,7525,89,303.87
7127,5154,62,390.7
7128,7662,50,122.99
7129,9085,57,120.91
7130,7393,92,200.91
7131,7522,68,154.84
7132,1605,42,269.65
7133,7245,90,298.4
7134,2853,54,85.94
7135,5341,54,420.72
7136,1628,25,461.84
7137,402,45,445.93
7138,2714,82,92.81
7139,6451,39,186.24
7140,2731,10,322.4
7141,1611,38,491.83
7142,3942,22,467.72
7143,4523,80,52.09
7144,5384,91,184.62
7145,275,26,50.95
7146,6720,67,422.58
7147,8723,41,458.78
7148,917,71,252.66
7149,2762,52,353.34
7150,9495,6,304.84
7151,8423,87,294.81
7152,1496,1,101.68
7153,572,2,237.47
7154,6267,36,310.58
7155,9653,15,441.41
7156,8649,94,40.13
7157,4066,45,302.87
7158,7794,92,144.66
7159,3519,54,111.01
7160,114,96,267.66
7161,4876,90,50.96
7162,4052,82,327.78
7163,4599,83,125.7
7164,4555,70,187.08
7165,5846,29,280.65
7166,8714,33,139.32
7167,2227,87,467.74
7168,1604,61,295.25
7169,7184,63,400.66
7170,4600,72,217.36
7171,2077,98,318.17
7172,1061,77,184.47
7173,7180,86,188.38
7174,5767,20,351.5
7175,7522,88,296.15
7176,757,87,247.77
7177,4573,76,13.49
7178,1177,95,198.38
7179,5735,83,488.84
7180,9022,20,120.29
7181,7245,16,219.99
7182,2936,34,348.45
7183,5004,54,94.83
7184,6860,100,22.39
7185,5360,12,460.1
7186,6275,46,159.06
7187,2234,67,256.83
7188,6221,36,301.62
7189,539,17,49.89
7190,3556,39,408.2
7191,3587,19,326.64
7192,2491,3,331.58
7193,5876,20,178.34
7194,5022,77,225.65
7195,188,71,159.51
7196,479,12,241.62
7197,6378,8,349.74
7198,9805,19,353.8
7199,8324,94,366.02
7200,4920,35,97.63
7201,9467,47,193.84
7202,1283,1,238.71
7203,7866,44,246.91
7204,5886,41,340.6
7205,5033,24,193.56
7206,4109,77,124.09
7207,9474,42,186.91
7208,9363,32,290.68
7209,7767,28,150.31
7210,931,71,293.11
7211,6569,77,247.18
7212,9414,37,415.12
7213,5657,72,53.85
7214,7650,12,60.97
7215,8164,61,443.31
7216,4324,28,394.43
7217,4409,28,12.77
7218,1581,41,255.16
7219,9215,86,362.21
7220,5721,71,205.2
7221,8701,37,391.0
7222,6624,48,319.4
7223,3279,70,316.53
7224,813,88,64.51
7225,1821,18,241.77
7226,8017,1,87.4
7227,4555,32,401.5
7228,1598,13,86.95
7229,9899,87,293.46
7230,6605,20,308.67
7231,6534,11,497.6
7232,5905,55,330.04
7233,905,80,496.74
7234,2218,8,400.16
7235,472,35,222.45
7236,1137,16,246.7
7237,6933,40,35.91
7238,5536,47,437.51
7239,9079,90,457.19
7240,4493,46,321.74
7241,1959,28,458.17
7242,1237,60,426.33
7243,532,74,155.91
7244,5280,81,488.87
7245,3352,38,297.88
7246,3674,30,243.65
7247,3629,35,499.33
7248,652,3,255.4
7249,759,69,37.55
7250,6519,19,25.13
7251,4739,81,292.5
7252,3290,90,448.13
7253,2532,37,66.66
7254,8842,30,56.49
7255,8962,69,291.9
7256,991,92,478.67
7257,8125,47,389.2
7258,6770,50,30.51
7259,1749,49,343.33
7260,3990,75,220.46
7261,4162,52,348.24
7262,260,50,321.09
7263,4787,90,188.86
7264,7161,38,77.35
7265,6359,5,85.38
7266,6536,11,228.69
7267,105,84,163.96
7268,2319,66,181.57
7269,3755,15,134.94
7270,6220,13,408.52
7271,8108,27,315.09
7272,4298,93,424.68
7273,9818,58,42.21
7274,1742,90,273.37
7275,9086,5,290.22
7276,9864,28,143.75
7277,5085,99,418.28
7278,6719,99,327.82
7279,8497,66,145.88
7280,9149,58,99.05
7281,6769,76,55.19
7282,1377,27,230.19
7283,2398,61,333.63
7284,244,32,131.97
7285,5884,20,290.11
7286,353,84,100.92
7287,180,99,129.24
7288,305,66,337.46
7289,9509,26,347.04
7290,2070,67,252.44
7291,8967,44,422.87
7292,7116,36,108.94
7293,4563,97,164.91
7294,4528,91,355.82
7295,1130,1,305.02
7296,7113,20,393.36
7297,696,32,313.81
7298,7141,8,416.81
7299,6185,3,43.71
7300,9016,6,349.43
7301,6339,9,374.05
7302,5990,42,303.45
7303,6315,96,10.96
7304,6155,22,329.36
7305,969,25,125.9
7306,6957,31,107.12
7307,1606,34,337.24
7308,6770,56,345.47
7309,4783,37,300.13
7310,1242,93,234.86
7311,2818,24,37.62
7312,4985,53,229.64
7313,3067,74,297.53
7314,179,35,307.86
7315,7692,8,184.33
7316,9811,22,164.96
7317,2403,63,451.16
7318,1590,1,154.71
7319,6252,39,78.71
7320,4738,27,43.23
7321,3180,84,476.56
7322,6197,49,255.11
7323,9237,53,195.55
7324,5551,87,177.96
7325,4884,99,444.68
7326,5480,72,96.48
7327,1206,91,492.37
7328,1856,45,149.86
7329,7194,20,297.54
7330,7805,51,152.41
7331,3998,44,373.92
7332,7510,60,151.38
7333,8620,98,433.69
7334,4876,39,259.17
7335,328,2,195.72
7336,3914,26,310.82
7337,2876,60,137.57
7338,6003,77,172.24
7339,3370,31,124.76
7340,1026,53,202.3
7341,2044,16,444.89
7342,9884,2,282.51
7343,5378,80,102.52
7344,567,100,207.89
7345,9313,79,381.88
7346,469,48,131.04
7347,4046,87,266.38
7348,1848,65,19.19
7349,9084,46,60.21
7350,1024,100,352.64
7351,1407,22,285.47
7352,2627,64,222.82
7353,3629,94,59.76
7354,62,53,97.6
7355,7129,83,79.26
7356,4390,65,403.15
7357,9797,77,296.0
7358,5216,14,113.29
7359,7112,23,494.69
7360,8783,43,403.66
7361,3242,92,457.75
7362,1880,47,171.86
7363,6171,78,98.3
7364,9271,69,304.26
7365,546,90,74.6
7366,5228,12,70.07
7367,9267,68,358.4
7368,3694,51,180.59
7369,8631,30,124.1
7370,6708,89,315.56
7371,3550,25,268.99
7372,4599,21,302.92
7373,8690,31,138.34
7374,8205,87,211.78
7375,3322,30,115.01
7376,6510,54,339.36
7377,6755,10,28.06
7378,1415,46,205.13
7379,2790,16,326.12
7380,1087,23,78.3
7381,9945,20,41.25
7382,4397,42,480.13
7383,2653,26,224.24
7384,2157,88,279.05
7385,772,38,144.71
7386,6650,4,226.91
7387,3310,27,29.23
7388,3835,38,180.07
7389,5896,63,112.18
7390,15,44,331.15
7391,4968,18,437.57
7392,9492,48,144.85
7393,4543,79,462.05
7394,1973,58,329.39
7395,4530,79,136.35
7396,6586,41,345.4
7397,6323,53,491.74
7398,9292,71,111.93
7399,1161,6,111.25
7400,8591,18,134.63
7401,2569,83,398.73
7402,9299,24,357.63
7403,459,50,322.25
7404,5935,21,213.33
7405,7218,24,337.53
7406,975,93,227.46
7407,4804,78,172.41
7408,5032,53,488.25
7409,9574,30,358.19
7410,5427,19,268.67
7411,4249,2,367.21
7412,7773,18,481.3
7413,1711,25,300.78
7414,6581,21,26.33
7415,1810,13,266.44
7416,5235,76,416.5
7417,6173,18,499.37
7418,9029,79,268.1
7419,5770,60,235.35
7420,1254,64,462.33
7421,6957,16,203.41
7422,9872,67,179.81
7423,6816,11,128.59
7424,6711,4,340.75
7425,7360,5,68.66
7426,5250,65,447.47
7427,2527,86,312.74
7428,9760,5,332.11
7429,2351,7,253.23
7430,8331,47,270.62
7431,1475,19,339.94
7432,778,8,223.17
7433,4458,59,269.57
7434,8405,82,290.25
7435,6752,51,329.39
7436,6540,96,420.31
7437,8112,31,356.54
7438,6147,4,334.27
7439,1605,41,162.33
7440,5019,55,73.67
7441,6067,37,404.54
7442,6332,47,121.29
7443,6074,56,93.71
7444,9831,88,94.33
7445,8630,51,420.02
7446,2758,13,250.65
7447,6098,7,105.01
7448,838,27,389.38
7449,2487,76,85.03
7450,7746,43,120.66
7451,8105,61,409.23
7452,572,91,112.92
7453,6406,19,107.99
7454,9667,35,299.57
7455,6277,57,480.22
7456,2112,37,69.41
7457,2613,54,337.7
7458,9679,78,246.79
7459,1818,3,325.83
7460,4658,19,295.27
7461,6474,74,349.12
7462,384,5,128.23
7463,2452,60,324.71
7464,3081,70,360.85
7465,7118,48,342.37
7466,2866,55,151.87
7467,1757,27,410.91
7468,5555,2,211.15
7469,9570,92,78.06
7470,6245,47,426.02
7471,1494,97,121.72
7472,80,35,360.42
7473,6815,70,35.07
7474,4920,3,387.79
7475,6859,83,149.52
7476,3121,40,418.03
7477,2652,95,362.19
7478,281,91,207.91
7479,1482,45,384.72
7480,242,80,12.35
7481,4131,87,315.5
7482,7668,5,67.79
7483,1072,71,159.81
7484,8227,16,96.63
7485,523,40,258.05
7486,2617,70,46.87
7487,2037,80,26.79
7488,2900,30,231.85
7489,7770,87,467.2
7490,54,73,346.11
7491,5961,78,277.52
7492,3095,67,172.76
7493,2709,95,268.38
7494,6423,99,270.81
7495,1530,55,146.32
7496,6168,99,372.68
7497,6041,69,472.07
7498,3915,88,222.93
7499,7327,63,105.72
7500,2980,52,462.49
7501,3971,87,99.02
7502,394,33,169.5
7503,8250,74,65.54
7504,4310,60,394.39
7505,4865,43,70.69
7506,5988,31,155.7
7507,4437,50,155.34
7508,6272,60,184.18
7509,492,58,139.67
7510,4313,20,279.77
7511,4166,50,125.23
7512,7343,52,329.08
7513,8642,65,42.08
7514,250,81,411.95
7515,2582,99,304.32
7516,8891,61,161.56
7517,7591,34,289.06
7518,2708,29,228.76
7519,7688,3,132.8
7520,4654,95,441.61
7521,5984,7,417.6
7522,1994,44,101.15
7523,2356,82,380.7
7524,9645,45,478.76
7525,744,61,258.92
7526,2411,24,153.13
7527,5589,48,28.37
7528,6843,78,284.3
7529,3463,31,12.34
7530,5986,56,444.51
7531,7429,14,450.77
7532,563,100,223.19
7533,4008,11,457.87
7534,7352,88,478.28
7535,6594,9,211.64
7536,2931,44,80.62
7537,8487,10,173.76
7538,8540,63,202.94
7539,2112,88,27.56
7540,4327,63,186.81
7541,1438,9,449.69
7542,7404,42,416.17
7543,2146,18,129.74
7544,8390,30,337.03
7545,9424,45,383.19
7546,8183,50,81.22
7547,3346,52,215.3
7548,4315,38,335.82
7549,1515,72,392.43
7550,2903,48,447.76
7551,6969,53,212.2
7552,5968,98,453.13
7553,2882,44,414.32
7554,8898,74,57.52
7555,2651,47,342.3
7556,8688,97,436.83
7557,8147,17,128.19
7558,6130,1,170.56
7559,1742,34,139.91
7560,2343,58,484.39
7561,2449,84,215.64
7562,1814,68,233.27
7563,6679,64,103.05
7564,5471,75,302.17
7565,5025,49,46.15
7566,6658,89,244.19
7567,5572,98,140.14
7568,3698,17,318.01
7569,8255,30,273.74
7570,5408,100,445.2
7571,1670,93,63.8
7572,8564,74,483.27
7573,4271,67,109.35
7574,2135,80,165.71
7575,6164,83,496.33
7576,6444,34,265.49
7577,3511,100,89.28
7578,1913,63,209.36
7579,7511,47,318.23
7580,1320,57,374.78
7581,8897,86,105.02
7582,8826,90,100.8
7583,2846,30,344.94
7584,5041,93,301.39
7585,2594,32,144.9
7586,1901,62,265.69
7587,8011,4,99.79
7588,5928,9,335.39
7589,6055,97,304.92
7590,2461,68,380.9
7591,4321,4,149.22
7592,2589,13,133.54
7593,4905,82,220.24
7594,1282,77,96.09
7595,5358,76,470.3
7596,2831,94,252.81
7597,7979,21,129.77
7598,7393,13,384.06
7599,3788,55,191.47
7600,1578,94,488.89
7601,8145,8,188.5
7602,5366,35,92.78
7603,9504,92,383.39
7604,4219,81,165.27
7605,7756,9,364.86
7606,5462,46,334.65
7607,4511,57,304.61
7608,376,43,47.0
7609,7036,69,50.58
7610,7556,66,482.92
7611,1954,83,231.41
7612,4633,14,155.86
7613,7732,99,248.71
7614,4835,71,375.23
7615,7088,5,213.76
7616,9095,97,16.64
7617,6491,54,415.02
7618,2115,55,204.09
7619,5241,69,488.96
7620,6101,14,440.6
7621,822,95,208.98
7622,4469,84,448.98
7623,1640,4,484.08
7624,590,68,201.06
7625,1082,38,301.73
7626,5759,27,451.0
7627,8381,21,196.56
7628,6619,16,258.91
7629,9583,36,25.78
7630,8446,63,114.45
7631,505,75,330.75
7632,6891,91,185.1
7633,4421,66,393.5
7634,8811,50,340.37
7635,613,12,73.88
7636,140,92,301.81
7637,5098,43,269.49
7638,5319,52,177.27
7639,8447,64,135.14
7640,5712,34,396.66
7641,8858,34,449.68
7642,6152,21,478.09
7643,2759,68,55.01
7644,2543,47,303.14
7645,5575,57,492.74
7646,6333,56,290.77
7647,4946,95,273.55
7648,6664,53,465.78
7649,8561,41,465.33
7650,7971,20,156.69
7651,6724,73,317.51
7652,7581,3,427.56
7653,908,64,365.22
7654,6743,33,386.65
7655,5574,7,426.85
7656,9065,55,359.67
7657,6163,94,139.49
7658,862,90,184.12
7659,3428,88,380.97
7660,9541,38,137.31
7661,4834,43,463.76
7662,1274,29,395.62
7663,5161,23,173.38
7664,1574,18,49.71
7665,3768,25,394.13
7666,9798,87,341.04
7667,7483,82,409.25
7668,2823,100,144.15
7669,8649,45,384.81
7670,3147,100,43.86
7671,8700,60,106.68
7672,1718,96,55.29
7673,3593,86,264.13
7674,1375,26,315.91
7675,503,4,45.47
7676,9177,4,92.85
7677,8905,7,378.43
7678,4135,61,45.29
7679,8426,58,193.87
7680,3680,11,113.16
7681,7015,99,327.41
7682,2160,7,400.39
7683,4956,98,312.4
7684,3099,43,63.72
7685,7074,85,150.89
7686,2981,33,272.79
7687,5754,4,334.74
7688,2019,53,201.14
7689,7560,14,386.1
7690,5591,47,104.85
7691,7179,17,348.23
7692,6541,1,255.4
7693,7576,98,412.92
7694,5635,44,277.49
7695,8042,32,130.18
7696,2396,9,166.09
7697,717,37,70.51
7698,4855,55,193.77
7699,7170,57,317.49
7700,3421,5,441.51
7701,7328,84,485.04
7702,2403,6,277.41
7703,5984,70,215.73
7704,1719,64,259.36
7705,9160,66,402.67
7706,2742,59,299.85
7707,2944,6,361.22
7708,9015,15,305.48
7709,4146,96,160.6
7710,5784,78,459.62
7711,8378,51,10.32
7712,3934,72,187.92
7713,7790,74,162.76
7714,3674,49,493.24
7715,4237,19,57.53
7716,659,69,47.89
7717,7234,52,60.47
7718,6401,78,226.03
7719,1040,42,340.44
7720,8797,74,233.13
7721,5514,2,372.76
7722,473,44,467.44
7723,3301,90,468.41
7724,7449,37,108.0
7725,9971,24,62.05
7726,8763,1,492.76
7727,861,16,137.08
7728,4610,37,458.23
7729,9229,45,363.33
7730,5253,22,119.86
7731,8272,80,336.58
7732,2361,25,365.75
7733,9674,47,39.82
7734,2467,31,185.18
7735,339,23,413.44
7736,722,32,495.34
7737,7379,95,175.74
7738,2346,6,176.69
7739,2396,24,81.98
7740,6161,89,435.17
7741,3370,25,426.2
7742,7823,70,458.3
7743,376,38,378.27
7744,566,72,156.32
7745,7624,44,493.12
7746,1748,74,113.22
7747,5834,83,275.13
7748,3808,67,84.36
7749,8914,34,250.08
7750,712,28,367.59
7751,3263,78,363.94
7752,62,53,160.63
7753,6543,91,245.57
7754,1731,16,153.55
7755,1913,29,52.16
7756,3621,46,300.88
7757,4411,94,168.56
7758,6585,93,273.35
7759,8897,28,232.13
7760,8925,14,450.85
7761,7364,77,354.51
7762,3489,6,403.52
7763,5362,92,458.65
7764,2821,57,352.45
7765,2270,22,236.45
7766,6331,30,38.53
7767,7371,70,474.77
7768,4577,43,202.8
7769,5957,36,113.85
7770,2857,45,160.61
7771,8746,39,95.77
7772,5833,64,406.69
7773,5746,66,418.87
7774,3394,17,491.03
7775,6332,27,495.25
7776,2616,44,165.01
7777,5508,9,332.25
7778,776,5,369.43
7779,8998,44,476.92
7780,2310,87,148.11
7781,1294,32,317.03
7782,1107,19,357.13
7783,2247,98,387.68
7784,5627,22,25.69
7785,2112,18,123.45
7786,2848,49,72.82
7787,6078,98,246.65
7788,347,59,144.79
7789,4015,85,424.53
7790,2398,39,149.5
7791,1773,41,205.23
7792,4683,69,29.13
7793,7016,80,317.03
7794,7310,83,283.0
7795,729,4,93.82
7796,9271,53,151.65
7797,7389,71,196.5
7798,7224,48,475.15
7799,421,86,21.55
7800,859,77,129.92
7801,9622,86,170.77
7802,5864,18,297.71
7803,1008,68,316.33
7804,7780,85,114.97
7805,3999,52,95.53
7806,5478,12,187.19
7807,8175,15,19.98
7808,2388,40,355.29
7809,6039,24,358.54
7810,387,35,67.51
7811,769,100,151.1
7812,5547,62,256.8
7813,3138,50,368.95
7814,3234,73,102.91
7815,8056,2,497.42
7816,2526,38,391.01
7817,8654,95,175.84
7818,9622,70,214.13
7819,8375,16,268.97
7820,3627,71,126.65
7821,9176,32,366.71
7822,19,31,196.0
7823,2213,66,33.02
7824,7924,72,292.54
7825,5875,16,231.29
7826,5674,33,245.24
7827,3004,17,108.97
7828,6064,95,85.48
7829,8545,30,462.94
7830,1578,17,499.73
7831,6818,85,25.23
7832,8492,88,114.98
7833,9990,1,487.35
7834,6060,14,95.15
7835,1752,95,294.66
7836,7665,8,204.36
7837,4912,93,34.85
7838,9654,33,294.85
7839,4927,82,104.58
7840,6521,26,272.71
7841,5105,7,312.27
7842,1357,55,453.82
7843,7609,35,348.47
7844,6371,66,304.64
7845,5783,28,452.84
7846,34,78,321.35
7847,9084,11,291.22
7848,7566,46,330.84
7849,7921,17,114.77
7850,952,64,41.58
7851,3385,64,320.2
7852,805,15,65.43
7853,6585,99,122.19
7854,519,20,129.28
7855,9080,55,102.56
7856,1709,96,405.32
7857,4589,19,324.43
7858,1002,99,196.87
7859,6761,22,264.95
7860,3172,4,219.75
7861,9912,14,93.15
7862,3200,45,72.44
7863,6178,100,447.17
7864,5916,31,277.76
7865,5511,8,412.48
7866,6713,96,65.81
7867,2643,9,185.04
7868,6362,63,462.71
7869,2262,81,289.48
7870,2968,22,201.01
7871,4457,73,124.37
7872,9135,44,363.81
7873,3496,83,99.24
7874,6198,87,110.21
7875,2775,26,365.72
7876,2444,86,272.22
7877,8969,12,437.42
7878,9100,99,342.9
7879,2644,17,373.03
7880,789,68,176.04
7881,3759,11,451.41
7882,2908,84,244.98
7883,1799,1,145.0
7884,8156,18,125.28
7885,866,71,371.53
7886,3329,32,256.03
7887,4571,61,340.5
7888,2651,37,297.22
7889,2875,76,74.79
7890,6863,10,378.76
7891,9629,62,216.15
7892,2741,66,252.38
7893,9141,27,32.32
7894,3666,88,346.48
7895,3063,85,376.19
7896,524,14,304.07
7897,3319,31,104.5
7898,1320,31,44.19
7899,9481,27,97.65
7900,3699,76,72.6
7901,8269,55,242.08
7902,7839,48,141.08
7903,9855,61,74.89
7904,3718,83,497.18
7905,1261,57,103.95
7906,3012,99,136.04
7907,8409,81,43.14
7908,6052,68,351.85
7909,56,93,468.49
7910,7811,94,57.99
7911,3652,18,285.96
7912,5739,48,165.76
7913,6349,19,90.86
7914,3601,96,104.28
7915,6357,14,470.26
7916,1693,60,338.23
7917,3753,86,319.15
7918,6278,92,245.98
7919,4306,100,371.84
7920,7862,4,29.09
7921,9305,88,311.33
7922,7920,78,200.11
7923,9315,98,220.84
7924,5221,61,61.96
7925,6420,61,202.54
7926,2298,31,302.34
7927,7839,5,330.41
7928,3411,38,255.68
7929,2649,47,207.13
7930,6223,66,440.05
7931,394,73,476.13
7932,5563,9,341.07
7933,1668,86,390.84
7934,1766,56,436.1
7935,3551,61,383.93
7936,7347,49,252.16
7937,7831,53,221.52
7938,3476,59,125.93
7939,9918,17,455.81
7940,9933,91,168.32
7941,5679,43,415.23
7942,6994,7,103.0
7943,8104,50,62.87
7944,4826,47,56.51
7945,6898,57,330.52
7946,3180,47,121.61
7947,2092,19,152.25
7948,7287,87,215.1
7949,4993,44,446.86
7950,2051,29,400.32
7951,1042,41,95.54
7952,5379,66,99.94
7953,6491,92,33.96
7954,302,83,248.54
7955,3828,44,335.61
7956,7197,41,39.17
7957,6003,86,21.16
7958,2373,73,70.25
7959,1510,47,335.67
7960,2331,28,375.19
7961,4203,29,37.9
7962,6775,100,93.92
7963,4756,92,437.39
7964,8645,46,88.81
7965,402,97,281.99
7966,1330,67,445.49
7967,2444,1,487.02
7968,4533,82,465.83
7969,2209,27,370.58
7970,5164,2,159.83
7971,1834,94,12.26
7972,8706,39,399.97
7973,3729,69,473.77
7974,5722,23,365.16
7975,9281,100,472.82
7976,4498,43,153.27
7977,8876,25,386.06
7978,9115,33,150.38
7979,4942,97,402.54
7980,4284,93,256.56
7981,4577,51,262.86
7982,7678,62,146.23
7983,9899,22,295.02
7984,5078,43,378.6
7985,131,34,297.36
7986,3866,76,10.66
7987,5858,53,390.48
7988,2254,71,281.15
7989,3032,14,209.92
7990,723,85,456.99
7991,5621,92,257.39
7992,7185,99,183.34
7993,188,70,353.69
7994,5713,41,347.43
7995,5450,74,482.8
7996,4145,2,477.28
7997,7910,51,396.2
7998,3992,56,102.55
7999,1318,51,268.61
8000,4761,67,169.15
8001,9067,28,469.97
8002,3616,93,479.17
8003,3240,38,366.82
8004,6916,82,126.86
8005,1958,6,59.78
8006,2334,8,197.52
8007,6530,29,195.63
8008,9485,72,242.2
8009,5408,27,326.12
8010,7826,54,293.38
8011,4920,47,343.44
8012,8227,63,316.75
8013,2091,84,241.76
8014,8416,43,457.32
8015,4499,83,494.76
8016,3854,11,475.08
8017,11,18,267.39
8018,7032,32,355.34
8019,3374,18,177.14
8020,2660,17,331.61
8021,230,8,102.77
8022,6370,7,279.16
8023,2099,77,22.89
8024,2106,20,70.26
8025,2690,42,264.32
8026,7189,11,324.1
8027,5995,51,242.27
8028,3971,22,49.24
8029,6666,73,472.04
8030,7209,17,57.9
8031,5869,56,138.46
8032,933,67,139.56
8033,8261,29,155.65
8034,2175,71,242.5
8035,635,33,434.5
8036,3626,17,399.82
8037,9743,94,345.89
8038,1388,95,341.67
8039,451,83,260.33
8040,9630,52,142.39
8041,7920,24,241.63
8042,8444,44,367.85
8043,9005,73,44.5
8044,9800,15,73.74
8045,3956,30,112.66
8046,1744,90,393.77
8047,9524,59,330.82
8048,8604,53,440.67
8049,9896,18,479.25
8050,6025,35,393.75
8051,9557,11,426.1
8052,2658,58,296.82
8053,3278,57,55.23
8054,6862,86,487.01
8055,8045,44,285.77
8056,9862,55,358.05
8057,8224,70,152.57
8058,4928,21,222.5
8059,7496,66,135.45
8060,1703,25,325.97
8061,2873,64,263.81
8062,4213,7,321.29
8063,8001,79,330.27
8064,9604,11,101.82
8065,8301,19,392.32
8066,4092,85,161.66
8067,8901,95,151.39
8068,9430,85,158.87
8069,1309,47,55.36
8070,4750,68,483.02
8071,7457,82,396.15
8072,7527,8,165.69
8073,1786,41,432.06
8074,3744,76,37.27
8075,8751,54,266.97
8076,6738,55,417.43
8077,3742,11,386.38
8078,8386,88,200.09
8079,7279,57,391.9
8080,5852,89,427.66
8081,6188,25,419.96
8082,7850,83,78.9
8083,2470,30,218.76
8084,62,75,211.95
8085,5597,34,298.52
8086,7711,80,100.18
8087,9616,67,253.22
8088,6665,13,225.73
8089,1573,47,268.18
8090,9099,75,140.13
8091,9080,83,479.21
8092,2072,74,190.21
8093,8326,54,327.76
8094,9097,77,189.06
8095,8669,1,350.66
8096,8562,94,379.44
8097,8721,96,366.98
8098,5083,14,295.12
8099,3688,87,190.72
8100,140,3,253.71
8101,5624,37,183.21
8102,152,70,109.8
8103,2442,84,59.92
8104,1295,58,430.58
8105,8409,67,386.35
8106,419,4,415.94
8107,5295,81,188.76
8108,5883,78,390.0
8109,9182,90,463.36
8110,5165,47,41.72
8111,148,79,194.38
8112,3550,91,80.6
8113,1549,55,242.3
8114,2557,43,154.67
8115,1188,50,328.42
8116,2043,50,10.03
8117,4660,60,71.49
8118,6107,60,229.16
8119,2579,53,139.97
8120,7229,64,183.77
8121,7636,21,420.77
8122,8594,11,180.46
8123,3680,14,285.23
8124,478,66,324.09
8125,2877,86,78.05
8126,53,37,427.68
8127,8473,77,143.48
8128,5160,48,386.76
8129,2944,2,494.82
8130,3698,80,28.74
8131,4220,20,117.12
8132,2414,96,32.88
8133,160,77,460.84
8134,121,52,28.22
8135,5810,91,197.53
8136,8342,92,164.16
8137,4455,27,195.08
8138,3566,39,239.39
8139,1577,26,288.04
8140,7507,7,354.02
8141,2510,14,235.82
8142,1015,23,207.18
8143,3757,55,108.28
8144,8341,10,211.26
8145,1169,51,19.42
8146,6594,36,441.73
8147,5832,45,407.83
8148,3664,48,345.79
8149,8872,27,190.91
8150,8361,93,162.59
8151,7048,76,214.33
8152,8409,36,174.75
8153,6070,68,261.19
8154,2363,53,175.23
8155,1450,4,451.03
8156,90,8,406.85
8157,4473,64,310.97
8158,8312,99,323.88
8159,1327,14,73.84
8160,8676,99,238.55
8161,6003,22,447.9
8162,2361,5,496.53
8163,818,67,497.58
8164,7700,11,133.12
8165,3596,26,70.31
8166,6878,82,271.83
8167,2959,7,202.89
8168,2567,15,456.67
8169,6864,46,179.54
8170,8571,21,20.33
8171,5845,52,327.75
8172,8268,73,475.2
8173,9447,5,485.14
8174,1224,63,347.59
8175,6644,8,472.74
8176,6266,100,430.34
8177,8081,52,404.32
8178,2093,43,290.08
8179,303,77,309.29
8180,710,8,42.95
8181,6613,27,315.52
8182,4625,3,416.27
8183,8979,22,14.15
8184,9806,19,40.33
8185,2062,85,329.48
8186,3395,46,448.75
8187,3055,55,295.74
8188,3706,33,134.75
8189,6741,83,270.84
8190,4356,20,110.77
8191,1498,74,200.98
8192,3169,75,24.95
8193,2522,45,73.07
8194,7274,80,200.01
8195,2439,41,218.05
8196,7178,48,68.17
8197,4410,25,453.41
8198,6370,94,234.59
8199,2922,61,102.89
8200,6280,53,461.49
8201,248,1,486.39
8202,8293,68,314.19
8203,788,69,367.65
8204,8737,64,478.51
8205,502,20,414.76
8206,2000,82,265.41
8207,2152,25,349.81
8208,332,99,221.6
8209,3808,61,325.85
8210,3596,90,445.58
8211,6635,3,446.52
8212,628,7,45.29
8213,7955,59,190.15
8214,580,81,81.26
8215,9525,65,290.76
8216,4560,91,305.09
8217,1300,81,459.06
8218,9749,12,92.65
8219,397,32,455.88
8220,7370,86,65.82
8221,4032,6,299.94
8222,3450,55,62.14
8223,2964,12,47.41
8224,2923,86,433.2
8225,9168,23,468.86
8226,8057,3,73.69
8227,8462,54,203.6
8228,6403,58,48.33
8229,9651,55,257.41
8230,1346,63,249.76
8231,1325,31,213.19
8232,2265,39,425.94
8233,6561,55,397.12
8234,2322,60,277.42
8235,3927,78,78.07
8236,536,21,195.98
8237,7263,4,306.61
8238,4106,10,393.06
8239,1546,9,54.16
8240,3453,29,328.99
8241,6627,71,81.56
8242,480,34,488.34
8243,6927,28,235.9
8244,8935,47,144.45
8245,9081,87,369.49
8246,3890,67,63.13
8247,3215,1,54.78
8248,6309,12,388.55
8249,7149,69,104.26
8250,9377,70,62.5
8251,5340,81,437.94
8252,7302,43,104.26
8253,214,50,480.27
8254,609,38,132.03
8255,9832,80,226.98
8256,6823,14,83.17
8257,2821,85,252.3
8258,6385,44,15.97
8259,5823,67,311.26
8260,8504,63,318.81
8261,4628,24,172.63
8262,7114,93,179.6
8263,6528,81,487.63
8264,1154,40,342.21
8265,6733,23,234.28
8266,4716,66,116.23
8267,1582,4,272.92
8268,7740,78,468.43
8269,7056,21,266.41
8270,1229,48,372.42
8271,4521,74,34.99
8272,8241,45,411.63
8273,6335,38,294.99
8274,8341,14,270.31
8275,9745,58,89.04
8276,4598,51,45.26
8277,6782,98,283.13
8278,5614,56,147.72
8279,9642,48,396.36
8280,7399,18,130.34
8281,3687,20,475.45
8282,5202,39,107.6
8283,9413,68,195.84
8284,6817,17,22.85
8285,8276,1,363.42
8286,4879,40,273.74
8287,3061,47,91.0
8288,8171,89,101.69
8289,1534,85,190.96
8290,4100,91,221.67
8291,9519,52,321.58
8292,4922,37,172.26
8293,7955,58,108.01
8294,208,69,172.34
8295,6339,68,219.79
8296,8969,20,324.63
8297,9293,68,81.36
8298,9079,96,218.77
8299,1163,97,182.23
8300,4874,62,278.04
8301,8222,57,370.23
8302,2381,67,186.52
8303,1276,66,389.49
8304,696,68,17.2
8305,5801,32,247.92
8306,9715,11,426.67
8307,2405,92,302.71
8308,7778,75,490.97
8309,1592,46,103.68
8310,2316,17,299.82
8311,8717,57,22.71
8312,2012,25,226.84
8313,1579,33,448.81
8314,7222,61,332.7
8315,9592,1,392.56
8316,9025,35,38.6
8317,3558,11,195.55
8318,3213,31,220.4
8319,2319,37,420.74
8320,6838,68,225.47
8321,1974,60,256.94
8322,6331,76,130.24
8323,4977,77,364.63
8324,7363,70,428.09
8325,7751,75,444.44
8326,709,28,62.48
8327,241,88,196.88
8328,3929,12,226.83
8329,7861,6,143.34
8330,2654,80,336.14
8331,1387,17,458.01
8332,2401,96,360.23
8333,5663,29,345.2
8334,1143,2,488.54
8335,2063,12,352.0
8336,701,21,187.68
8337,8833,36,272.43
8338,8593,78,363.92
8339,1255,73,83.46
8340,9356,77,393.3
8341,5338,39,263.81
8342,4231,95,64.85
8343,9487,85,23.24
8344,4272,47,346.24
8345,8449,88,362.89
8346,445,76,392.31
8347,5727,67,306.01
8348,2321,25,369.89
8349,9214,43,38.51
8350,4132,53,369.22
8351,7379,91,82.43
8352,4832,5,313.26
8353,8560,66,403.87
8354,6175,89,479.33
8355,1919,31,23.96
8356,3231,97,211.39
8357,3218,5,361.26
8358,1732,67,85.82
8359,9014,73,381.35
8360,825,26,200.27
8361,8014,5,78.53
8362,8816,62,68.05
8363,6690,8,180.12
8364,7785,83,350.24
8365,6819,9,201.75
8366,8289,99,84.17
8367,2605,52,151.55
8368,8610,77,336.12
8369,3295,49,217.37
8370,4805,55,365.4
8371,3093,4,495.31
8372,8155,55,380.6
8373,3896,88,286.33
8374,1854,42,193.72
8375,5036,52,229.76
8376,627,71,53.86
8377,3540,23,14.15
8378,8595,78,255.41
8379,1210,14,326.08
8380,8601,29,68.01
8381,1739,36,329.28
8382,8955,79,67.66
8383,269,90,161.41
8384,6563,1,249.17
8385,2377,37,284.25
8386,8487,91,12.4
8387,6547,8,329.05
8388,1728,71,88.78
8389,936,23,376.12
8390,6421,26,14.71
8391,5272,76,485.21
8392,305,20,322.05
8393,2898,64,321.42
8394,3898,53,272.55
8395,7330,44,64.69
8396,6474,81,256.55
8397,5410,6,31.18
8398,5531,30,151.65
8399,4845,26,411.88
8400,2222,89,289.48
8401,6092,52,256.47
8402,352,8,416.43
8403,9583,95,401.97
8404,966,96,495.21
8405,5897,73,411.57
8406,3109,48,203.58
8407,6428,4,114.99
8408,3852,36,309.74
8409,1123,49,109.2
8410,6953,41,204.99
8411,4635,24,282.93
8412,5822,62,462.32
8413,6127,11,188.66
8414,7929,48,261.36
8415,6405,52,307.49
8416,9498,39,316.15
8417,4079,24,398.22
8418,6096,46,310.54
8419,8158,88,76.2
8420,7481,69,248.01
8421,618,1,307.77
8422,2036,79,276.97
8423,5043,44,294.86
8424,2956,89,263.42
8425,384,100,438.87
8426,3115,27,35.04
8427,3776,12,276.84
8428,4009,18,466.36
8429,7510,56,332.9
8430,9655,58,24.66
8431,6520,43,402.64
8432,8068,71,311.99
8433,2845,5,69.0
8434,6908,52,243.83
8435,8815,33,486.41
8436,5836,63,52.5
8437,1803,39,346.26
8438,8477,28,464.1
8439,3275,18,121.37
8440,872,5,120.28
8441,2872,64,268.2
8442,9771,1,454.5
8443,8109,6,101.9
8444,1101,60,35.91
8445,3774,71,369.61
8446,5178,37,134.75
8447,1110,13,136.47
8448,1738,14,88.1
8449,534,57,92.88
8450,9124,99,492.41
8451,1767,3,324.6
8452,781,52,151.4
8453,5560,31,261.74
8454,2786,65,471.82
8455,2063,62,233.61
8456,4657,15,10.91
8457,6317,62,176.49
8458,1412,21,182.57
8459,631,15,177.52
8460,1168,85,485.51
8461,1207,31,426.11
8462,9601,86,491.78
8463,4777,9,281.51
8464,3424,31,23.82
8465,6606,40,143.39
8466,6517,86,340.1
8467,3804,43,462.58
8468,6364,66,346.36
8469,5728,61,47.62
8470,9205,57,63.9
8471,7009,51,175.96
8472,9585,44,485.91
8473,5696,13,32.5
8474,2500,57,409.78
8475,7659,70,481.01
8476,6262,71,205.87
8477,2478,22,344.08
8478,1155,59,332.71
8479,3190,34,391.4
8480,5891,92,344.86
8481,7852,52,439.81
8482,6823,49,110.75
8483,2691,92,313.74
8484,5541,32,421.03
8485,2040,52,10.73
8486,8762,84,53.33
8487,2888,69,234.91
8488,8895,1,271.39
8489,5706,70,52.91
8490,3547,69,263.45
8491,9793,91,428.29
8492,6192,46,253.11
8493,5924,40,239.12
8494,1198,22,329.68
8495,6799,3,159.55
8496,1914,31,469.57
8497,9085,56,153.19
8498,4250,39,428.88
8499,8452,49,278.61
8500,2055,73,399.55
8501,2902,70,466.19
8502,5335,90,310.62
8503,1675,20,198.07
8504,8583,75,244.79
8505,4082,63,197.36
8506,310,34,74.4
8507,4620,72,51.33
8508,4215,38,110.22
8509,4280,33,24.04
8510,3827,63,358.52
8511,5766,47,213.0
8512,1062,87,149.84
8513,9607,86,491.4
8514,4922,96,21.76
8515,3625,20,255.51
8516,2658,35,439.61
8517,800,66,32.07
8518,1130,88,180.92
8519,7510,51,66.88
8520,6170,49,220.59
8521,2831,64,100.94
8522,1133,64,209.07
8523,3103,96,492.54
8524,6199,18,490.98
8525,1337,9,235.58
8526,1731,8,305.92
8527,1263,10,390.01
8528,6965,97,259.51
8529,5134,8,337.02
8530,4356,88,135.73
8531,4603,23,433.86
8532,2133,71,366.06
8533,2987,95,498.88
8534,9630,23,13.05
8535,8065,21,444.5
8536,5482,36,86.88
8537,9941,72,374.03
8538,630,86,469.65
8539,8532,31,245.8
8540,5806,36,322.35
8541,4199,61,449.29
8542,5094,72,447.52
8543,9901,1,87.42
8544,7391,80,486.59
8545,7984,62,487.03
8546,673,80,385.54
8547,9540,67,419.98
8548,560,31,151.25
8549,1413,91,392.07
8550,5146,61,476.11
8551,7976,42,423.65
8552,4316,78,201.68
8553,1962,7,99.13
8554,5938,62,207.53
8555,3926,46,380.77
8556,8166,44,17.39
8557,3843,59,284.18
8558,5582,64,204.04
8559,9923,19,270.49
8560,6150,5,283.58
8561,5448,27,378.51
8562,9101,15,333.46
8563,4193,46,391.83
8564,503,66,202.89
8565,4702,6,87.7
8566,7401,56,88.27
8567,4913,2,136.68
8568,3971,37,481.49
8569,2280,67,79.34
8570,8161,92,420.17
8571,5100,16,491.92
8572,8030,83,345.95
8573,8060,92,380.7
8574,5937,75,230.58
8575,9330,45,359.44
8576,685,54,345.34
8577,6978,19,187.65
8578,2818,19,466.7
8579,8910,60,279.65
8580,9618,37,363.9
8581,3881,54,488.27
8582,3357,13,456.9
8583,822,54,274.64
8584,5903,67,69.99
8585,4608,84,386.88
8586,2597,76,312.37
8587,1305,99,210.86
8588,8327,64,371.06
8589,8931,17,50.94
8590,1448,65,317.68
8591,440,6,278.31
8592,4779,19,157.06
8593,8911,86,140.71
8594,8370,29,319.44
8595,39,40,331.84
8596,6569,90,205.92
8597,1404,43,375.56
8598,3522,55,35.67
8599,6453,79,270.6
8600,8462,95,297.53
8601,7038,10,255.67
8602,636,69,299.9
8603,4995,68,120.79
8604,2546,54,106.71
8605,408,26,254.12
8606,328,17,262.71
8607,5257,49,385.63
8608,1378,78,386.27
8609,6798,22,261.59
8610,6275,91,299.86
8611,4905,66,202.03
8612,1358,72,377.33
8613,2906,37,413.15
8614,7300,81,459.43
8615,8638,91,52.88
8616,4809,76,488.69
8617,7925,54,288.3
8618,9886,28,486.1
8619,7461,56,442.85
8620,7728,27,24.08
8621,253,4,190.28
8622,3610,36,364.13
8623,7330,47,416.73
8624,8091,8,450.65
8625,936,46,22.93
8626,4535,41,317.91
8627,9629,87,455.81
8628,5422,12,51.73
8629,2266,89,66.54
8630,3264,96,420.35
8631,6708,51,43.58
8632,7785,51,131.31
8633,314,16,356.99
8634,5810,70,35.61
8635,1696,29,328.2
8636,8777,29,69.63
8637,7101,56,346.19
8638,1560,57,414.83
8639,3376,17,375.85
8640,5527,25,168.61
8641,5763,65,145.27
8642,5898,44,360.97
8643,2333,86,117.44
8644,6459,27,275.79
8645,5598,50,482.51
8646,5853,92,329.07
8647,1665,90,217.19
8648,8499,38,291.07
8649,4375,81,339.62
8650,3018,36,260.94
8651,4545,46,290.48
8652,5185,10,134.74
8653,69,15,14.3
8654,4012,64,29.55
8655,4088,78,134.94
8656,355,1,346.49
8657,7164,84,336.18
8658,1470,64,332.85
8659,8114,77,426.87
8660,1809,15,267.79
8661,6659,31,71.0
8662,154,19,218.63
8663,8279,52,467.95
8664,742,88,454.54
8665,4784,4,24.28
8666,5161,82,465.57
8667,5445,98,131.31
8668,9829,15,23.25
8669,4232,59,317.35
8670,731,7,31.16
8671,8221,40,317.75
8672,7390,73,94.1
8673,3679,55,204.87
8674,8193,50,327.18
8675,2348,58,319.39
8676,3602,97,300.87
8677,1693,98,45.81
8678,1910,100,153.47
8679,6030,62,261.23
8680,8666,56,269.06
8681,2576,88,326.94
8682,2791,53,33.01
8683,6205,74,432.09
8684,2742,99,305.92
8685,8,92,423.31
8686,959,99,257.08
8687,9703,16,242.3
8688,2624,13,468.84
8689,117,91,13.73
8690,5738,38,294.7
8691,7760,62,361.33
8692,5985,39,149.47
8693,9012,61,249.27
8694,4974,65,166.37
8695,2245,71,409.13
8696,2346,18,427.06
8697,1555,12,130.2
8698,4502,65,241.06
8699,9323,63,154.87
8700,7336,55,397.2
8701,8312,75,160.73
8702,9209,3,303.81
8703,8514,51,14.48
8704,1135,12,301.15
8705,2765,87,332.23
8706,6439,43,391.17
8707,1452,58,226.94
8708,7375,89,222.61
8709,1924,2,330.51
8710,7456,44,47.58
8711,6374,14,100.71
8712,2859,1,425.07
8713,4127,71,245.34
8714,4441,38,199.64
8715,421,68,146.11
8716,685,54,235.51
8717,4636,33,84.4
8718,8538,35,148.08
8719,2234,81,294.83
8720,9197,11,396.18
8721,6646,69,463.2
8722,6314,65,271.34
8723,6581,42,187.08
8724,4396,40,376.89
8725,8349,62,149.09
8726,911,58,183.3
8727,2635,74,25.55
8728,8668,93,111.3
8729,3712,58,339.94
8730,916,9,358.02
8731,4668,52,429.04
8732,2988,73,50.93
8733,7661,9,362.86
8734,7665,71,478.6
8735,3359,3,468.23
8736,7870,10,443.86
8737,2796,48,84.42
8738,7564,90,268.15
8739,8929,42,137.59
8740,3994,73,489.45
8741,4601,87,255.22
8742,8719,6,297.24
8743,5350,43,10.42
8744,6066,81,297.01
8745,7149,28,129.34
8746,421,72,99.45
8747,8430,2,91.62
8748,5913,41,353.4
8749,9621,55,437.97
8750,9319,79,214.76
8751,7211,49,188.21
8752,8574,94,192.66
8753,4798,48,217.7
8754,6413,59,439.08
8755,1067,73,385.06
8756,1420,13,458.44
8757,1283,65,318.07
8758,7658,54,137.66
8759,1173,6,265.67
8760,6386,1,258.84
8761,4886,44,119.14
8762,5247,47,492.96
8763,5582,2,115.88
8764,4089,78,114.5
8765,2239,15,187.08
8766,9445,16,324.55
8767,6086,17,383.72
8768,9007,33,16.32
8769,7844,57,401.62
8770,4717,27,131.35
8771,149,20,107.52
8772,3514,87,153.22
8773,6049,95,408.09
8774,6494,86,325.18
8775,9643,65,270.19
8776,1436,79,397.97
8777,8780,40,94.57
8778,5998,46,101.76
8779,9205,9,106.88
8780,7138,13,332.75
8781,2582,16,316.53
8782,2157,66,330.07
8783,4930,89,15.72
8784,8671,13,344.75
8785,9688,93,383.62
8786,9967,21,398.98
8787,376,28,84.33
8788,2373,99,183.3
8789,519,41,232.03
8790,7233,62,410.98
8791,1999,63,41.85
8792,7043,68,21.3
8793,6306,1,343.25
8794,920,75,495.81
8795,1399,52,16.08
8796,2542,54,380.04
8797,8775,63,165.81
8798,8799,92,398.47
8799,4500,51,154.59
8800,2108,54,123.32
8801,7775,71,341.77
8802,9708,5,79.23
8803,8730,15,52.74
8804,883,31,24.49
8805,2120,73,440.3
8806,6173,85,211.49
8807,2445,41,359.53
8808,9186,83,25.71
8809,3599,68,138.68
8810,7224,71,49.79
8811,5772,7,138.5
8812,8042,73,420.8
8813,3811,27,341.74
8814,5515,75,237.24
8815,3944,15,48.61
8816,1891,86,373.74
8817,4999,9,363.93
8818,2645,78,403.63
8819,4848,75,47.15
8820,2600,4,244.29
8821,3154,62,147.5
8822,4043,79,143.61
8823,9343,78,402.79
8824,1384,2,274.19
8825,9630,55,486.87
8826,1461,84,153.63
8827,2625,61,263.57
8828,7912,13,272.22
8829,8141,70,82.98
8830,7349,60,53.48
8831,492,2,399.69
8832,1594,93,309.46
8833,9124,8,287.8
8834,1309,74,367.73
8835,5379,1,234.78
8836,1881,72,255.39
8837,1061,69,329.78
8838,7166,33,432.49
8839,1226,55,138.82
8840,5121,44,160.54
8841,4225,73,373.22
8842,2292,21,443.19
8843,4937,8,498.1
8844,5820,15,78.29
8845,4793,7,252.09
8846,3155,93,122.24
8847,2740,10,239.98
8848,5447,62,489.78
8849,8974,75,384.97
8850,1073,91,219.19
8851,3660,78,334.41
8852,7204,11,306.0
8853,4885,11,238.51
8854,7319,63,125.5
8855,6671,86,92.07
8856,6552,95,38.77
8857,1841,40,133.7
8858,566,3,99.21
8859,4993,23,339.2
8860,1102,1,386.19
8861,8895,95,416.01
8862,8161,64,88.81
8863,8977,57,177.55
8864,4495,38,210.59
8865,5908,83,63.96
8866,7997,84,361.77
8867,2590,80,294.45
8868,344,45,418.73
8869,9516,6,228.69
8870,4073,35,344.75
8871,2133,59,186.9
8872,4478,4,29.96
8873,6035,16,406.5
8874,7196,30,164.69
8875,8915,7,153.36
8876,4615,27,236.76
8877,1371,25,394.62
8878,1201,69,166.68
8879,7411,61,199.42
8880,9297,14,323.43
8881,1011,94,405.22
8882,600,61,21.89
8883,4614,46,364.23
8884,5649,30,404.08
8885,5402,20,188.06
8886,8669,4,166.39
8887,8706,73,275.99
8888,2154,88,407.87
8889,9871,39,407.42
8890,8383,29,54.25
8891,9281,50,490.2
8892,399,8,237.35
8893,7072,46,272.14
8894,2338,47,259.12
8895,855,44,363.08
8896,958,92,445.16
8897,6567,34,255.02
8898,6768,52,405.24
8899,6240,24,190.05
8900,5874,95,197.02
8901,8835,54,218.52
8902,6157,29,12.36
8903,1275,7,161.76
8904,8431,47,396.14
8905,9490,75,90.07
8906,6359,38,150.71
8907,3957,7,187.05
8908,6753,63,316.75
8909,6675,99,463.24
8910,1863,26,338.82
8911,7830,1,314.17
8912,7312,85,64.88
8913,273,13,327.62
8914,5974,84,150.34
8915,7257,16,158.22
8916,7058,97,424.16
8917,8223,49,53.64
8918,438,16,343.27
8919,4818,58,82.0
8920,1172,31,248.95
8921,2862,81,123.16
8922,9494,98,335.67
8923,2201,55,352.26
8924,8897,15,169.53
8925,1920,89,389.01
8926,3874,67,367.92
8927,983,93,339.46
8928,5796,11,62.17
8929,6938,30,437.49
8930,1325,47,61.01
8931,4189,68,288.82
8932,2734,99,35.86
8933,5115,90,425.18
8934,9934,15,11.9
8935,7473,50,96.12
8936,2510,62,211.76
8937,3408,66,263.37
8938,1238,41,188.03
8939,3985,70,117.5
8940,3153,58,220.23
8941,973,79,106.7
8942,9438,56,304.61
8943,8684,1,443.04
8944,6960,55,33.03
8945,2271,64,138.78
8946,8144,54,30.24
8947,8710,44,397.87
8948,7447,95,382.14
8949,8895,47,272.18
8950,8578,77,454.39
8951,5211,98,188.21
8952,862,10,276.32
8953,199,37,456.41
8954,3785,23,435.81
8955,6809,79,497.19
8956,1271,39,93.97
8957,4457,90,53.14
8958,3252,20,92.58
8959,3495,95,314.96
8960,2035,100,233.48
8961,5748,24,301.67
8962,9311,47,311.06
8963,4273,34,201.24
8964,8828,86,260.07
8965,6837,50,451.43
8966,6517,20,296.09
8967,1842,74,428.86
8968,8225,97,116.9
8969,5739,97,478.44
8970,6157,44,407.11
8971,8562,73,438.77
8972,914,78,26.03
8973,6414,34,267.78
8974,3918,31,461.34
8975,7102,85,226.72
8976,6443,90,147.55
8977,6967,28,134.89
8978,7707,69,489.94
8979,8099,88,166.83
8980,8066,9,426.94
8981,3320,24,80.52
8982,2493,9,77.13
8983,6119,71,172.22
8984,8103,55,297.19
8985,1344,2,399.04
8986,9107,37,450.46
8987,671,89,421.89
8988,5834,73,102.74
8989,3017,45,208.07
8990,9610,75,125.88
8991,8880,35,17.47
8992,949,39,234.04
8993,6428,12,130.03
8994,2504,100,271.29
8995,7005,17,317.37
8996,2500,97,200.52
8997,1815,55,444.19
8998,6696,98,429.03
8999,5120,31,115.48
9000,5787,52,16.05
9001,8635,7,253.27
9002,9678,5,397.89
9003,8574,65,435.92
9004,8457,35,381.29
9005,7904,100,446.63
9006,458,45,296.08
9007,4288,5,215.62
9008,6788,36,282.08
9009,1365,8,272.42
9010,3203,57,273.58
9011,3198,49,192.0
9012,5737,72,430.39
9013,1856,20,257.69
9014,1317,26,188.79
9015,2559,14,215.25
9016,1486,99,481.27
9017,9698,73,156.27
9018,3261,4,254.22
9019,8544,43,308.71
9020,5758,27,240.31
9021,9378,9,496.86
9022,4140,91,259.27
9023,2843,61,84.15
9024,918,61,220.89
9025,1148,2,225.38
9026,7600,36,58.1
9027,4162,63,408.15
9028,3054,23,211.97
9029,5925,19,398.27
9030,3937,67,173.49
9031,4857,92,41.34
9032,4757,21,251.08
9033,7872,45,173.38
9034,143,8,390.81
9035,7057,40,411.42
9036,879,82,250.03
9037,3916,2,323.59
9038,9707,64,345.35
9039,3994,75,384.08
9040,7204,86,302.35
9041,4620,75,476.59
9042,4592,92,491.9
9043,8582,85,333.29
9044,6496,19,62.82
9045,9234,7,458.76
9046,1842,37,121.46
9047,1719,78,301.93
9048,3683,84,427.12
9049,4238,90,45.05
9050,219,31,218.67
9051,2887,70,401.78
9052,42,62,359.63
9053,1960,100,392.07
9054,5134,34,426.23
9055,8167,34,109.72
9056,1400,58,219.81
9057,5150,68,276.19
9058,2147,68,145.08
9059,6157,42,217.71
9060,6871,97,400.91
9061,9771,91,393.16
9062,1620,60,431.51
9063,7833,46,426.57
9064,7439,81,368.33
9065,8963,43,74.62
9066,3104,14,245.47
9067,9619,63,497.79
9068,1329,78,196.1
9069,6586,96,340.92
9070,9357,23,152.86
9071,1974,96,122.47
9072,2326,19,345.05
9073,1497,75,235.37
9074,3582,51,51.69
9075,7744,92,204.2
9076,5983,5,448.85
9077,3198,74,210.94
9078,9959,46,80.11
9079,4293,43,490.91
9080,4459,65,29.51
9081,1322,75,59.45
9082,2402,85,403.28
9083,1675,92,410.04
9084,8664,49,13.42
9085,9034,70,183.57
9086,9454,39,67.82
9087,4483,16,206.2
9088,1460,4,430.52
9089,4488,28,411.57
9090,8542,17,162.49
9091,5501,84,337.75
9092,4248,34,389.73
9093,9043,1,119.88
9094,6562,71,262.38
9095,2730,83,393.31
9096,3315,83,140.49
9097,3720,29,301.93
9098,7476,93,39.09
9099,554,3,297.46
9100,7218,10,387.66
9101,7970,73,484.42
9102,566,51,110.47
9103,4064,96,400.94
9104,6368,15,40.22
9105,9181,69,435.2
9106,1209,47,225.03
9107,3565,53,468.7
9108,1629,4,491.65
9109,4293,64,379.83
9110,1077,11,328.06
9111,239,11,171.95
9112,93,3,82.86
9113,1959,7,408.43
9114,2270,11,462.96
9115,9755,24,33.56
9116,1830,18,168.44
9117,1008,11,344.08
9118,8833,82,134.61
9119,7517,94,149.26
9120,8064,46,250.91
9121,6626,11,180.76
9122,7995,97,51.2
9123,472,50,381.98
9124,2128,65,498.37
9125,2027,96,144.54
9126,8655,83,447.8
9127,4986,22,162.46
9128,9450,60,459.6
9129,4374,45,459.83
9130,4860,41,397.29
9131,7799,50,430.06
9132,9732,84,497.62
9133,4990,73,136.11
9134,1435,91,308.43
9135,246,32,255.15
9136,3124,75,367.45
9137,1273,40,483.61
9138,1244,65,309.41
9139,1510,80,102.85
9140,5645,9,138.24
9141,3387,4,223.18
9142,7933,74,205.36
9143,9789,92,363.98
9144,1449,100,380.56
9145,2735,72,220.96
9146,7770,55,139.72
9147,1379,97,194.28
9148,9529,93,150.82
9149,463,6,359.22
9150,2678,21,363.17
9151,9714,46,107.13
9152,8679,35,385.58
9153,5219,53,62.18
9154,6078,44,107.32
9155,6988,84,291.43
9156,5752,74,191.73
9157,8181,5,447.0
9158,3401,9,459.81
9159,971,38,293.04
9160,1787,18,100.6
9161,3833,77,194.21
9162,1552,94,56.44
9163,4158,83,409.8
9164,3181,5,298.66
9165,8917,18,104.56
9166,4827,38,278.51
9167,5426,95,111.3
9168,697,91,96.32
9169,8201,71,464.99
9170,6833,34,281.88
9171,7026,99,178.57
9172,1038,2,188.78
9173,5930,84,436.49
9174,4140,60,119.75
9175,4833,10,309.09
9176,5291,50,416.15
9177,9294,14,97.2
9178,3635,10,366.65
9179,2332,16,400.75
9180,9865,79,164.09
9181,8601,100,394.08
9182,2811,42,351.15
9183,5137,21,278.45
9184,6856,85,426.91
9185,3825,100,254.51
9186,5962,33,145.56
9187,388,64,270.3
9188,3206,24,173.67
9189,8730,85,486.34
9190,491,93,305.34
9191,9117,65,242.62
9192,4102,95,296.38
9193,1407,19,131.55
9194,4751,10,184.56
9195,2074,94,122.69
9196,8916,37,194.13
9197,405,73,228.59
9198,744,35,279.07
9199,9826,17,332.86
9200,2891,60,475.86
9201,4987,46,22.69
9202,5032,36,377.92
9203,7091,98,294.24
9204,6122,67,67.4
9205,5722,17,179.6
9206,4576,96,421.33
9207,3711,67,312.88
9208,8787,87,482.87
9209,5540,31,43.06
9210,692,24,477.26
9211,9685,1,61.39
9212,1222,95,284.45
9213,7708,41,36.56
9214,9910,18,203.43
9215,6778,24,418.96
9216,2992,48,480.54
9217,5732,87,433.78
9218,4288,55,185.58
9219,5141,30,463.4
9220,8295,31,252.74
9221,7981,32,114.68
9222,9293,97,169.22
9223,5984,24,304.65
9224,3265,47,416.07
9225,4540,69,309.79
9226,5865,38,68.42
9227,7469,70,126.34
9228,441,47,259.63
9229,9288,13,416.04
9230,3264,69,47.72
9231,5945,67,83.32
9232,2618,25,376.54
9233,2423,70,46.49
9234,8422,61,457.85
9235,7723,54,447.75
9236,9874,11,352.57
9237,3255,10,403.48
9238,8154,72,347.26
9239,2039,63,361.85
9240,7534,68,68.69
9241,7904,66,415.75
9242,2148,9,323.34
9243,7398,35,481.09
9244,2656,68,10.07
9245,6141,79,159.29
9246,7961,45,359.98
9247,905,77,176.16
9248,679,64,58.67
9249,4522,54,40.73
9250,2760,70,244.88
9251,8500,39,168.83
9252,6738,21,351.08
9253,201,50,365.06
9254,7151,32,369.1
9255,7318,57,469.59
9256,4948,91,164.73
9257,3278,5,224.52
9258,7722,1,111.58
9259,7205,36,296.15
9260,8106,2,468.26
9261,7023,22,248.32
9262,7825,91,476.93
9263,2793,9,488.59
9264,7415,3,253.97
9265,7890,91,464.81
9266,1959,1,170.67
9267,1897,50,254.14
9268,733,92,137.24
9269,204,83,344.39
9270,8040,30,414.97
9271,128,9,320.2
9272,7099,87,149.45
9273,1432,98,215.83
9274,1232,4,467.61
9275,3922,61,317.9
9276,2741,58,261.89
9277,20,78,419.28
9278,4942,39,312.17
9279,8797,85,95.79
9280,1437,65,73.87
9281,5959,72,446.65
9282,4405,28,200.28
9283,7921,98,115.89
9284,2242,23,469.27
9285,8175,45,67.48
9286,9599,83,361.65
9287,8845,98,458.63
9288,8970,62,224.58
9289,5614,82,408.86
9290,5909,65,267.24
9291,1063,55,154.1
9292,8001,48,446.69
9293,3516,34,122.3
9294,2061,54,403.24
9295,4338,62,247.48
9296,414,82,219.56
9297,3731,41,162.75
9298,927,74,34.03
9299,1380,3,499.38
9300,1076,43,103.55
9301,3647,85,398.08
9302,3585,32,449.85
9303,7945,17,337.27
9304,1625,11,147.52
9305,4939,39,316.08
9306,2879,17,313.4
9307,2507,34,461.55
9308,8676,3,251.66
9309,7735,39,150.09
9310,9948,31,287.2
9311,2575,39,119.82
9312,9,59,211.86
9313,5721,17,11.34
9314,2305,15,471.24
9315,3468,65,28.93
9316,3461,59,459.3
9317,2042,38,461.57
9318,5760,32,313.14
9319,7331,14,56.13
9320,8305,64,101.65
9321,8533,30,265.56
9322,4450,2,496.83
9323,1836,82,210.33
9324,144,89,130.18
9325,5184,77,55.08
9326,3340,39,93.58
9327,1500,36,336.49
9328,1910,83,342.17
9329,7854,69,13.02
9330,3485,95,47.99
9331,9576,38,99.79
9332,4018,30,25.29
9333,3274,64,43.69
9334,425,74,69.19
9335,7391,59,285.97
9336,7351,72,489.73
9337,5240,86,245.81
9338,9071,64,463.86
9339,3978,35,87.26
9340,7220,24,399.05
9341,8947,55,158.34
9342,7996,65,304.64
9343,458,60,105.08
9344,7394,6,203.9
9345,5438,100,455.17
9346,754,59,115.45
9347,7785,50,295.2
9348,5852,39,409.27
9349,2379,91,264.11
9350,3436,19,376.08
9351,5315,36,210.74
9352,892,7,365.9
9353,5225,50,240.27
9354,1043,21,378.93
9355,7875,46,180.36
9356,1040,100,72.41
9357,1968,71,258.3
9358,5528,6,305.46
9359,23,63,293.76
9360,3165,27,101.6
9361,9023,37,285.68
9362,3468,30,352.17
9363,6224,49,476.59
9364,8705,11,86.0
9365,5599,32,26.02
9366,451,67,320.9
9367,2996,92,187.75
9368,2425,7,24.87
9369,496,46,194.39
9370,6476,27,233.97
9371,9210,6,499.67
9372,5017,74,401.03
9373,9007,67,139.38
9374,6411,32,111.96
9375,2107,73,24.84
9376,9964,35,454.72
9377,5337,80,317.52
9378,2328,35,122.56
9379,63,22,133.14
9380,2692,48,344.32
9381,618,36,218.02
9382,5188,4,268.26
9383,5828,95,253.57
9384,3500,47,257.3
9385,3789,46,198.26
9386,296,1,149.15
9387,1608,20,61.7
9388,8220,3,261.6
9389,5602,54,402.54
9390,2161,84,354.27
9391,5215,38,20.69
9392,1988,92,337.4
9393,8999,85,325.82
9394,4429,57,130.45
9395,1325,83,357.64
9396,4213,13,114.24
9397,501,87,388.76
9398,6084,4,104.26
9399,7951,5,137.4
9400,6853,13,463.99
9401,8858,6,411.86
9402,6431,4,79.47
9403,7856,21,227.87
9404,2260,71,130.86
9405,8733,23,339.41
9406,8674,85,361.77
9407,3204,46,462.54
9408,4292,51,460.38
9409,4671,28,291.39
9410,6807,16,369.19
9411,4024,96,225.57
9412,2590,31,62.44
9413,7604,60,402.84
9414,3424,79,366.02
9415,4929,78,385.75
9416,5461,7,457.14
9417,5845,53,151.39
9418,6741,40,75.48
9419,1519,87,73.22
9420,2373,47,470.8
9421,4156,27,404.58
9422,252,1,276.54
9423,5558,16,428.47
9424,596,5,215.3
9425,1630,12,374.3
9426,7930,24,232.69
9427,5457,9,421.2
9428,1161,47,76.18
9429,7203,57,18.55
9430,5644,89,383.47
9431,9423,27,88.8
9432,4825,28,24.4
9433,2164,80,99.34
9434,402,85,308.82
9435,5417,9,195.19
9436,2022,63,337.44
9437,1913,66,58.76
9438,541,34,252.32
9439,5355,81,306.57
9440,9854,36,274.1
9441,212,3,166.18
9442,4828,2,250.06
9443,7216,33,301.82
9444,9781,49,156.29
9445,1007,70,341.72
9446,7790,30,326.73
9447,1517,42,444.03
9448,5129,70,147.49
9449,9431,96,37.74
9450,5500,53,19.4
9451,3453,96,101.68
9452,2807,31,173.6
9453,3437,20,423.62
9454,4657,45,164.72
9455,3816,66,359.66
9456,4454,93,196.86
9457,1131,60,184.52
9458,3045,78,238.33
9459,540,71,261.92
9460,2711,64,282.56
9461,8035,37,223.86
9462,9700,41,166.96
9463,9427,93,323.93
9464,4880,87,196.42
9465,6969,99,63.01
9466,2694,58,324.99
9467,5320,41,478.45
9468,2613,77,248.85
9469,9244,6,473.6
9470,6004,30,200.48
9471,5196,99,272.51
9472,7667,88,123.56
9473,277,20,303.46
9474,934,80,105.05
9475,1896,84,431.0
9476,5262,85,95.49
9477,1705,40,334.69
9478,6650,55,435.09
9479,7217,23,245.72
9480,5038,46,168.75
9481,7820,73,474.47
9482,2004,67,402.09
9483,719,29,95.47
9484,1751,84,21.92
9485,4241,60,384.86
9486,6252,54,37.29
9487,8050,45,163.89
9488,1774,80,459.89
9489,1150,14,145.93
9490,7517,70,484.21
9491,2017,1,61.53
9492,4678,26,330.32
9493,3316,57,491.21
9494,2797,24,380.97
9495,5410,46,338.47
9496,8459,47,426.38
9497,3504,60,449.58
9498,8843,41,109.33
9499,8749,82,43.42
9500,8906,4,299.54
9501,2118,22,196.2
9502,8089,40,134.1
9503,2875,14,274.42
9504,6944,42,139.48
9505,361,22,439.69
9506,9086,89,275.24
9507,8759,9,367.32
9508,7946,52,227.07
9509,2693,8,306.63
9510,26,60,407.78
9511,7861,33,245.49
9512,6806,5,104.12
9513,2844,60,20.65
9514,8987,83,183.95
9515,9556,66,57.09
9516,2708,37,177.09
9517,9507,28,232.47
9518,6289,69,394.52
9519,2963,82,420.58
9520,6974,91,491.74
9521,6821,68,23.41
9522,2002,30,351.2
9523,3143,26,28.01
9524,9769,36,234.3
9525,3829,71,32.35
9526,2550,75,472.88
9527,7553,54,371.76
9528,2545,12,266.91
9529,8322,19,375.27
9530,406,2,125.91
9531,3961,82,468.77
9532,9279,97,304.34
9533,1873,26,231.06
9534,7644,32,456.37
9535,3230,83,52.89
9536,6761,99,267.83
9537,4390,3,332.76
9538,4110,75,123.24
9539,4460,48,65.67
9540,8411,66,350.71
9541,715,13,210.6
9542,8519,50,329.62
9543,7962,100,447.39
9544,6992,35,102.61
9545,5302,23,106.26
9546,7524,57,315.28
9547,5062,14,283.51
9548,2925,38,411.05
9549,210,65,86.71
9550,9248,25,297.79
9551,6943,37,346.38
9552,5955,4,403.7
9553,1470,14,144.76
9554,3118,79,284.17
9555,9973,60,255.85
9556,6652,74,405.46
9557,5760,40,447.31
9558,6576,48,154.79
9559,9206,11,479.43
9560,7661,24,22.77
9561,4189,38,406.43
9562,4997,2,168.64
9563,3350,34,278.4
9564,6384,92,351.78
9565,3484,65,145.11
9566,497,12,358.29
9567,304,95,126.23
9568,9752,44,173.7
9569,7328,67,452.1
9570,5084,70,48.31
9571,3485,50,457.4
9572,5146,42,392.67
9573,7964,66,331.56
9574,6542,29,387.27
9575,5749,33,193.33
9576,1887,15,478.24
9577,5888,93,257.91
9578,370,27,278.34
9579,122,64,141.77
9580,5555,92,145.1
9581,1472,18,271.28
9582,3241,71,66.02
9583,5249,6,127.02
9584,9803,60,341.68
9585,227,26,475.4
9586,93,38,205.69
9587,9834,23,371.36
9588,1261,91,68.16
9589,904,58,22.12
9590,7474,14,381.14
9591,60,56,267.21
9592,6492,51,225.86
9593,2023,67,116.09
9594,144,33,390.15
9595,8559,11,218.61
9596,9549,69,266.16
9597,6056,47,338.68
9598,8222,72,269.52
9599,8783,3,252.15
9600,5592,54,421.03
9601,1660,64,282.48
9602,3044,77,159.03
9603,1493,31,106.23
9604,8978,78,119.03
9605,8988,14,224.1
9606,9590,57,30.57
9607,482,99,26.31
9608,8345,30,228.24
9609,9116,71,403.93
9610,5287,80,263.18
9611,6337,12,486.52
9612,3281,26,158.89
9613,329,98,433.4
9614,2455,37,233.33
9615,6126,58,77.7
9616,5171,14,362.71
9617,8999,65,433.15
9618,3345,77,452.71
9619,9380,27,49.44
9620,9235,19,230.8
9621,47,96,156.42
9622,7749,100,383.65
9623,6329,80,114.19
9624,1648,45,253.74
9625,9043,63,198.9
9626,2029,68,206.84
9627,9865,81,219.55
9628,6240,12,378.49
9629,7076,97,130.7
9630,4905,1,186.28
9631,8804,3,240.62
9632,5155,25,323.4
9633,6494,59,138.44
9634,7236,73,136.28
9635,844,42,393.29
9636,6116,27,392.24
9637,865,49,65.27
9638,9375,91,51.79
9639,8015,61,112.79
9640,5201,84,239.79
9641,8059,54,126.33
9642,1871,45,298.42
9643,3650,96,307.86
9644,8749,5,34.63
9645,4238,65,408.78
9646,7453,43,58.05
9647,1504,52,391.4
9648,5055,74,34.85
9649,1517,17,388.68
9650,1047,82,321.88
9651,6724,54,110.56
9652,9486,39,131.8
9653,6799,100,235.35
9654,7801,77,492.75
9655,2114,52,403.09
9656,5758,90,65.16
9657,9900,42,491.34
9658,3499,15,175.07
9659,7,23,263.98
9660,7968,80,200.95
9661,3704,55,67.17
9662,6291,8,17.65
9663,7545,9,481.17
9664,6372,6,87.09
9665,5473,26,436.66
9666,3746,93,327.39
9667,260,36,486.76
9668,1031,64,187.58
9669,7519,30,273.9
9670,8704,64,25.56
9671,3197,12,268.73
9672,886,76,320.93
9673,5792,22,28.79
9674,8722,37,394.12
9675,4649,61,262.0
9676,4304,36,340.49
9677,4183,49,67.12
9678,9434,81,299.54
9679,5177,32,304.58
9680,9564,88,220.35
9681,7802,19,143.47
9682,2179,9,371.85
9683,4045,10,193.86
9684,5457,82,416.13
9685,1620,29,175.42
9686,5371,44,487.25
9687,6703,5,267.47
9688,1252,81,190.74
9689,4747,41,117.06
9690,6011,48,262.91
9691,8512,17,491.75
9692,2387,41,493.43
9693,9106,42,457.89
9694,7219,88,400.21
9695,7585,61,298.91
9696,1166,57,362.66
9697,2246,8,372.98
9698,1642,8,126.53
9699,7237,51,43.53
9700,9709,31,289.43
9701,7597,13,310.6
9702,1466,41,149.69
9703,9929,82,199.47
9704,1070,2,297.21
9705,9582,46,406.87
9706,1090,40,189.36
9707,2077,43,389.54
9708,6804,90,329.04
9709,7885,96,109.37
9710,993,83,120.76
9711,7919,28,224.13
9712,4986,67,263.04
9713,3594,82,439.43
9714,2996,24,318.82
9715,5757,84,287.1
9716,6887,84,210.94
9717,7935,69,397.08
9718,1268,28,343.6
9719,7928,7,128.07
9720,6599,91,330.69
9721,612,98,192.79
9722,3919,16,126.12
9723,9473,68,488.18
9724,8621,32,114.0
9725,2000,44,84.5
9726,2913,66,223.81
9727,8851,81,464.22
9728,4485,66,293.89
9729,8312,84,411.16
9730,7727,10,33.91
9731,7719,26,247.61
9732,8610,54,277.67
9733,5088,80,24.4
9734,1699,8,67.01
9735,9641,18,332.05
9736,5966,81,137.81
9737,112,77,14.69
9738,7560,91,408.3
9739,8114,80,482.66
9740,5922,61,395.0
9741,1317,67,58.53
9742,5318,82,70.94
9743,9588,86,111.62
9744,138,8,401.44
9745,2937,58,169.39
9746,2262,27,174.9
9747,3484,89,452.1
9748,7433,33,400.84
9749,5349,46,304.14
9750,9276,4,468.78
9751,1208,27,179.7
9752,7052,70,385.67
9753,1176,3,38.85
9754,8831,73,242.23
9755,1695,76,245.95
9756,6297,49,406.48
9757,3419,98,369.72
9758,1837,42,488.03
9759,155,80,282.81
9760,3140,83,334.52
9761,5145,12,61.76
9762,4400,15,374.04
9763,2233,21,88.49
9764,6647,1,40.46
9765,6157,45,133.76
9766,2170,78,239.23
9767,372,87,347.23
9768,7488,38,90.4
9769,1599,79,177.7
9770,4960,37,309.86
9771,5674,31,316.03
9772,2450,37,211.71
9773,8276,69,230.2
9774,6632,55,236.05
9775,9600,81,22.51
9776,9230,12,190.89
9777,6144,57,466.52
9778,881,25,130.69
9779,4666,97,370.13
9780,7604,16,26.21
9781,7214,51,239.97
9782,6322,19,372.82
9783,4240,38,280.34
9784,7538,85,289.23
9785,5525,94,230.33
9786,169,77,462.98
9787,8610,7,264.23
9788,1316,63,72.93
9789,9618,33,334.83
9790,2363,25,139.5
9791,4040,57,300.88
9792,6698,63,67.8
9793,2089,19,172.97
9794,1690,12,411.79
9795,9659,22,410.71
9796,2379,3,236.52
9797,4948,26,135.07
9798,145,13,38.18
9799,7030,73,260.17
9800,4683,46,21.13
9801,5465,89,14.96
9802,4936,84,237.72
9803,2836,47,247.16
9804,1983,16,438.59
9805,2599,11,377.68
9806,1837,77,391.55
9807,2125,87,420.37
9808,3261,45,432.16
9809,9466,98,46.2
9810,9868,43,342.93
9811,2163,88,298.71
9812,101,2,376.58
9813,2484,18,330.39
9814,2981,95,449.58
9815,9551,30,400.54
9816,7741,43,139.18
9817,2408,47,250.95
9818,9303,53,373.96
9819,5083,37,137.95
9820,96,96,76.5
9821,7598,43,50.75
9822,4649,87,10.58
9823,4198,79,109.86
9824,9100,45,278.76
9825,7878,63,248.17
9826,4888,37,246.3
9827,3754,35,93.4
9828,9721,19,132.8
9829,2586,45,441.57
9830,6333,6,447.67
9831,5692,68,335.95
9832,1563,43,409.94
9833,4525,70,168.53
9834,7245,45,50.57
9835,6014,87,34.56
9836,7373,58,435.99
9837,8612,22,220.66
9838,163,62,425.75
9839,4820,1,133.22
9840,6092,29,381.82
9841,299,23,69.31
9842,8497,62,419.97
9843,8102,1,264.72
9844,5953,42,151.47
9845,1578,10,257.43
9846,7650,49,181.43
9847,756,47,375.76
9848,4835,97,380.03
9849,6411,70,277.46
9850,9480,60,392.39
9851,6556,30,221.86
9852,7124,31,52.29
9853,9011,30,81.01
9854,6173,12,233.1
9855,7833,94,468.17
9856,6175,83,119.13
9857,1924,11,65.99
9858,9991,87,352.25
9859,533,98,86.47
9860,4380,65,389.41
9861,8662,57,40.03
9862,333,2,401.53
9863,9766,82,229.43
9864,7915,39,60.22
9865,7789,72,448.94
9866,7823,75,426.1
9867,1414,73,364.1
9868,6835,54,211.84
9869,6039,27,473.48
9870,1407,13,210.15
9871,656,42,51.23
9872,5127,36,328.09
9873,238,88,143.34
9874,6973,62,77.0
9875,8070,53,464.25
9876,691,28,309.66
9877,3086,24,200.47
9878,4530,42,153.45
9879,699,38,15.59
9880,491,3,486.73
9881,6836,17,381.73
9882,5707,51,375.35
9883,3487,23,252.64
9884,9783,94,404.79
9885,8048,81,488.22
9886,2505,97,374.3
9887,2873,21,245.83
9888,715,90,374.83
9889,1656,37,125.63
9890,4142,64,28.61
9891,3215,17,360.19
9892,6964,23,205.22
9893,8783,29,191.69
9894,9259,95,486.95
9895,9999,30,275.23
9896,1249,45,462.07
9897,8521,23,10.35
9898,6933,62,275.82
9899,5462,56,241.63
9900,2737,95,392.07
9901,7652,76,228.93
9902,1399,97,90.44
9903,3334,51,290.96
9904,9601,49,105.17
9905,604,13,255.14
9906,4657,24,162.74
9907,3999,61,443.24
9908,2696,48,111.8
9909,9674,54,111.57
9910,139,47,459.09
9911,1468,73,317.1
9912,7271,55,447.66
9913,5521,44,300.79
9914,5559,57,167.91
9915,8401,39,372.36
9916,7860,53,107.34
9917,8140,60,252.07
9918,6204,21,213.98
9919,4739,93,403.42
9920,8131,46,183.42
9921,795,25,352.78
9922,5136,60,315.51
9923,8548,72,457.72
9924,7828,78,318.73
9925,533,43,26.08
9926,8756,51,77.5
9927,8778,72,50.29
9928,657,60,480.94
9929,1033,69,256.38
9930,9086,38,428.86
9931,8833,79,186.12
9932,9206,97,257.56
9933,4256,70,440.24
9934,5748,13,432.9
9935,8517,47,461.47
9936,1325,20,170.61
9937,4797,15,365.36
9938,3103,43,213.62
9939,7068,48,233.94
9940,9909,91,141.49
9941,6028,42,300.24
9942,7362,19,444.83
9943,4762,11,499.67
9944,2819,12,485.76
9945,5881,92,429.06
9946,3365,34,476.99
9947,4570,29,214.36
9948,1127,49,144.06
9949,2914,74,59.72
9950,1587,9,354.03
9951,4005,5,229.48
9952,5889,29,388.66
9953,8185,73,371.25
9954,8636,43,295.98
9955,8496,39,460.83
9956,2035,94,345.69
9957,1140,18,352.52
9958,6389,23,313.16
9959,3455,7,167.75
9960,9900,75,169.36
9961,6506,85,352.42
9962,2881,30,406.81
9963,4597,28,460.05
9964,7393,72,290.01
9965,487,62,410.22
9966,6669,72,173.0
9967,8009,24,432.59
9968,9937,92,370.24
9969,2791,5,357.67
9970,6055,26,139.56
9971,17,56,378.06
9972,9185,79,155.43
9973,1620,83,335.04
9974,4093,19,121.14
9975,9449,70,460.66
9976,9385,29,348.32
9977,5050,90,240.3
9978,6892,55,311.16
9979,1256,48,214.9
9980,752,37,351.69
9981,1511,88,133.85
9982,2441,24,123.23
9983,7307,52,485.72
9984,3881,20,433.14
9985,3028,58,349.69
9986,3646,17,371.56
9987,2208,11,498.87
9988,9023,68,351.3
9989,1057,3,241.69
9990,4734,39,244.44
9991,286,64,82.97
9992,4552,2,252.69
9993,4211,13,445.91
9994,5687,2,34.99
9995,1242,20,376.66
9996,3223,96,385.81
9997,2891,2,80.37
9998,3258,5,420.98
9999,2915,42,431.75
10000,2862,69,83.95
10001,7633,56,37.97
10002,1053,64,371.11
10003,6971,50,338.74
10004,6191,79,263.47
10005,7257,85,190.4
10006,3870,71,91.64
10007,2926,15,175.66
10008,6167,59,124.72
10009,2596,91,377.1
10010,4770,41,301.44
10011,3391,48,213.59
10012,1537,77,123.3
10013,6263,11,379.81
10014,2083,27,197.28
10015,7308,5,420.26
10016,7853,12,128.01
10017,5246,12,172.11
10018,7929,39,66.91
10019,1396,53,397.71
10020,6810,25,199.98
10021,9165,13,38.14
10022,9777,79,212.18
10023,5581,40,432.18
10024,3237,27,385.6
10025,9206,26,25.81
10026,4159,24,101.26
10027,6770,42,385.54
10028,4060,14,207.77
10029,1727,17,440.26
10030,7226,85,209.06
10031,6949,60,58.41
10032,7195,10,67.56
10033,6284,7,314.69
10034,465,65,442.3
10035,9018,57,366.82
10036,6380,69,388.81
10037,8677,10,68.7
10038,3513,97,68.26
10039,226,33,232.1
10040,688,46,109.3
10041,5446,59,445.83
10042,8115,42,83.91
10043,6740,11,252.25
10044,3076,74,236.31
10045,9523,70,247.1
10046,259,95,232.29
10047,1406,88,354.0
10048,2318,73,141.13
10049,1103,14,350.06
10050,5261,63,319.03
10051,9532,12,405.39
10052,6006,60,55.89
10053,1030,58,188.69
10054,7732,36,24.52
10055,1791,57,229.05
10056,1386,98,25.57
10057,2573,8,68.83
10058,6623,86,145.97
10059,8799,70,62.18
10060,3907,55,163.72
10061,6534,93,427.79
10062,5821,40,446.31
10063,2987,27,284.49
10064,3006,28,100.12
10065,6525,89,194.91
10066,7818,48,377.04
10067,2845,39,414.47
10068,795,39,285.82
10069,4928,48,319.46
10070,8998,81,460.02
10071,6322,50,241.82
10072,6774,43,97.06
10073,4722,34,278.79
10074,5225,67,407.47
10075,987,56,297.46
10076,7469,29,69.17
10077,5476,68,253.63
10078,7141,50,432.8
10079,7729,16,117.3
10080,3046,21,94.13
10081,8742,17,26.52
10082,4926,37,17.49
10083,593,27,246.09
10084,123,63,118.98
10085,8130,49,262.28
10086,8460,34,345.72
10087,7509,92,187.33
10088,4917,77,299.93
10089,9531,25,297.1
10090,641,32,226.94
10091,4556,2,343.97
10092,4565,33,343.02
10093,1342,99,283.92
10094,7471,9,352.92
10095,3015,11,416.86
10096,8418,39,170.49
10097,5159,7,304.11
10098,9451,30,342.63
10099,2687,95,29.62
10100,9652,44,104.51
10101,1293,38,261.89
10102,3454,51,228.68
10103,5497,22,143.69
10104,6395,84,111.42
10105,1780,5,383.97
10106,2431,6,402.53
10107,187,67,113.79
10108,7805,79,130.57
10109,8314,5,145.01
10110,1344,100,360.02
10111,3082,2,407.75
10112,9903,23,252.35
10113,7769,9,48.97
10114,2743,39,105.78
10115,3201,50,346.33
10116,41,75,288.44
10117,399,25,52.41
10118,9245,74,261.38
10119,7624,29,243.79
10120,3632,73,281.77
10121,7455,55,226.13
10122,9165,38,37.49
10123,3281,36,430.77
10124,7716,62,244.54
10125,1813,43,289.31
10126,1255,34,118.35
10127,1758,25,329.1
10128,6410,73,226.18
10129,8517,62,223.87
10130,4984,28,408.66
10131,355,69,490.36
10132,7674,49,384.5
10133,9242,48,331.5
10134,544,27,264.87
10135,9811,99,318.45
10136,5597,35,482.21
10137,6027,63,12.13
10138,9790,56,332.79
10139,3728,92,454.74
10140,9381,25,183.2
10141,1069,70,466.58
10142,1586,1,442.03
10143,4683,7,462.38
10144,5855,93,242.72
10145,8159,44,209.64
10146,1097,98,492.62
10147,818,2,58.92
10148,4946,73,433.74
10149,3247,21,94.58
10150,9229,26,488.21
10151,9018,1,82.21
10152,2760,95,75.77
10153,7940,64,439.42
10154,4376,40,201.29
10155,8713,32,265.36
10156,604,12,133.29
10157,3462,17,303.92
10158,9764,100,343.42
10159,7418,98,89.15
10160,5315,28,133.99
10161,9913,85,340.33
10162,9044,47,183.68
10163,2462,12,187.96
10164,2643,18,489.33
10165,4933,4,336.53
10166,8850,80,170.76
10167,1976,36,424.15
10168,8485,66,364.35
10169,8620,12,205.7
10170,1864,75,399.77
10171,8343,99,66.63
10172,5701,65,149.59
10173,6521,8,283.88
10174,2572,18,257.59
10175,5749,28,414.43
10176,7509,27,54.94
10177,8377,37,12.14
10178,5409,68,230.99
10179,3893,89,169.13
10180,3064,51,190.11
10181,4943,34,426.5
10182,9746,56,426.4
10183,6144,43,448.64
10184,9963,96,163.99
10185,8136,56,147.18
10186,6846,2,176.8
10187,838,39,193.1
10188,1259,94,457.95
10189,5033,67,96.21
10190,8860,79,386.77
10191,895,19,99.33
10192,7905,33,106.56
10193,9180,89,326.8
10194,870,91,461.71
10195,499,49,311.26
10196,8948,22,94.54
10197,9316,27,458.06
10198,6741,70,327.86
10199,4780,36,316.2
10200,1332,10,447.41
10201,9031,13,323.38
10202,58,78,109.9
10203,9911,80,166.05
10204,4047,67,208.85
10205,5769,85,68.43
10206,7503,28,46.92
10207,8321,97,304.65
10208,3678,2,224.88
10209,609,48,198.24
10210,3548,70,386.64
10211,5762,85,73.69
10212,2282,77,291.86
10213,6401,20,408.73
10214,3214,49,116.93
10215,6236,4,55.12
10216,8389,53,352.64
10217,6098,76,198.42
10218,1831,10,479.86
10219,5600,49,314.12
10220,1756,79,161.91
10221,482,67,444.31
10222,5318,32,255.31
10223,7245,22,117.92
10224,8925,53,89.1
10225,2526,27,254.33
10226,6650,22,359.7
10227,5112,11,148.68
10228,8477,64,123.0
10229,1775,89,161.46
10230,9333,13,198.34
10231,5556,46,486.1
10232,1798,76,82.16
10233,8254,16,224.27
10234,4875,90,272.75
10235,6217,71,330.81
10236,62,98,177.18
10237,7784,71,83.3
10238,2663,96,71.68
10239,2690,19,176.44
10240,4346,51,253.68
10241,4665,86,389.34
10242,3738,65,265.9
10243,5304,6,83.11
10244,6660,31,57.57
10245,6726,92,319.67
10246,6381,81,100.98
10247,4600,47,357.59
10248,6320,48,431.73
10249,6928,1,476.85
10250,886,85,100.47
10251,6403,39,480.58
10252,4361,64,235.22
10253,6063,28,318.7
10254,5843,24,259.92
10255,9280,35,108.94
10256,6765,17,103.77
10257,8415,9,363.73
10258,4656,49,360.82
10259,3650,90,494.76
10260,1776,70,74.21
10261,1162,61,428.14
10262,388,45,133.89
10263,9536,38,487.53
10264,6195,63,279.14
10265,7299,2,431.42
10266,7938,18,141.38
10267,7020,15,278.7
10268,1255,59,288.48
10269,1517,60,262.23
10270,2992,35,337.54
10271,3772,2,390.28
10272,9313,18,82.82
10273,5982,79,375.55
10274,346,57,37.83
10275,4648,79,61.47
10276,3498,30,257.58
10277,41,67,63.77
10278,9770,91,289.55
10279,7618,58,312.9
10280,2,52,39.17
10281,5843,70,365.22
10282,6233,6,134.14
10283,6776,87,350.51
10284,6238,78,451.62
10285,433,96,426.6
10286,138,21,398.92
10287,6320,99,422.15
10288,7114,47,222.29
10289,7265,68,71.09
10290,1369,47,173.3
10291,4120,69,230.06
10292,9817,24,243.75
10293,4096,10,430.31
10294,9459,66,224.69
10295,4475,47,485.15
10296,5053,14,486.3
10297,8591,58,277.22
10298,2347,37,155.25
10299,5269,1,122.73
10300,7830,92,29.43
10301,3304,54,216.53
10302,1175,18,227.99
10303,1986,79,385.02
10304,1831,3,399.19
10305,6870,46,424.26
10306,7166,75,210.8
10307,635,54,465.35
10308,4242,46,177.59
10309,8416,32,231.62
10310,7920,34,215.82
10311,9172,4,447.35
10312,711,20,46.35
10313,9813,58,13.82
10314,8100,88,222.88
10315,3363,19,186.89
10316,8250,55,452.67
10317,6117,40,287.62
10318,9992,34,383.91
10319,1076,77,109.23
10320,7710,97,428.1
10321,7469,54,79.31
10322,4823,13,369.43
10323,4830,30,411.85
10324,5126,20,146.95
10325,7623,33,224.0
10326,9553,92,427.13
10327,8416,66,468.38
10328,7499,44,12.08
10329,9018,69,431.34
10330,2814,7,375.11
10331,6471,24,297.7
10332,5744,18,166.18
10333,6666,38,453.2
10334,8502,96,195.12
10335,3312,56,210.38
10336,2472,78,275.95
10337,9971,90,410.59
10338,5903,73,123.33
10339,7973,32,21.77
10340,6558,89,395.06
10341,7978,74,80.54
10342,6770,43,70.15
10343,8294,72,243.94
10344,3380,62,152.36
10345,4436,70,313.25
10346,1719,55,295.78
10347,3526,35,76.42
10348,2697,45,222.07
10349,7759,1,195.14
10350,7529,84,367.17
10351,1693,31,456.13
10352,5180,23,38.0
10353,9881,69,124.54
10354,5925,23,371.7
10355,2138,74,366.08
10356,9954,91,38.72
10357,2541,18,156.48
10358,6366,21,68.25
10359,6261,4,489.52
10360,3692,33,179.49
10361,1311,15,26.79
10362,9023,29,313.85
10363,8548,38,200.95
10364,8453,68,354.88
10365,3507,9,317.54
10366,8196,71,397.01
10367,5794,80,479.46
10368,9487,20,80.49
10369,898,4,208.03
10370,3617,17,10.15
10371,4760,37,340.77
10372,7875,22,64.81
10373,9955,69,21.46
10374,1981,77,108.21
10375,7783,47,16.94
10376,5642,72,496.43
10377,7988,32,441.45
10378,9207,42,113.92
10379,7840,33,93.27
10380,4584,4,153.12
10381,3267,69,29.43
10382,5552,92,433.77
10383,5760,94,32.54
10384,8933,98,159.56
10385,2552,61,198.67
10386,3706,43,157.18
10387,844,36,131.08
10388,2210,33,430.65
10389,2045,31,117.81
10390,6179,31,80.03
10391,1617,12,84.79
10392,7338,5,23.69
10393,4651,73,400.85
10394,9821,72,28.05
10395,232,86,113.47
10396,3187,29,362.32
10397,6964,28,107.93
10398,709,60,434.73
10399,2115,100,58.02
10400,9714,68,411.28
10401,3332,50,493.25
10402,9753,87,192.87
10403,425,32,18.74
10404,6182,2,113.19
10405,802,1,319.95
10406,5421,94,326.76
10407,9201,57,122.98
10408,7448,20,301.04
10409,2479,49,470.88
10410,973,61,215.08
10411,657,83,155.27
10412,3083,94,133.16
10413,7261,76,404.15
10414,8019,43,146.14
10415,4142,81,233.67
10416,7747,71,474.8
10417,8997,6,57.39
10418,1564,78,272.85
10419,5052,32,458.71
10420,1447,75,14.01
10421,3061,5,223.23
10422,9359,36,288.28
10423,9603,92,326.81
10424,6832,17,108.89
10425,4524,15,105.0
10426,5787,59,40.88
10427,3187,72,183.71
10428,473,70,119.4
10429,2873,90,96.92
10430,6727,41,66.51
10431,5765,45,449.11
10432,1992,58,392.72
10433,4664,1,198.67
10434,6162,54,330.12
10435,7755,51,188.64
10436,1661,26,362.92
10437,5262,63,458.33
10438,1450,81,320.7
10439,2024,82,334.16
10440,5051,23,62.61
10441,9770,47,328.94
10442,9674,91,370.04
10443,3540,38,405.42
10444,7388,45,494.22
10445,213,42,317.14
10446,5966,32,336.8
10447,1861,15,420.25
10448,5715,14,439.31
10449,8318,61,200.84
10450,821,74,33.85
10451,6041,82,456.04
10452,4448,35,297.64
10453,927,34,315.4
10454,5141,9,445.4
10455,6665,29,294.95
10456,5211,55,76.76
10457,2305,90,160.84
10458,6017,26,160.49
10459,5943,38,92.89
10460,3130,30,123.95
10461,8415,79,19.25
10462,2589,55,117.62
10463,6367,82,124.04
10464,6483,44,244.55
10465,9289,59,396.43
10466,9713,86,162.39
10467,2524,79,419.66
10468,3227,61,471.66
10469,3985,80,478.37
10470,467,25,301.24
10471,594,43,341.22
10472,2126,8,230.71
10473,8737,32,227.88
10474,6157,3,116.94
10475,2763,18,331.38
10476,7697,79,283.83
10477,6917,74,333.56
10478,2780,22,223.94
10479,1208,66,419.01
10480,1927,100,233.06
10481,6107,56,25.54
10482,5956,96,78.81
10483,6700,6,175.12
10484,33,21,126.08
10485,3258,16,45.44
10486,802,70,373.6
10487,5013,86,473.19
10488,2663,24,181.07
10489,5732,7,195.43
10490,5217,10,215.69
10491,6923,38,494.39
10492,8561,5,445.56
10493,4517,78,187.67
10494,6166,55,61.42
10495,3250,87,145.7
10496,8553,38,212.43
10497,4923,58,40.69
10498,8083,13,148.47
10499,5520,6,152.49
10500,5743,94,306.11
10501,7667,81,399.16
10502,4582,16,320.1
10503,5024,10,427.58
10504,4580,60,306.57
10505,1648,46,394.92
10506,1529,100,245.31
10507,4926,35,274.88
10508,9502,92,422.15
10509,9972,35,324.74
10510,7145,21,322.11
10511,8153,54,120.24
10512,778,51,428.71
10513,3603,5,146.53
10514,8129,63,139.83
10515,6087,47,489.99
10516,1703,28,352.55
10517,5539,44,309.35
10518,6058,52,325.01
10519,6536,76,349.44
10520,8644,62,336.95
10521,5241,59,147.97
10522,219,17,282.63
10523,9052,87,103.25
10524,4131,79,43.58
10525,280,83,201.41
10526,5390,23,210.48
10527,4833,18,58.37
10528,1456,29,99.69
10529,5583,14,168.37
10530,5531,64,483.68
10531,2283,41,487.34
10532,8762,41,495.98
10533,6315,61,370.02
10534,7043,69,28.8
10535,5532,43,280.4
10536,1839,82,345.93
10537,3,70,445.11
10538,3614,31,299.79
10539,3490,37,356.65
10540,3408,91,350.88
10541,1176,57,283.94
10542,9432,89,112.92
10543,5015,79,68.29
10544,6259,51,369.04
10545,488,93,163.2
10546,5174,53,309.38
10547,4762,6,365.04
10548,2501,47,54.79
10549,8342,53,201.7
10550,307,95,264.5
10551,6516,80,136.36
10552,7742,4,210.26
10553,4078,65,369.96
10554,9367,92,192.36
10555,5250,80,498.99
10556,3707,61,143.29
10557,4464,39,315.47
10558,1933,93,364.43
10559,7423,85,137.8
10560,8061,15,419.16
10561,4720,89,200.46
10562,2317,51,464.75
10563,7090,2,116.27
10564,5172,53,294.28
10565,3824,63,357.13
10566,9646,29,483.14
10567,6102,69,87.52
10568,1802,73,491.57
10569,5785,63,287.44
10570,3851,50,254.02
10571,8763,64,15.12
10572,4621,79,200.56
10573,8526,80,18.47
10574,948,92,314.39
10575,9473,64,11.79
10576,4594,12,432.95
10577,7383,33,121.84
10578,2306,31,230.72
10579,7985,42,494.46
10580,1760,47,299.72
10581,2271,76,310.59
10582,1009,1,300.27
10583,1723,24,264.75
10584,5591,76,24.43
10585,4308,41,415.95
10586,7964,37,174.95
10587,60,20,327.17
10588,7577,19,66.67
10589,2244,18,331.48
10590,2543,58,410.16
10591,2543,87,376.23
10592,6788,56,162.86
10593,6912,70,341.24
10594,7971,69,171.09
10595,2465,90,101.9
10596,9190,1,41.94
10597,7687,83,320.42
10598,937,80,487.92
10599,3178,9,403.95
10600,4272,30,495.58
10601,9064,84,214.28
10602,4166,15,472.23
10603,6701,95,14.58
10604,9266,24,318.51
10605,2452,58,89.14
10606,1271,39,100.2
10607,3025,62,67.84
10608,1315,31,68.33
10609,5660,34,291.02
10610,4890,1,23.9
10611,7902,13,321.48
10612,4782,66,369.98
10613,3653,35,213.06
10614,8043,48,331.14
10615,5852,8,331.4
10616,4231,2,59.58
10617,8082,54,181.66
10618,7619,24,221.07
10619,2275,84,326.78
10620,4775,60,37.8
10621,2669,32,241.73
10622,6024,84,377.87
10623,6077,76,495.13
10624,5089,98,469.8
10625,2017,84,290.16
10626,5709,76,386.95
10627,9980,98,251.55
10628,6925,98,294.52
10629,4699,29,404.6
10630,5806,13,101.05
10631,4189,94,312.78
10632,7612,4,51.5
10633,9125,76,204.04
10634,4264,36,420.84
10635,3892,75,312.76
10636,5252,73,209.96
10637,956,72,199.09
10638,1826,53,304.69
10639,7462,20,154.1
10640,2950,89,479.18
10641,4728,85,86.58
10642,1412,30,94.32
10643,3630,12,278.53
10644,2967,66,206.96
10645,4838,91,93.64
10646,2102,95,435.56
10647,5503,23,410.15
10648,4840,43,281.12
10649,5185,33,480.96
10650,859,62,153.83
10651,6712,37,219.44
10652,5493,63,305.25
10653,3046,33,433.83
10654,2636,83,158.76
10655,1358,45,205.0
10656,3271,61,88.06
10657,6041,26,423.33
10658,1424,94,349.63
10659,6080,58,293.91
10660,1240,34,384.44
10661,3107,1,117.35
10662,9251,93,127.32
10663,6204,70,273.09
10664,523,54,86.02
10665,2163,91,410.53
10666,100,33,428.99
10667,4767,90,162.21
10668,9048,28,211.89
10669,4520,97,490.5
10670,7947,52,53.16
10671,8517,42,328.25
10672,272,100,202.85
10673,6511,59,479.38
10674,2451,26,137.07
10675,1381,46,257.65
10676,8031,26,310.22
10677,7360,52,339.44
10678,9241,93,158.41
10679,3681,8,427.74
10680,6874,51,360.89
10681,4567,25,437.76
10682,3449,22,335.26
10683,9746,87,494.37
10684,4155,6,138.33
10685,5422,42,438.44
10686,6474,79,310.15
10687,1551,45,342.38
10688,6200,62,413.55
10689,9261,54,488.86
10690,2521,70,38.91
10691,9212,16,453.77
10692,4197,39,326.67
10693,1342,78,59.25
10694,2600,29,86.65
10695,5244,87,376.71
10696,9602,4,355.16
10697,9221,92,290.58
10698,233,97,74.3
10699,2686,40,448.89
10700,2252,67,98.38
10701,2430,94,115.74
10702,9092,23,174.42
10703,187,55,219.22
10704,735,49,264.5
10705,6272,40,260.37
10706,5040,35,306.73
10707,2904,34,231.91
10708,5713,13,44.54
10709,2009,100,286.08
10710,6307,51,31.8
10711,3479,29,117.9
10712,5137,10,378.44
10713,9285,63,214.64
10714,8219,47,237.47
10715,6794,40,486.78
10716,4270,26,139.28
10717,8739,88,96.55
10718,7805,6,147.55
10719,3968,92,205.88
10720,6048,35,408.78
10721,7440,71,108.98
10722,2046,87,153.67
10723,7407,36,212.98
10724,6360,40,205.59
10725,4307,15,333.95
10726,5755,82,290.01
10727,2154,97,362.2
10728,1659,84,242.03
10729,7187,33,83.19
10730,7541,4,249.85
10731,4838,6,253.47
10732,990,68,369.89
10733,3906,26,442.12
10734,7057,12,125.44
10735,8203,7,24.98
10736,3964,51,395.91
10737,5818,35,104.56
10738,3724,4,264.33
10739,2519,23,253.81
10740,1658,32,118.78
10741,7404,50,28.14
10742,2243,41,228.51
10743,1798,57,254.73
10744,8571,87,218.5
10745,3402,42,217.01
10746,964,20,350.92
10747,2156,30,302.28
10748,3968,79,405.59
10749,3399,100,300.23
10750,489,72,205.88
10751,3972,24,287.64
10752,3815,46,266.33
10753,4627,78,39.32
10754,3997,65,15.15
10755,6497,54,405.33
10756,9700,30,129.4
10757,2581,15,277.44
10758,6831,38,394.09
10759,7226,53,37.95
10760,6389,98,25.04
10761,6573,15,346.6
10762,8611,5,136.47
10763,885,72,212.08
10764,743,1,455.92
10765,611,66,26.62
10766,2712,34,230.02
10767,9646,33,448.2
10768,8388,3,387.31
10769,4187,38,262.7
10770,8059,1,143.08
10771,1106,33,85.78
10772,3263,43,236.51
10773,9144,28,226.96
10774,8583,48,257.21
10775,8477,92,415.46
10776,425,3,380.39
10777,4043,28,489.73
10778,4889,49,139.85
10779,8485,18,164.37
10780,8210,38,207.37
10781,2640,42,414.08
10782,7365,64,333.62
10783,5841,92,241.13
10784,3314,75,139.44
10785,6514,42,267.41
10786,3264,33,377.81
10787,2175,72,217.09
10788,2780,12,292.79
10789,1393,2,139.5
10790,9451,42,311.91
10791,4136,23,93.68
10792,7867,30,271.35
10793,8032,25,463.9
10794,662,77,281.06
10795,6849,57,384.61
10796,1641,10,497.97
10797,8609,4,284.65
10798,1463,31,364.48
10799,5720,41,148.44
10800,9656,18,495.72
10801,478,33,239.43
10802,9741,97,442.57
10803,1805,49,314.38
10804,3744,2,76.46
10805,2999,20,339.26
10806,3324,43,156.73
10807,6836,88,47.83
10808,8133,24,18.47
10809,590,98,248.82
10810,8095,11,59.72
10811,7774,81,398.1
10812,1737,85,105.1
10813,2326,63,20.99
10814,955,14,301.63
10815,2193,80,429.32
10816,1296,78,421.6
10817,5666,80,15.89
10818,9683,13,351.37
10819,1770,17,427.15
10820,3434,95,124.11
10821,8163,35,38.93
10822,8059,38,221.02
10823,858,83,177.69
10824,204,16,307.8
10825,1654,42,311.41
10826,7439,18,488.21
10827,5559,49,449.21
10828,2742,62,456.99
10829,1716,80,313.26
10830,8393,10,326.21
10831,617,55,63.36
10832,7229,41,237.12
10833,4363,87,118.93
10834,3873,53,440.81
10835,5783,91,299.69
10836,578,95,69.19
10837,9080,6,308.03
10838,8986,27,439.9
10839,4824,20,202.52
10840,5926,14,177.14
10841,3483,3,406.82
10842,7485,57,440.71
10843,3576,10,201.02
10844,9502,8,483.19
10845,2405,95,461.73
10846,4791,20,57.31
10847,1396,64,157.82
10848,8763,2,61.82
10849,312,56,304.54
10850,1744,27,363.91
10851,2113,22,346.57
10852,3661,49,237.43
10853,8623,43,141.15
10854,7837,78,483.01
10855,480,59,192.1
10856,2339,53,491.73
10857,8242,8,447.03
10858,6397,83,102.25
10859,3040,74,457.39
10860,3667,6,280.49
10861,2886,78,105.04
10862,2695,34,206.59
10863,4874,82,129.18
10864,5305,64,96.53
10865,4933,69,461.36
10866,4689,44,438.65
10867,935,2,402.65
10868,5835,16,14.37
10869,7407,95,425.47
10870,4639,98,389.83
10871,8458,5,232.76
10872,9005,17,252.36
10873,3359,46,36.83
10874,1550,48,452.71
10875,5645,36,430.36
10876,2467,17,351.57
10877,5702,7,263.85
10878,5371,42,255.69
10879,6763,32,396.09
10880,4185,11,10.72
10881,3055,60,460.46
10882,9613,95,170.79
10883,1453,69,187.19
10884,6828,34,310.03
10885,1425,15,85.48
10886,9106,64,23.07
10887,3165,78,276.49
10888,9962,65,16.06
10889,79,93,150.55
10890,4479,37,434.6
10891,1769,59,426.75
10892,90,13,198.56
10893,6176,90,392.7
10894,1154,95,402.29
10895,3984,35,273.14
10896,9714,96,98.72
10897,5691,16,44.62
10898,2422,86,349.42
10899,3954,64,303.2
10900,9965,53,376.18
10901,3910,18,448.26
10902,8457,8,66.17
10903,6265,83,268.65
10904,4312,95,322.95
10905,5803,73,108.11
10906,498,3,352.43
10907,501,8,315.81
10908,9003,87,403.76
10909,432,62,486.72
10910,1606,92,189.99
10911,5235,85,398.09
10912,538,1,415.05
10913,7868,89,349.28
10914,6740,55,107.34
10915,4055,75,410.46
10916,9373,83,444.02
10917,6259,83,131.77
10918,9848,17,121.01
10919,7144,6,346.49
10920,361,93,247.59
10921,3568,100,354.72
10922,3958,62,130.09
10923,6837,62,206.21
10924,517,73,65.88
10925,4884,15,347.18
10926,3681,55,91.71
10927,2884,2,69.26
10928,71,59,280.5
10929,9236,4,386.57
10930,6912,26,125.36
10931,4947,24,204.23
10932,7043,61,473.65
10933,232,88,334.96
10934,5819,29,214.77
10935,8582,9,159.02
10936,9663,75,103.73
10937,7325,77,159.16
10938,5110,89,476.15
10939,3340,90,95.84
10940,5428,61,134.41
10941,1394,37,413.54
10942,5886,97,310.36
10943,8445,44,396.29
10944,4026,25,216.48
10945,7087,42,37.01
10946,7492,96,443.12
10947,9593,49,219.29
10948,867,80,62.23
10949,7796,63,289.39
10950,4895,60,43.91
10951,7235,20,188.42
10952,9749,27,343.13
10953,2536,84,412.6
10954,257,97,424.03
10955,1853,94,411.4
10956,2854,29,427.42
10957,2258,34,141.81
10958,4410,52,463.41
10959,3645,44,12.44
10960,3345,63,83.2
10961,5997,72,306.38
10962,3409,94,61.14
10963,2292,58,487.83
10964,5431,26,290.38
10965,5420,2,314.46
10966,9157,34,358.8
10967,4244,70,390.4
10968,5173,26,337.12
10969,178,82,410.76
10970,3384,10,426.75
10971,1484,55,458.54
10972,2035,45,398.71
10973,4863,81,426.35
10974,8758,97,158.9
10975,3876,94,241.28
10976,4394,33,463.13
10977,5540,48,301.88
10978,2482,100,55.53
10979,7245,2,309.86
10980,6882,75,416.08
10981,9031,30,473.36
10982,2613,70,468.58
10983,7754,4,388.0
10984,9062,15,83.07
10985,7371,8,197.86
10986,478,14,88.31
10987,4464,94,145.66
10988,7185,84,181.83
10989,7841,34,241.44
10990,4953,36,404.53
10991,4288,50,294.82
10992,2347,87,168.47
10993,4823,40,151.19
10994,8237,8,264.8
10995,5411,46,300.68
10996,1864,20,125.12
10997,6587,51,280.58
10998,9894,46,399.53
10999,7487,10,137.9
11000,9238,15,335.89
11001,839,50,431.21
11002,5157,65,482.86
11003,7503,83,56.88
11004,5154,40,320.71
11005,7723,29,457.47
11006,453,43,159.93
11007,4431,79,451.24
11008,9796,12,34.0
11009,3526,33,29.33
11010,7270,72,497.85
11011,8566,32,119.46
11012,2544,99,270.3
11013,4350,57,459.98
11014,7019,79,123.15
11015,7212,25,494.86
11016,8103,98,154.23
11017,5165,53,246.51
11018,4230,3,89.59
11019,1609,31,393.15
11020,7372,80,491.71
11021,5937,80,324.2
11022,6887,62,417.13
11023,8948,55,364.85
11024,2273,22,146.15
11025,1874,11,284.24
11026,9026,22,203.06
11027,7871,32,25.46
11028,3599,20,119.12
11029,5763,42,398.85
11030,9133,46,231.54
11031,8706,19,486.58
11032,1424,71,269.4
11033,9259,24,128.58
11034,2608,96,457.38
11035,9136,54,33.85
11036,5689,3,126.19
11037,5388,58,389.08
11038,7504,15,350.8
11039,6555,78,79.87
11040,9782,17,22.35
11041,2497,93,298.04
11042,4344,78,78.26
11043,3610,94,165.72
11044,3182,63,97.15
11045,3044,41,419.14
11046,5155,67,233.41
11047,5095,60,279.46
11048,9757,67,113.47
11049,4764,13,362.93
11050,9105,46,57.34
11051,7815,53,475.12
11052,1708,51,193.19
11053,616,14,46.94
11054,9492,84,454.2
11055,6870,27,420.06
11056,8182,86,34.62
11057,54,96,308.7
11058,6195,5,39.51
11059,8370,19,145.25
11060,5990,83,304.49
11061,7298,12,460.73
11062,3372,64,54.56
11063,6218,69,120.97
11064,3980,7,197.74
11065,9453,83,404.25
11066,1009,71,89.04
11067,1924,11,473.24
11068,920,76,458.59
11069,9119,24,452.24
11070,5866,56,213.89
11071,4752,2,107.95
11072,5703,61,98.99
11073,4411,27,263.7
11074,2507,11,123.89
11075,1933,89,103.63
11076,5659,94,52.91
11077,426,24,174.31
11078,8555,59,380.98
11079,3150,78,323.75
11080,805,26,293.25
11081,8887,68,277.31
11082,1200,40,104.24
11083,7162,26,42.56
11084,8481,13,50.23
11085,1847,53,400.48
11086,1175,91,110.67
11087,3220,100,375.88
11088,2328,50,377.76
11089,4198,94,369.79
11090,221,35,432.14
11091,4698,7,410.95
11092,933,31,407.04
11093,6242,37,151.43
11094,5664,81,340.49
11095,603,91,13.08
11096,8186,30,256.1
11097,6627,59,92.39
11098,3276,37,286.95
11099,6038,30,486.26
11100,8733,97,99.49
11101,5573,49,110.76
11102,7433,46,66.26
11103,3017,86,75.03
11104,1454,57,240.22
11105,861,25,194.97
11106,5520,3,41.43
11107,2541,88,51.81
11108,1050,10,171.62
11109,1643,71,141.87
11110,7967,49,112.32
11111,2853,6,364.67
11112,1636,67,333.83
11113,3959,40,163.62
11114,3222,64,461.84
11115,9783,14,129.01
11116,6519,61,78.57
11117,1415,98,304.83
11118,431,98,97.16
11119,7529,42,247.73
11120,1909,37,49.49
11121,7571,23,226.65
11122,8589,27,77.69
11123,5896,7,115.19
11124,5550,9,204.29
11125,2402,67,481.05
11126,940,49,43.81
11127,8320,88,417.4
11128,8647,46,205.08
11129,8474,44,479.53
11130,511,27,403.35
11131,8182,5,477.62
11132,9468,13,123.81
11133,6069,21,296.06
11134,9864,96,128.78
11135,1831,72,234.97
11136,8618,87,140.92
11137,4228,31,202.0
11138,6653,37,116.14
11139,5497,37,50.22
11140,2090,60,348.79
11141,4516,13,394.15
11142,5328,52,23.02
11143,1462,12,187.25
11144,2446,59,107.74
11145,8461,55,134.51
11146,2241,8,303.29
11147,3599,100,481.26
11148,380,87,249.59
11149,6186,67,76.61
11150,7317,57,116.86
11151,5041,45,499.79
11152,7625,50,176.0
11153,1236,23,360.48
11154,1737,82,203.78
11155,5782,42,113.89
11156,9644,45,97.79
11157,7753,10,387.99
11158,6591,14,208.49
11159,1863,8,318.34
11160,7076,45,44.68
11161,835,93,450.98
11162,416,68,457.68
11163,8132,73,319.91
11164,5023,11,161.03
11165,6762,68,393.43
11166,4396,50,71.83
11167,5703,80,291.33
11168,7462,71,236.96
11169,6580,71,408.64
11170,1000,85,233.9
11171,8909,49,46.43
11172,7470,79,492.66
11173,883,60,105.65
11174,2116,73,315.58
11175,1903,18,159.14
11176,2363,74,289.35
11177,4722,59,170.34
11178,9701,72,326.94
11179,7234,29,405.35
11180,4375,28,487.93
11181,6752,4,370.01
11182,4234,17,97.82
11183,3220,52,160.3
11184,9119,44,288.58
11185,800,9,452.84
11186,990,75,498.26
11187,6447,13,388.73
11188,7786,42,113.65
11189,7017,66,336.52
11190,889,63,84.37
11191,8208,53,38.21
11192,3393,33,489.65
11193,8111,43,51.55
11194,5346,27,329.25
11195,4204,74,418.07
11196,9829,54,477.57
11197,2531,85,452.19
11198,8199,61,244.3
11199,9356,78,65.5
11200,3441,50,218.77
11201,4775,98,431.49
11202,4338,35,325.39
11203,8748,35,204.9
11204,275,70,63.89
11205,3847,83,44.29
11206,4770,18,428.45
11207,6560,43,369.05
11208,491,47,333.42
11209,2055,69,412.64
11210,8893,50,225.1
11211,4489,16,289.13
11212,6031,5,445.43
11213,6518,44,334.17
11214,2819,11,295.75
11215,6048,40,205.49
11216,8660,95,167.24
11217,1779,70,48.5
11218,6650,73,302.73
11219,7336,69,379.19
11220,160,28,408.15
11221,2015,41,91.19
11222,5646,24,307.81
11223,8197,3,467.35
11224,1233,89,343.48
11225,5,12,143.41
11226,7812,4,426.02
11227,6517,41,359.48
11228,6782,95,166.76
11229,1315,76,111.15
11230,9700,51,211.26
11231,4666,70,468.77
11232,6992,26,149.95
11233,5538,50,92.21
11234,2708,16,12.01
11235,7512,85,237.27
11236,8906,16,299.78
11237,48,74,253.67
11238,1933,98,87.99
11239,5996,18,73.46
11240,1324,69,87.17
11241,5625,62,61.35
11242,125,62,198.61
11243,6961,8,419.33
11244,776,14,458.33
11245,3278,82,395.66
11246,2847,16,103.98
11247,517,83,221.06
11248,7399,5,327.74
11249,5751,69,476.43
11250,2516,4,98.46
11251,3937,13,191.4
11252,5998,97,397.96
11253,2335,62,81.68
11254,2505,54,92.92
11255,7827,32,66.94
11256,8786,29,414.57
11257,2408,100,163.45
11258,5951,82,428.63
11259,1741,63,234.45
11260,2844,23,417.42
11261,5838,66,136.32
11262,2461,86,477.92
11263,6668,50,323.12
11264,3165,6,303.9
11265,2649,26,314.27
11266,6994,18,374.65
11267,3930,26,452.63
11268,8524,71,118.57
11269,1811,8,102.6
11270,2147,3,381.7
11271,8546,30,383.96
11272,9433,8,467.89
11273,5766,93,148.5
11274,7025,88,97.31
11275,4136,43,492.66
11276,6175,73,300.42
11277,4740,9,225.93
11278,3366,51,61.55
11279,1582,92,476.56
11280,8070,50,494.32
11281,4832,81,298.27
11282,4192,26,325.51
11283,8767,91,135.64
11284,9464,24,334.05
11285,3559,77,69.68
11286,9511,74,180.21
11287,2792,33,467.93
11288,1148,45,45.9
11289,6614,84,343.55
11290,1971,37,384.37
11291,8272,77,71.34
11292,2599,14,412.95
11293,4195,39,48.42
11294,5855,90,83.79
11295,9108,8,93.55
11296,7007,90,76.05
11297,575,26,323.51
11298,3143,39,453.2
11299,6767,37,454.28
11300,5184,45,20.92
11301,3601,63,338.83
11302,7676,14,271.3
11303,4275,86,96.02
11304,7075,97,216.04
11305,3135,13,253.34
11306,5068,34,449.38
11307,2898,76,54.13
11308,5509,67,490.83
11309,5205,84,348.99
11310,4739,16,303.98
11311,489,21,116.38
11312,2668,56,183.5
11313,8474,53,282.64
11314,1674,55,490.76
11315,2915,49,174.53
11316,9994,46,360.74
11317,5276,71,132.41
11318,518,12,119.07
11319,2004,24,360.08
11320,9531,5,459.41
11321,4851,8,277.59
11322,1934,63,113.66
11323,1787,68,184.74
11324,3209,23,75.44
11325,1357,61,144.29
11326,7169,7,22.1
11327,4708,98,174.09
11328,4085,98,145.63
11329,6807,36,263.94
11330,1076,10,156.27
11331,4759,84,407.82
11332,1905,70,279.29
11333,6767,70,456.72
11334,4746,33,344.06
11335,3661,42,475.4
11336,3374,66,322.1
11337,8461,93,36.64
11338,6717,58,284.5
11339,8239,11,20.59
11340,2401,76,90.96
11341,7538,52,212.54
11342,9938,48,485.38
11343,1287,68,250.76
11344,964,46,356.98
11345,779,22,245.35
11346,8179,5,180.82
11347,6437,91,239.68
11348,823,58,96.0
11349,9106,23,97.94
11350,5213,96,215.85
11351,7082,93,293.68
11352,8272,7,239.84
11353,9001,73,134.07
11354,2821,4,82.05
11355,5780,11,454.58
11356,3077,87,380.86
11357,8344,58,58.82
11358,7734,70,206.15
11359,1810,8,52.52
11360,3624,59,380.57
11361,3583,4,45.84
11362,7114,86,183.32
11363,6577,47,219.42
11364,271,90,316.12
11365,5128,85,285.52
11366,5023,14,354.99
11367,2144,46,464.72
11368,3695,97,270.93
11369,9596,56,199.96
11370,8686,41,93.85
11371,2029,21,214.22
11372,7574,2,103.74
11373,4806,46,261.67
11374,672,78,400.96
11375,7326,96,453.27
11376,5334,81,168.68
11377,1083,75,173.16
11378,4082,33,484.32
11379,821,97,477.17
11380,6465,63,299.64
11381,8210,13,480.04
11382,6263,24,417.17
11383,309,66,122.8
11384,798,4,250.37
11385,1354,13,196.71
11386,9767,26,326.38
11387,2547,80,270.83
11388,1814,48,318.72
11389,6270,31,463.75
11390,6862,12,206.03
11391,8757,34,388.47
11392,2665,42,476.92
11393,1197,71,277.33
11394,6287,96,171.61
11395,3196,56,204.39
11396,2229,55,252.84
11397,8995,71,271.24
11398,5973,12,434.91
11399,8441,16,385.13
11400,579,44,337.55
11401,8792,22,38.88
11402,9082,27,224.1
11403,2697,14,464.53
11404,4837,40,398.41
11405,2311,13,192.67
11406,1158,26,159.37
11407,833,75,442.45
11408,1187,94,422.2
11409,8414,31,398.56
11410,7764,7,171.48
11411,3603,56,291.87
11412,8024,40,261.37
11413,3411,67,204.59
11414,1357,86,210.01
11415,2906,38,114.19
11416,1506,81,51.2
11417,4029,76,119.33
11418,5366,39,60.07
11419,2869,11,51.19
11420,5473,94,405.78
11421,4471,79,175.35
11422,8870,99,188.4
11423,8095,20,131.01
11424,7593,8,343.49
11425,395,25,353.72
11426,4872,77,148.22
11427,9721,81,456.74
11428,2503,92,473.26
11429,4715,98,363.57
11430,316,22,380.18
11431,1926,29,56.28
11432,4771,38,196.93
11433,7094,82,321.98
11434,9849,40,473.79
11435,6047,64,59.4
11436,8809,86,53.17
11437,8899,67,301.64
11438,3110,49,100.59
11439,4550,30,86.68
11440,1101,51,375.52
11441,4783,85,97.18
11442,1344,89,427.95
11443,5864,41,396.33
11444,632,44,467.52
11445,3433,65,407.72
11446,6305,13,384.56
11447,7496,80,448.35
11448,4834,3,136.06
11449,4214,49,310.61
11450,6462,11,41.5
11451,7406,51,446.28
11452,6377,47,468.13
11453,6713,68,289.19
11454,2981,28,434.92
11455,8674,37,295.56
11456,8885,97,258.23
11457,3799,62,110.45
11458,6324,97,90.91
11459,9419,44,124.94
11460,3844,67,310.79
11461,1267,3,395.17
11462,3306,16,424.19
11463,7949,40,161.17
11464,3945,39,321.17
11465,9750,10,205.81
11466,2507,69,160.25
11467,254,51,267.91
11468,1885,57,135.54
11469,9936,7,239.54
11470,4384,96,158.02
11471,7593,24,488.78
11472,6049,72,431.33
11473,9799,100,486.85
11474,8091,28,475.67
11475,4536,24,46.35
11476,500,23,19.2
11477,4629,85,112.61
11478,4916,1,274.49
11479,6563,45,161.74
11480,9722,95,382.61
11481,1394,19,479.42
11482,265,42,468.04
11483,9508,25,399.12
11484,5631,19,103.86
11485,4601,60,474.95
11486,5426,84,228.78
11487,8099,12,163.25
11488,592,79,149.0
11489,2939,76,432.21
11490,8925,68,175.55
11491,4181,40,315.96
11492,2972,23,273.51
11493,1444,52,145.25
11494,3188,89,152.16
11495,7826,66,171.64
11496,5143,7,278.44
11497,5861,4,191.98
11498,5925,54,141.25
11499,8480,54,418.64
11500,7578,46,405.48
11501,1386,29,413.93
11502,1344,91,274.36
11503,6685,16,195.44
11504,4466,65,323.51
11505,8147,53,257.5
11506,803,57,376.34
11507,5501,50,335.45
11508,8814,67,235.2
11509,623,61,227.75
11510,7087,88,146.95
11511,8579,70,374.53
11512,3255,41,314.17
11513,3796,39,458.61
11514,4622,2,304.11
11515,5881,84,330.74
11516,562,75,349.95
11517,2450,75,277.06
11518,4054,89,397.11
11519,5126,44,464.52
11520,2671,36,71.35
11521,4033,70,60.66
11522,2091,4,427.81
11523,4101,77,15.85
11524,5454,24,405.58
11525,190,77,436.53
11526,1516,16,239.89
11527,4234,78,70.69
11528,120,38,295.22
11529,1626,22,472.33
11530,3415,86,109.14
11531,9217,81,93.81
11532,8782,19,418.89
11533,6170,34,14.68
11534,3930,16,106.49
11535,8714,97,238.6
11536,7571,6,403.38
11537,2987,38,326.72
11538,643,64,141.47
11539,9489,18,17.51
11540,6941,27,160.56
11541,9685,92,162.42
11542,7424,89,127.08
11543,4628,79,124.99
11544,1420,49,430.1
11545,4690,1,192.7
11546,1179,46,198.11
11547,5136,91,60.75
11548,9810,40,439.48
11549,8838,34,131.39
11550,5581,9,491.89
11551,4956,94,405.85
11552,2530,75,417.31
11553,5459,89,126.01
11554,5909,59,51.85
11555,9809,34,287.54
11556,7187,21,33.19
11557,7221,97,463.23
11558,3626,3,194.7
11559,5616,76,61.51
11560,6298,45,401.56
11561,102,63,184.71
11562,9323,40,170.84
11563,5234,75,252.94
11564,2896,78,187.64
11565,8453,98,358.84
11566,7642,88,337.18
11567,7882,54,25.27
11568,9709,1,441.31
11569,6840,53,495.2
11570,6144,42,455.1
11571,1789,14,381.26
11572,5921,82,165.13
11573,7768,62,409.07
11574,3830,31,275.26
11575,1011,55,380.16
11576,9591,59,305.5
11577,6449,6,129.78
11578,9693,2,287.24
11579,4723,20,225.65
11580,4835,94,461.3
11581,4142,73,323.5
11582,4656,95,390.56
11583,7971,47,41.99
11584,2168,8,389.42
11585,6387,29,150.06
11586,7072,42,480.89
11587,1043,86,78.98
11588,3576,51,424.95
11589,2523,43,231.94
11590,5526,2,308.55
11591,687,16,371.07
11592,3571,100,411.78
11593,8458,13,484.35
11594,6077,73,163.11
11595,432,79,442.9
11596,8036,78,128.67
11597,6562,4,452.05
11598,9257,76,143.0
11599,2083,92,391.11
11600,2998,41,464.09
11601,303,70,191.58
11602,521,73,322.61
11603,8756,1,350.68
11604,8240,40,133.0
11605,8847,20,64.04
11606,8209,92,446.18
11607,9618,12,269.95
11608,1846,71,85.44
11609,4711,86,486.5
11610,3055,25,66.22
11611,2736,6,68.78
11612,3256,28,166.14
11613,2856,90,112.48
11614,8390,90,308.42
11615,779,74,49.74
11616,1489,46,86.79
11617,5587,76,304.58
11618,7762,82,285.49
11619,6225,20,125.73
11620,514,79,26.03
11621,4309,25,40.19
11622,1723,59,133.93
11623,7853,9,193.28
11624,1672,94,404.79
11625,3901,71,492.72
11626,1572,17,422.04
11627,7049,28,285.11
11628,3121,96,340.19
11629,4824,8,269.46
11630,4646,43,43.97
11631,3983,95,44.74
11632,2818,23,425.65
11633,1140,37,305.7
11634,6419,8,482.77
11635,4352,87,342.49
11636,5192,82,257.12
11637,6640,30,269.55
11638,5469,56,278.31
11639,2854,34,233.92
11640,3630,48,150.88
11641,3616,69,127.15
11642,1704,1,468.47
11643,4043,94,221.23
11644,3598,48,392.42
11645,7772,45,373.28
11646,9885,91,162.54
11647,8531,67,250.18
11648,7249,30,122.86
11649,2079,86,477.04
11650,1479,98,412.12
11651,4109,69,433.35
11652,1475,92,50.52
11653,503,40,398.64
11654,1874,97,455.86
11655,9039,46,65.86
11656,6968,53,408.53
11657,7674,85,472.82
11658,5622,98,96.82
11659,3373,47,174.34
11660,8762,75,136.78
11661,880,66,62.38
11662,5764,6,78.08
11663,2073,57,316.14
11664,7156,94,322.51
11665,302,58,59.64
11666,4230,90,62.28
11667,8660,44,456.34
11668,8590,36,122.9
11669,9226,53,166.61
11670,3318,85,154.87
11671,3253,21,440.71
11672,9531,25,63.24
11673,4990,2,380.93
11674,4331,55,294.94
11675,3359,75,221.78
11676,2330,11,213.58
11677,4883,95,434.04
11678,7833,54,85.72
11679,5053,26,482.08
11680,9005,91,97.36
11681,8646,94,483.44
11682,3685,47,165.22
11683,9544,67,167.87
11684,4739,59,277.74
11685,6250,31,274.63
11686,1248,19,490.9
11687,9454,62,205.82
11688,3634,5,162.32
11689,9921,31,94.51
11690,6858,16,104.87
11691,8895,51,138.02
11692,93,29,89.64
11693,7157,27,244.44
11694,6572,51,217.03
11695,3926,80,207.57
11696,8714,41,29.39
11697,966,23,448.85
11698,9091,5,63.68
11699,387,24,293.88
11700,4256,39,50.23
11701,1664,47,294.12
11702,9062,54,370.35
11703,3508,7,429.55
11704,2900,82,164.38
11705,3127,59,499.25
11706,3083,14,174.32
11707,5364,2,203.16
11708,4475,99,79.46
11709,5390,32,427.67
11710,842,91,262.69
11711,5553,38,336.59
11712,3745,56,142.81
11713,1518,63,340.67
11714,3454,57,135.87
11715,5196,17,321.72
11716,3452,65,335.3
11717,9069,19,46.87
11718,9883,16,54.59
11719,7460,42,278.71
11720,8601,72,15.49
11721,6324,24,159.07
11722,4595,61,437.23
11723,9839,86,466.66
11724,6276,53,308.65
11725,3117,91,135.65
11726,6268,41,224.18
11727,5040,45,184.19
11728,3219,87,397.87
11729,9737,35,159.75
11730,6477,19,309.77
11731,8481,68,49.68
11732,6459,4,459.39
11733,9098,82,81.7
11734,7140,58,379.13
11735,8093,76,154.7
11736,2438,80,324.61
11737,8,71,240.01
11738,8841,29,215.32
11739,6411,2,80.53
11740,3493,48,64.96
11741,9367,39,68.81
11742,1484,97,233.43
11743,2644,98,113.56
11744,1353,13,412.56
11745,8389,16,197.63
11746,5758,57,128.03
11747,1200,33,480.79
11748,8817,97,446.43
11749,9768,20,326.66
11750,5567,70,346.05
11751,3333,70,215.69
11752,1384,41,111.68
11753,720,67,277.18
11754,4789,100,23.9
11755,7526,68,138.64
11756,3302,17,16.65
11757,1934,13,358.59
11758,3891,89,374.23
11759,5862,25,346.1
11760,9796,73,201.9
11761,8515,83,71.49
11762,2672,93,356.67
11763,1207,19,186.15
11764,7453,94,456.96
11765,1751,13,238.75
11766,8668,100,488.91
11767,8571,9,370.22
11768,1801,67,74.72
11769,9321,41,14.19
11770,8959,88,213.54
11771,5734,36,462.49
11772,1386,1,344.51
11773,8189,100,73.3
11774,8135,86,306.53
11775,9534,62,162.2
11776,9446,60,449.78
11777,7684,99,245.2
11778,2997,13,107.99
11779,2376,77,184.98
11780,1593,56,361.14
11781,5782,16,455.78
11782,539,25,203.19
11783,2633,94,258.8
11784,7765,76,55.35
11785,7906,52,229.64
11786,5592,75,274.76
11787,5529,36,219.06
11788,2698,6,499.06
11789,9637,67,224.02
11790,8954,63,147.11
11791,4593,87,355.8
11792,5296,41,67.67
11793,5073,5,247.1
11794,9633,99,96.44
11795,4432,19,476.23
11796,717,32,201.38
11797,8334,94,352.94
11798,1534,1,471.9
11799,7201,8,234.31
11800,5261,75,171.28
11801,9626,80,31.16
11802,4909,74,184.04
11803,7942,38,118.45
11804,2332,69,367.54
11805,5514,8,438.62
11806,3891,13,370.81
11807,6101,42,425.17
11808,5515,60,444.32
11809,8471,35,302.23
11810,6250,35,255.43
11811,8809,45,353.99
11812,9279,38,110.61
11813,9159,27,286.51
11814,730,9,486.85
11815,22,74,280.95
11816,8644,57,434.37
11817,6763,83,159.02
11818,9331,35,168.84
11819,3842,93,267.15
11820,4369,99,467.45
11821,7564,53,92.32
11822,8347,69,117.81
11823,5290,90,405.75
11824,710,16,298.4
11825,339,100,386.81
11826,786,65,164.87
11827,8495,95,349.62
11828,8684,65,191.0
11829,6711,92,167.57
11830,9046,69,110.67
11831,712,95,217.41
11832,8841,75,269.32
11833,2962,37,389.47
11834,937,54,181.48
11835,8061,30,234.7
11836,3980,83,77.68
11837,1245,57,373.17
11838,3015,89,37.91
11839,72,37,431.87
11840,4074,54,72.57
11841,9099,63,186.56
11842,2085,54,386.55
11843,4275,39,195.84
11844,39,74,206.53
11845,8149,85,346.35
11846,1651,15,481.78
11847,7963,8,260.71
11848,1747,70,102.7
11849,6063,55,459.02
11850,5006,94,56.82
11851,1327,63,247.57
11852,1702,95,422.67
11853,8446,64,474.05
11854,6334,47,332.14
11855,571,6,490.12
11856,1289,37,286.47
11857,808,48,244.38
11858,8774,38,254.72
11859,8655,69,445.3
11860,3135,47,13.2
11861,9805,81,37.99
11862,6778,100,76.3
11863,3318,97,72.54
11864,2926,72,319.38
11865,2332,98,472.46
11866,9081,6,499.15
11867,6391,71,336.31
11868,1501,82,200.63
11869,373,41,175.03
11870,5069,98,371.69
11871,5000,28,158.17
11872,5839,51,261.38
11873,5420,33,399.43
11874,5903,86,437.11
11875,8844,84,99.28
11876,2278,50,341.03
11877,7929,87,200.75
11878,4825,83,475.04
11879,4301,2,60.92
11880,1290,27,46.89
11881,6814,6,437.02
11882,1935,2,402.18
11883,2389,37,65.71
11884,2294,34,149.12
11885,4306,29,142.95
11886,225,97,249.01
11887,1162,42,38.12
11888,2629,34,407.0
11889,4283,90,372.05
11890,5828,71,31.72
11891,7738,89,432.97
11892,7240,13,170.98
11893,8530,24,408.06
11894,5870,36,465.06
11895,1456,99,374.43
11896,6246,69,361.72
11897,8088,38,63.49
11898,7581,99,428.85
11899,2892,18,263.6
11900,6728,84,326.76
11901,3428,48,388.59
11902,9358,58,229.49
11903,31,63,99.99
11904,6342,10,47.17
11905,1968,75,133.72
11906,4313,27,91.16
11907,5979,7,182.42
11908,3767,68,226.91
11909,8379,83,370.47
11910,7265,63,382.91
11911,5153,88,134.35
11912,156,93,450.61
11913,1030,41,100.78
11914,452,82,427.64
11915,3401,80,400.83
11916,9147,90,477.42
11917,4243,19,125.37
11918,2124,23,461.69
11919,8496,86,71.44
11920,7915,36,410.59
11921,6176,99,160.8
11922,9308,33,184.42
11923,858,21,367.65
11924,4634,64,297.54
11925,4919,36,70.67
11926,6419,19,205.34
11927,9722,36,410.81
11928,1691,31,165.83
11929,860,69,336.67
11930,1775,70,298.78
11931,2827,1,275.78
11932,8783,14,252.69
11933,5722,76,391.43
11934,4969,28,379.06
11935,7005,79,382.26
11936,5438,30,175.44
11937,5679,31,112.21
11938,1314,51,219.77
11939,4159,70,351.33
11940,165,8,479.36
11941,7648,68,69.32
11942,4247,25,304.1
11943,8212,73,352.18
11944,8666,56,136.33
11945,5813,41,268.56
11946,3716,17,290.44
11947,118,24,110.15
11948,5994,27,172.36
11949,3562,37,27.87
11950,2472,23,75.26
11951,5712,23,436.19
11952,3096,89,265.0
11953,6280,67,228.1
11954,3748,29,434.15
11955,6114,3,318.16
11956,9859,83,118.07
11957,4151,87,244.18
11958,2663,48,110.07
11959,4609,100,136.25
11960,137,34,63.05
11961,6978,10,169.67
11962,7145,35,134.32
11963,4573,45,408.08
11964,2635,72,393.41
11965,1281,3,354.73
11966,6012,99,275.5
11967,3127,16,480.0
11968,5400,70,374.92
11969,6965,54,77.88
11970,8734,80,298.79
11971,3351,34,465.92
11972,3849,14,236.71
11973,616,41,97.22
11974,9538,42,496.96
11975,6411,84,468.84
11976,6284,45,289.21
11977,989,28,84.82
11978,9892,38,355.43
11979,4057,94,421.05
11980,9656,21,292.54
11981,9836,70,181.15
11982,7695,11,297.66
11983,3517,4,41.09
11984,2489,85,347.41
11985,2739,43,201.11
11986,8532,72,400.43
11987,7946,32,359.96
11988,9028,65,461.07
11989,3887,18,447.78
11990,5059,40,406.01
11991,1432,70,280.45
11992,1262,50,46.82
11993,3679,100,21.93
11994,5451,75,230.35
11995,7883,70,311.15
11996,3546,71,85.82
11997,1103,10,238.06
11998,1929,17,53.31
11999,1120,67,278.72
12000,4938,55,390.5
12001,1660,14,429.28
12002,8153,17,68.22
12003,4790,77,499.45
12004,477,19,498.1
12005,707,83,175.4
12006,1008,75,176.75
12007,2782,59,238.71
12008,4863,29,381.47
12009,1958,42,429.61
12010,7463,39,87.64
12011,8467,9,51.35
12012,3395,93,136.84
12013,6366,35,351.55
12014,3740,70,357.1
12015,204,35,194.16
12016,7250,2,317.63
12017,9961,73,471.07
12018,4321,80,140.86
12019,4850,33,310.31
12020,4623,79,311.98
12021,9634,69,69.63
12022,2983,53,121.18
12023,1182,46,231.79
12024,9516,48,105.49
12025,6313,61,104.45
12026,6582,35,195.32
12027,2206,73,472.74
12028,9489,13,17.34
12029,1068,98,72.49
12030,4299,60,304.47
12031,4887,46,248.87
12032,8088,18,462.3
12033,90,42,251.39
12034,8743,86,131.43
12035,3281,91,150.08
12036,666,13,295.4
12037,4585,98,307.95
12038,6156,87,179.17
12039,3002,16,76.51
12040,682,15,67.27
12041,538,22,75.21
12042,390,83,40.94
12043,3823,78,59.95
12044,6896,31,51.36
12045,1262,63,470.35
12046,6213,20,465.77
12047,891,54,148.9
12048,711,89,382.77
12049,1955,77,384.83
12050,6511,73,155.66
12051,9378,29,489.09
12052,5407,24,236.43
12053,4403,39,42.26
12054,5382,37,483.56
12055,7929,64,43.27
12056,6608,6,215.16
12057,2612,60,400.46
12058,4277,67,380.53
12059,8336,86,341.73
12060,6410,79,289.66
12061,9495,50,404.26
12062,505,98,481.14
12063,2591,34,191.71
12064,7054,59,382.23
12065,6205,21,293.52
12066,1436,7,117.76
12067,6426,86,493.38
12068,339,94,76.92
12069,2458,65,23.23
12070,5703,75,20.72
12071,2005,1,290.23
12072,7277,3,63.95
12073,6804,60,55.95
12074,4619,90,83.93
12075,8625,88,295.12
12076,1861,66,204.06
12077,6466,26,172.58
12078,6570,18,391.4
12079,1337,25,343.98
12080,4017,5,474.25
12081,5129,66,243.95
12082,1255,66,404.56
12083,2175,60,12.3
12084,7877,82,117.48
12085,6586,45,323.86
12086,6140,55,410.66
12087,2503,49,208.87
12088,3952,16,415.32
12089,4268,88,474.23
12090,6714,71,184.59
12091,5474,27,446.59
12092,6680,11,191.63
12093,9217,78,179.86
12094,6341,93,208.47
12095,5004,38,175.34
12096,3580,24,395.33
12097,5419,21,269.11
12098,8936,21,216.34
12099,6696,73,124.02
12100,8828,1,10.77
12101,6683,41,274.27
12102,7486,78,265.01
12103,858,67,400.86
12104,2161,44,346.41
12105,9587,54,152.02
12106,3403,98,176.76
12107,2750,25,498.9
12108,6643,66,497.27
12109,516,97,493.46
12110,6997,84,311.06
12111,1617,65,427.48
12112,9191,23,56.69
12113,3135,17,83.86
12114,3046,78,293.07
12115,6988,90,394.16
12116,4269,63,484.39
12117,1257,26,46.28
12118,969,20,405.08
12119,5823,26,61.58
12120,8724,45,159.07
12121,5109,5,103.61
12122,1831,39,155.84
12123,7263,45,50.65
12124,7042,38,46.41
12125,7871,35,247.69
12126,7887,30,462.08
12127,9117,73,223.24
12128,4618,55,267.71
12129,7173,65,487.18
12130,2573,87,41.3
12131,7607,47,322.48
12132,1597,39,403.48
12133,3409,24,270.69
12134,9654,53,193.78
12135,7359,74,63.16
12136,2575,96,379.1
12137,902,47,491.08
12138,7798,37,412.9
12139,5063,36,458.11
12140,6618,89,343.8
12141,2753,65,390.82
12142,7640,46,167.97
12143,7175,72,455.45
12144,4822,68,139.94
12145,3024,21,304.56
12146,1809,100,488.13
12147,2225,95,199.76
12148,502,58,281.61
12149,7556,37,17.6
12150,7067,82,295.0
12151,1007,7,45.15
12152,2116,99,305.23
12153,6736,10,169.06
12154,8512,45,414.7
12155,4104,44,30.41
12156,8590,48,35.76
12157,2578,76,459.87
12158,1208,20,434.65
12159,1215,40,371.88
12160,8888,67,124.43
12161,7903,49,457.16
12162,2402,9,188.91
12163,8182,92,210.02
12164,2205,88,281.89
12165,9406,23,480.83
12166,3390,91,254.92
12167,6660,5,191.85
12168,7120,90,33.47
12169,9322,96,144.91
12170,2915,3,152.54
12171,8823,22,175.6
12172,2499,59,283.89
12173,7193,18,137.51
12174,77,48,149.48
12175,2580,45,218.68
12176,922,9,150.11
12177,7988,74,12.77
12178,5453,64,232.3
12179,7072,48,430.2
12180,8734,27,355.38
12181,5852,90,486.0
12182,99,51,37.47
12183,6016,51,251.47
12184,4859,79,494.11
12185,4327,73,297.19
12186,1877,25,109.07
12187,623,21,71.45
12188,1721,89,85.12
12189,4527,60,382.87
12190,305,20,61.68
12191,4035,28,24.75
12192,3262,66,16.95
12193,6042,52,343.84
12194,8317,72,151.1
12195,9602,48,333.57
12196,1916,23,217.79
12197,4587,34,320.14
12198,1481,52,244.84
12199,3319,83,24.2
12200,5975,78,374.3
12201,1146,63,438.49
12202,956,71,226.42
12203,9544,56,108.08
12204,7938,59,459.11
12205,8597,77,386.28
12206,9008,45,119.53
12207,7161,44,36.78
12208,8559,14,331.54
12209,4753,69,381.18
12210,8366,98,188.32
12211,7686,48,484.03
12212,765,14,267.19
12213,3757,52,297.67
12214,6053,72,357.25
12215,6437,50,64.24
12216,399,84,468.57
12217,7787,92,402.05
12218,4778,52,345.83
12219,2015,68,412.39
12220,3908,70,175.34
12221,3332,34,86.71
12222,2041,52,184.25
12223,4990,75,204.56
12224,9409,40,18.05
12225,8383,18,205.62
12226,5808,14,212.56
12227,9244,54,217.44
12228,2625,64,46.49
12229,4625,89,88.44
12230,3782,82,359.49
12231,5114,12,362.07
12232,4041,80,175.32
12233,3429,23,463.36
12234,3977,67,457.95
12235,7284,36,389.43
12236,4125,28,479.69
12237,8153,22,244.65
12238,7430,83,243.95
12239,9051,86,51.18
12240,4064,51,245.74
12241,7953,95,47.18
12242,6044,26,250.98
12243,2663,71,201.04
12244,4727,81,238.63
12245,3179,29,483.14
12246,1362,37,93.21
12247,9934,51,387.29
12248,4998,68,366.81
12249,996,51,125.48
12250,1534,49,142.38
12251,6225,58,36.36
12252,3192,55,413.23
12253,7033,5,279.3
12254,5401,89,378.91
12255,2323,36,342.57
12256,7770,91,344.3
12257,9363,36,79.85
12258,7531,22,373.02
12259,3006,14,318.65
12260,2125,40,414.0
12261,5522,40,130.59
12262,3895,6,200.19
12263,7208,33,215.49
12264,1027,43,201.14
12265,4881,54,88.13
12266,1499,88,392.15
12267,1913,67,406.09
12268,4915,71,210.26
12269,8774,85,412.06
12270,5204,74,36.88
12271,7575,15,359.52
12272,4888,42,203.78
12273,375,43,475.7
12274,298,39,376.94
12275,4331,98,470.6
12276,1626,37,112.26
12277,2283,3,492.57
12278,1295,53,425.55
12279,4394,27,343.98
12280,1288,16,362.98
12281,2162,98,276.53
12282,2879,52,96.14
12283,7313,77,315.58
12284,9502,29,98.77
12285,3947,36,352.73
12286,8922,78,133.35
12287,881,52,218.56
12288,3452,10,352.99
12289,4819,32,462.22
12290,411,61,300.98
12291,1974,67,62.96
12292,1635,80,33.07
12293,6736,58,388.98
12294,51,93,49.56
12295,7009,5,221.39
12296,7588,51,390.83
12297,6992,13,141.87
12298,8011,43,107.91
12299,6227,78,136.58
12300,4456,60,209.42
12301,7243,94,264.97
12302,1327,74,36.26
12303,1987,88,466.69
12304,9701,8,327.21
12305,5167,84,38.65
12306,5035,65,354.01
12307,4241,43,64.69
12308,3928,8,301.98
12309,9389,16,47.43
12310,1180,33,17.88
12311,7444,39,188.98
12312,6739,6,331.21
12313,1891,58,62.02
12314,2739,75,192.25
12315,5838,23,148.33
12316,5910,65,329.41
12317,4917,50,29.61
12318,7965,58,411.73
12319,9079,96,454.13
12320,9004,14,198.38
12321,5806,79,10.29
12322,2254,99,320.13
12323,1285,39,213.29
12324,5448,53,461.99
12325,655,57,368.53
12326,1378,2,141.67
12327,2521,92,255.58
12328,4329,4,250.17
12329,4474,22,67.71
12330,9983,91,322.14
12331,2629,53,159.17
12332,9494,100,473.43
12333,4392,72,366.38
12334,9033,58,192.65
12335,2087,16,206.51
12336,6175,2,355.55
12337,6776,100,344.61
12338,8459,41,327.3
12339,8624,34,298.69
12340,7926,100,119.57
12341,1968,1,178.7
12342,5884,74,409.71
12343,9525,56,241.18
12344,1141,24,320.56
12345,1299,100,419.83
12346,4399,38,296.2
12347,3474,83,343.01
12348,1190,90,239.76
12349,5177,2,314.5
12350,2228,7,23.58
12351,4362,31,440.02
12352,4073,84,103.68
12353,2459,54,482.65
12354,2667,81,337.99
12355,3152,35,204.49
12356,9550,34,242.14
12357,4475,41,397.14
12358,1666,62,104.94
12359,4595,73,421.21
12360,3105,81,292.47
12361,1552,71,360.26
12362,4124,79,92.2
12363,8147,13,399.75
12364,5340,67,468.84
12365,1789,95,48.59
12366,2913,32,286.76
12367,7791,20,93.84
12368,1938,75,216.17
12369,8383,40,211.1
12370,3332,92,335.43
12371,1226,84,76.47
12372,2069,53,237.96
12373,5504,19,175.6
12374,8167,78,272.9
12375,6215,74,157.88
12376,8544,54,393.65
12377,9557,66,462.23
12378,8404,90,408.2
12379,7509,90,365.35
12380,5586,12,108.97
12381,110,59,100.6
12382,7926,12,220.74
12383,3264,53,426.26
12384,8652,21,482.8
12385,8714,13,116.76
12386,2329,29,34.05
12387,3931,65,443.54
12388,7570,25,177.16
12389,5238,61,115.41
12390,4404,95,238.7
12391,1180,95,248.72
12392,5045,75,103.45
12393,8275,28,481.4
12394,9472,53,272.27
12395,849,87,56.14
12396,7365,81,95.67
12397,8754,48,323.27
12398,9715,41,469.53
12399,4466,50,166.93
12400,9628,85,423.53
12401,2779,55,285.94
12402,3879,86,319.04
12403,611,74,427.21
12404,8893,41,447.86
12405,3369,15,392.93
12406,6480,56,375.63
12407,8521,66,280.26
12408,5830,95,416.4
12409,2955,35,223.07
12410,7770,92,26.89
12411,2815,18,93.08
12412,9998,84,295.64
12413,8038,84,128.14
12414,1432,75,247.05
12415,3226,19,190.57
12416,9769,8,84.65
12417,8092,89,236.57
12418,1778,79,41.45
12419,6837,13,220.49
12420,879,18,382.31
12421,1145,37,292.47
12422,2440,2,81.6
12423,4366,61,417.78
12424,7540,58,388.34
12425,8131,9,309.07
12426,9998,54,375.74
12427,4846,35,370.08
12428,6330,51,425.6
12429,2890,63,458.81
12430,9056,7,475.48
12431,5092,19,149.55
12432,8386,72,461.99
12433,9353,1,230.51
12434,7665,66,272.64
12435,6274,1,98.4
12436,7471,71,346.15
12437,2194,27,102.34
12438,3008,31,417.55
12439,7243,1,334.79
12440,5451,72,209.74
12441,7540,61,352.99
12442,1241,6,76.65
12443,2348,100,193.37
12444,6604,31,209.14
12445,5851,46,53.12
12446,2895,63,448.2
12447,4846,31,150.07
12448,2020,17,362.51
12449,9605,74,439.54
12450,2163,79,96.24
12451,489,77,223.21
12452,4972,71,404.44
12453,8249,14,254.55
12454,4764,14,361.03
12455,492,17,54.74
12456,4721,24,239.22
12457,6547,52,134.94
12458,1397,32,130.43
12459,157,6,314.9
12460,3679,76,118.5
12461,8348,4,43.83
12462,5454,34,202.01
12463,2227,44,236.76
12464,1802,77,337.54
12465,1264,92,40.81
12466,7343,84,223.19
12467,704,67,372.48
12468,3440,11,204.28
12469,1465,88,204.6
12470,3681,6,303.42
12471,5328,82,393.0
12472,4758,79,34.32
12473,707,37,26.82
12474,5913,97,134.73
12475,6289,43,258.53
12476,7517,63,412.88
12477,2269,84,391.51
12478,12,35,35.43
12479,205,2,38.83
12480,118,33,302.66
12481,6245,20,260.61
12482,5757,86,212.69
12483,6351,90,111.4
12484,7823,65,463.23
12485,4838,69,445.5
12486,6227,37,70.5
12487,8316,7,203.17
12488,9500,89,396.03
12489,5353,46,191.85
12490,3365,52,237.93
12491,5598,59,215.41
12492,6211,21,90.44
12493,1800,12,150.52
12494,6407,95,393.28
12495,928,29,35.02
12496,985,80,338.72
12497,3481,9,155.51
12498,2793,35,175.6
12499,7612,59,133.88
12500,9931,3,413.55
12501,7873,87,116.11
12502,5525,86,340.71
12503,1320,25,30.34
12504,1547,51,269.64
12505,663,38,387.3
12506,2646,18,43.31
12507,1332,13,110.85
12508,7453,94,85.59
12509,5312,37,23.14
12510,1943,89,39.23
12511,1944,42,461.47
12512,7829,45,184.18
12513,3985,26,354.44
12514,3028,93,355.85
12515,7462,54,367.37
12516,7868,98,230.79
12517,4688,57,310.05
12518,3632,35,48.53
12519,7356,14,324.23
12520,7742,36,223.83
12521,1109,56,438.0
12522,9033,50,179.29
12523,296,79,202.85
12524,5327,46,247.76
12525,9907,94,51.18
12526,2815,57,277.68
12527,8115,95,343.19
12528,1797,4,102.93
12529,4850,33,217.24
12530,675,87,223.45
12531,3049,82,443.37
12532,8429,32,364.55
12533,7756,9,197.09
12534,2598,70,386.91
12535,3509,62,252.76
12536,4787,29,224.45
12537,6320,89,448.97
12538,2242,69,417.56
12539,8571,74,406.33
12540,9330,45,390.07
12541,7005,75,42.35
12542,7901,82,409.7
12543,9360,29,95.05
12544,3571,11,360.37
12545,9345,85,138.36
12546,9084,92,248.66
12547,1937,60,125.72
12548,574,9,384.39
12549,7658,96,496.69
12550,6627,57,19.5
12551,6217,8,489.34
12552,4568,51,487.22
12553,5177,43,264.06
12554,2769,99,265.69
12555,4053,17,130.47
12556,9055,26,451.33
12557,9988,40,431.41
12558,7662,77,416.52
12559,8233,39,33.99
12560,5674,68,302.03
12561,5727,52,206.97
12562,5995,87,103.33
12563,6559,60,288.31
12564,8169,43,457.2
12565,6968,99,23.37
12566,9752,44,102.08
12567,5125,45,456.67
12568,7623,84,56.61
12569,6732,21,376.31
12570,5843,29,499.28
12571,3342,37,377.98
12572,4098,37,109.14
12573,9467,39,112.07
12574,9167,41,196.08
12575,5345,100,165.09
12576,1363,65,256.64
12577,3813,22,487.56
12578,8318,88,371.95
12579,8033,22,238.15
12580,1091,52,316.13
12581,5932,95,26.8
12582,1701,67,173.52
12583,9639,24,190.27
12584,5000,8,329.79
12585,3780,67,276.88
12586,74,4,336.81
12587,1778,23,259.33
12588,900,40,142.93
12589,8246,13,355.34
12590,6040,89,123.83
12591,4051,8,379.83
12592,5608,47,278.18
12593,1379,13,184.51
12594,4923,8,397.27
12595,2865,48,379.71
12596,4395,78,118.03
12597,998,81,232.39
12598,3713,65,359.55
12599,429,44,424.07
12600,5738,51,471.75
12601,1004,93,255.06
12602,2907,14,382.6
12603,3268,84,294.84
12604,1474,73,378.06
12605,512,48,20.05
12606,6918,10,443.2
12607,4954,66,182.69
12608,1369,22,74.67
12609,9511,82,243.37
12610,7252,68,273.17
12611,4915,55,417.55
12612,1634,93,392.72
12613,3659,82,494.4
12614,2248,97,208.19
12615,1544,6,333.99
12616,5853,61,68.77
12617,5007,16,378.36
12618,2989,42,431.47
12619,1162,47,90.61
12620,1163,65,180.28
12621,6983,87,222.25
12622,4203,82,333.41
12623,608,16,73.16
12624,4798,18,131.51
12625,58,78,283.16
12626,1737,78,201.17
12627,7869,50,99.42
12628,5177,81,225.26
12629,8237,47,365.31
12630,7236,66,444.24
12631,562,67,317.01
12632,3489,13,469.03
12633,1041,12,352.75
12634,2035,36,308.34
12635,5394,37,83.81
12636,974,15,363.12
12637,1416,83,52.67
12638,2260,40,300.66
12639,9095,90,344.63
12640,6742,86,156.46
12641,3376,26,49.62
12642,2875,42,442.83
12643,6261,13,441.75
12644,2430,22,49.66
12645,9288,27,457.6
12646,6303,29,452.58
12647,8485,100,421.95
12648,2693,10,492.28
12649,1798,36,278.16
12650,9511,43,223.9
12651,861,67,327.0
12652,5138,62,298.22
12653,7666,52,449.38
12654,4299,39,310.22
12655,9165,62,368.13
12656,7933,83,123.6
12657,8117,90,350.77
12658,5599,7,193.55
12659,1836,2,24.68
12660,5581,80,39.45
12661,1916,90,155.75
12662,7689,22,248.64
12663,4598,44,374.62
12664,4388,31,170.73
12665,8235,74,137.77
12666,158,54,213.42
12667,7801,24,158.18
12668,9623,55,334.61
12669,7227,94,227.2
12670,7118,12,337.9
12671,3304,6,279.28
12672,2089,63,103.29
12673,3180,21,155.0
12674,5552,28,268.55
12675,9355,47,325.93
12676,5930,19,113.01
12677,6889,32,254.96
12678,8876,38,284.8
12679,1766,60,452.66
12680,1679,76,132.68
12681,8072,32,171.16
12682,4044,31,100.85
12683,5418,62,39.65
12684,8076,94,111.09
12685,8860,75,264.16
12686,914,93,70.31
12687,3355,74,215.94
12688,4710,28,125.98
12689,1736,86,146.71
12690,8132,67,222.01
12691,7325,49,421.3
12692,9562,87,367.5
12693,7709,73,296.06
12694,5655,34,230.48
12695,2747,26,389.46
12696,2978,85,479.76
12697,2288,62,45.94
12698,7717,13,113.29
12699,3105,91,364.35
12700,8576,65,97.6
12701,9106,32,277.27
12702,5241,75,78.62
12703,8603,54,78.84
12704,2495,73,420.98
12705,1648,96,92.29
12706,8274,68,76.35
12707,99,86,376.4
12708,4962,87,219.78
12709,4178,81,346.52
12710,5934,74,28.71
12711,162,4,286.86
12712,6024,54,422.13
12713,7033,66,232.06
12714,8851,34,135.09
12715,9983,4,134.67
12716,6326,9,268.07
12717,4367,41,187.85
12718,8933,45,321.57
12719,7073,60,409.8
12720,9119,45,274.59
12721,3632,55,401.8
12722,2400,74,179.19
12723,3103,70,19.67
12724,6151,98,222.03
12725,7291,23,442.68
12726,6934,6,107.17
12727,3134,91,403.36
12728,28,79,174.67
12729,2170,16,204.87
12730,2880,83,235.77
12731,6292,71,469.09
12732,6796,44,238.71
12733,6386,69,368.41
12734,10000,61,460.69
12735,1223,93,262.04
12736,3117,79,114.52
12737,5189,3,178.56
12738,4954,2,84.1
12739,3659,15,497.28
12740,1739,4,160.44
12741,1686,44,317.79
12742,5763,92,485.14
12743,2806,32,442.23
12744,3301,18,388.8
12745,1903,62,187.91
12746,5733,59,388.1
12747,4478,95,278.14
12748,4558,44,412.16
12749,689,75,38.66
12750,349,7,397.45
12751,1484,89,322.33
12752,9765,29,21.14
12753,4111,5,398.18
12754,4363,50,170.58
12755,5336,52,24.83
12756,1657,6,233.92
12757,7722,91,213.82
12758,7395,81,139.88
12759,2455,43,455.96
12760,7420,97,105.82
12761,9246,27,456.58
12762,8806,25,244.85
12763,589,49,58.22
12764,2146,18,236.65
12765,5239,39,491.83
12766,2094,81,140.11
12767,641,56,404.02
12768,5074,79,356.55
12769,8015,77,478.16
12770,7639,36,113.15
12771,5045,59,180.82
12772,9548,100,377.74
12773,1443,10,390.56
12774,7289,86,257.87
12775,4577,5,279.59
12776,9321,76,93.4
12777,4238,51,487.09
12778,7528,7,493.86
12779,949,83,31.14
12780,2330,2,490.42
12781,6271,14,379.63
12782,5904,88,206.41
12783,2870,57,182.4
12784,287,85,260.9
12785,6314,95,237.18
12786,5919,15,331.95
12787,3260,84,95.13
12788,2990,27,260.48
12789,9993,32,76.32
12790,7299,33,474.15
12791,5604,53,191.97
12792,5976,69,417.76
12793,6437,51,286.82
12794,928,16,213.79
12795,9440,85,445.26
12796,8151,2,295.74
12797,3685,54,41.58
12798,3189,44,385.13
12799,6981,36,35.49
12800,1528,14,367.17
12801,3214,92,445.02
12802,489,20,29.71
12803,4700,39,381.06
12804,7065,64,386.7
12805,7196,78,319.29
12806,4738,20,239.85
12807,9471,68,404.83
12808,1187,67,462.26
12809,5364,70,158.86
12810,4866,92,38.72
12811,3159,5,72.5
12812,9261,63,402.27
12813,3103,74,256.12
12814,352,36,380.39
12815,3262,4,296.85
12816,9501,86,396.08
12817,490,69,393.8
12818,4960,62,97.07
12819,5548,79,232.19
12820,5604,85,250.56
12821,316,67,72.25
12822,1930,89,361.29
12823,9634,5,443.4
12824,8715,90,232.16
12825,4539,94,167.52
12826,2016,47,60.23
12827,2616,9,382.16
12828,6327,48,195.49
12829,2525,89,300.82
12830,9731,86,405.54
12831,8975,97,490.81
12832,9700,2,276.09
12833,3445,12,34.61
12834,6740,48,254.34
12835,8002,60,148.73
12836,7049,46,391.98
12837,8432,26,64.4
12838,5047,29,405.02
12839,1613,63,150.48
12840,8130,4,215.86
12841,9240,53,157.89
12842,3563,15,156.28
12843,7151,85,413.93
12844,9287,77,377.55
12845,7185,15,213.57
12846,4315,65,44.65
12847,1563,55,314.76
12848,6187,86,99.85
12849,7112,38,496.08
12850,6368,94,305.8
12851,5972,70,169.27
12852,4459,82,285.15
12853,4799,3,257.46
12854,8622,89,65.9
12855,3066,43,371.18
12856,6187,67,230.93
12857,6162,31,431.4
12858,8337,67,341.48
12859,4894,40,424.09
12860,4140,45,22.9
12861,531,69,75.35
12862,2993,23,236.2
12863,3911,57,36.72
12864,9868,54,281.99
12865,9668,3,198.72
12866,6671,74,370.54
12867,6803,36,263.25
12868,6650,74,472.61
12869,701,93,25.78
12870,8858,2,97.2
12871,3644,92,212.28
12872,4866,48,63.87
12873,5565,52,124.02
12874,3950,57,238.44
12875,3195,73,239.44
12876,5093,98,424.88
12877,1514,73,297.42
12878,1643,92,412.12
12879,4301,67,469.89
12880,7881,73,45.35
12881,6238,12,350.11
12882,5504,24,297.73
12883,8140,77,120.61
12884,232,13,393.63
12885,3753,4,243.06
12886,737,34,257.0
12887,4053,14,492.23
12888,3567,60,116.09
12889,3769,7,463.82
12890,6349,75,327.31
12891,3405,30,361.72
12892,6497,53,151.85
12893,780,45,70.17
12894,2472,74,371.71
12895,7715,67,352.18
12896,942,60,29.87
12897,7298,80,464.04
12898,9277,87,284.11
12899,7054,100,282.27
12900,2112,7,39.65
12901,346,20,219.0
12902,5845,42,102.78
12903,8425,82,299.5
12904,1002,12,187.39
12905,5996,100,354.17
12906,1420,83,252.6
12907,8311,39,487.38
12908,3406,77,404.53
12909,8273,64,125.68
12910,745,43,454.17
12911,8687,97,451.24
12912,3110,22,266.83
12913,7941,5,83.28
12914,5950,80,430.82
12915,2675,10,35.93
12916,513,83,485.61
12917,9174,40,234.99
12918,9783,35,34.93
12919,7125,30,326.39
12920,6356,50,296.28
12921,3210,43,387.9
12922,2222,6,336.35
12923,5176,52,67.55
12924,2876,90,47.56
12925,2041,70,335.86
12926,6164,51,442.21
12927,3624,75,431.85
12928,2486,63,243.7
12929,1988,91,450.24
12930,6601,89,471.75
12931,7453,41,121.2
12932,3959,48,400.59
12933,6321,93,121.0
12934,1691,7,136.33
12935,556,63,27.8
12936,4272,67,228.54
12937,7883,34,140.28
12938,1012,17,87.84
12939,9013,100,203.41
12940,4488,90,72.15
12941,8469,12,254.82
12942,8294,18,84.06
12943,35,93,324.57
12944,7398,90,308.33
12945,8033,44,361.37
12946,4892,78,138.51
12947,2041,3,116.96
12948,3285,34,265.82
12949,6639,18,239.24
12950,9446,16,344.64
12951,1346,28,121.1
12952,1566,43,44.21
12953,590,42,404.79
12954,8494,86,189.97
12955,1668,32,129.49
12956,1458,23,381.19
12957,2365,3,241.89
12958,4813,85,115.57
12959,8086,22,308.16
12960,732,48,427.96
12961,7142,98,444.74
12962,6987,3,300.57
12963,6514,48,359.27
12964,8732,34,373.22
12965,4641,92,482.64
12966,4826,38,195.49
12967,6620,35,163.39
12968,7652,56,115.44
12969,8122,22,28.36
12970,7170,33,72.0
12971,1212,66,321.53
12972,5880,37,327.46
12973,7872,85,244.78
12974,3889,73,231.46
12975,3113,72,404.86
12976,1523,59,86.45
12977,5334,5,249.84
12978,8490,94,403.33
12979,6270,80,352.87
12980,1142,95,319.49
12981,3376,36,324.74
12982,812,6,29.21
12983,3298,36,319.04
12984,3694,85,134.77
12985,5879,70,21.27
12986,5969,18,496.72
12987,6623,27,135.01
12988,6400,75,374.76
12989,267,84,80.27
12990,2545,70,413.44
12991,5009,16,401.81
12992,3925,16,362.77
12993,3176,8,496.33
12994,8608,30,154.92
12995,3748,20,139.13
12996,6136,99,314.66
12997,6458,78,255.02
12998,4530,56,18.91
12999,7229,13,242.58
13000,8685,34,275.99
13001,916,63,53.32
13002,9019,52,224.75
13003,5492,54,384.75
13004,6196,74,18.46
13005,8455,64,427.0
13006,9521,26,285.62
13007,3240,37,462.91
13008,7580,99,85.3
13009,2678,80,432.06
13010,6657,79,445.24
13011,2536,94,421.67
13012,9812,76,184.79
13013,9071,74,198.3
13014,3401,52,178.73
13015,1542,16,88.44
13016,3247,60,44.55
13017,1447,64,471.87
13018,5994,65,340.22
13019,5000,29,497.34
13020,3169,53,18.16
13021,8695,96,359.69
13022,7193,12,472.53
13023,2976,52,88.78
13024,2036,6,41.53
13025,3366,92,271.87
13026,7418,98,128.73
13027,5055,64,144.22
13028,7304,95,313.28
13029,9939,92,243.5
13030,5024,68,373.62
13031,7260,49,453.25
13032,5008,60,229.13
13033,2081,46,495.99
13034,1484,86,344.99
13035,5902,74,329.61
13036,6569,13,400.74
13037,9000,77,74.18
13038,2581,84,477.17
13039,1872,17,39.47
13040,5234,48,407.44
13041,8374,23,145.56
13042,321,36,194.1
13043,301,34,325.18
13044,1640,41,336.02
13045,165,36,484.63
13046,55,1,259.77
13047,3933,59,277.29
13048,4659,70,360.91
13049,9010,49,365.38
13050,230,98,428.75
13051,1309,38,270.8
13052,6691,95,94.48
13053,3169,43,338.52
13054,4319,13,268.42
13055,9178,85,448.48
13056,3961,63,435.14
13057,3954,77,53.8
13058,9818,1,164.98
13059,9250,58,92.78
13060,9633,29,238.16
13061,8016,33,155.78
13062,2638,3,424.34
13063,1120,65,167.01
13064,3136,27,98.72
13065,8067,65,296.32
13066,5028,84,31.11
13067,5611,91,496.49
13068,8259,22,465.58
13069,1054,60,338.93
13070,7912,69,175.91
13071,2326,79,376.99
13072,5527,81,32.19
13073,2191,29,393.19
13074,1052,64,474.04
13075,713,28,236.8
13076,7506,92,482.31
13077,1386,80,319.22
13078,364,97,90.87
13079,2533,88,427.35
13080,8744,72,91.64
13081,1399,70,58.57
13082,7150,66,337.3
13083,8701,46,221.27
13084,2410,45,111.26
13085,2478,1,311.9
13086,1451,100,168.59
13087,2645,67,419.7
13088,8205,88,429.19
13089,93,44,323.44
13090,2399,32,245.83
13091,65,18,205.31
13092,6239,47,305.13
13093,9957,44,39.66
13094,4769,81,392.3
13095,7888,99,15.56
13096,7030,75,220.72
13097,2838,66,373.75
13098,5326,58,298.15
13099,3130,57,93.05
13100,7106,53,333.59
13101,7101,76,371.11
13102,9992,51,122.56
13103,6268,60,182.17
13104,2072,89,13.34
13105,6628,6,163.17
13106,2253,72,202.89
13107,7964,19,142.16
13108,2770,28,487.93
13109,7373,52,272.85
13110,7746,8,129.63
13111,1735,76,89.33
13112,1217,66,82.05
13113,9551,40,223.4
13114,5258,27,226.29
13115,2043,15,454.1
13116,2567,24,374.6
13117,9384,46,145.59
13118,5557,4,215.55
13119,5703,99,229.45
13120,6458,32,157.98
13121,1276,80,461.08
13122,9261,30,337.37
13123,9053,1,422.85
13124,4208,87,351.37
13125,8136,87,447.03
13126,789,13,252.29
13127,8242,99,160.17
13128,9685,48,291.79
13129,7892,75,57.05
13130,954,32,498.88
13131,9870,2,54.97
13132,7843,89,113.33
13133,9981,29,294.93
13134,6831,92,159.68
13135,8672,8,139.83
13136,1226,6,235.78
13137,1302,2,58.23
13138,8230,30,261.18
13139,4107,24,441.76
13140,5209,58,388.42
13141,2943,8,43.48
13142,6935,33,288.72
13143,2252,31,469.9
13144,5393,88,162.51
13145,2228,77,261.36
13146,1725,85,44.2
13147,5566,98,326.47
13148,7213,79,287.07
13149,3474,71,239.54
13150,3147,15,16.08
13151,9734,17,167.28
13152,3762,6,83.39
13153,8308,56,71.24
13154,8789,56,321.22
13155,7127,71,397.91
13156,7549,66,191.87
13157,7162,18,347.95
13158,2363,85,457.17
13159,4227,23,208.25
13160,2784,75,287.02
13161,6583,96,231.55
13162,6182,60,396.9
13163,9869,61,101.3
13164,6562,10,163.58
13165,686,43,454.82
13166,8727,42,438.03
13167,2677,5,230.73
13168,4148,59,358.42
13169,7452,92,144.96
13170,7334,81,484.58
13171,751,24,106.13
13172,7984,73,177.5
13173,4609,22,336.09
13174,7200,46,473.66
13175,5895,53,370.71
13176,2391,21,48.01
13177,8195,70,217.12
13178,3943,21,490.05
13179,7400,38,383.81
13180,6503,58,311.38
13181,5601,15,444.63
13182,5957,4,228.56
13183,3334,74,81.14
13184,5371,56,86.85
13185,6003,92,195.23
13186,4728,79,84.09
13187,2535,39,396.03
13188,3249,21,76.16
13189,1729,3,244.03
13190,1703,20,320.34
13191,4788,40,102.99
13192,9750,31,306.49
13193,8112,45,457.97
13194,4766,48,377.95
13195,237,96,417.28
13196,9303,7,57.09
13197,8287,38,483.64
13198,2889,54,24.04
13199,1002,41,306.41
13200,8302,81,117.44
13201,8300,21,188.2
13202,9237,72,212.48
13203,9881,97,38.4
13204,7684,44,152.97
13205,8511,98,408.38
13206,3537,6,124.9
13207,4846,32,427.81
13208,5327,53,394.07
13209,4621,61,308.69
13210,3339,3,224.84
13211,7606,49,211.22
13212,7527,38,241.71
13213,8461,44,322.58
13214,8094,82,333.08
13215,7169,62,124.79
13216,60,8,327.43
13217,9814,25,20.12
13218,9779,95,38.83
13219,2811,36,453.57
13220,9698,33,419.33
13221,8527,67,60.13
13222,7942,66,179.9
13223,5203,34,486.54
13224,3952,20,181.64
13225,8031,53,60.5
13226,7934,67,34.19
13227,8859,19,424.96
13228,5517,74,286.86
13229,2540,100,438.36
13230,8393,37,38.17
13231,6086,3,492.47
13232,142,62,89.82
13233,7863,26,114.21
13234,5329,65,409.58
13235,2906,69,53.53
13236,456,48,117.87
13237,7305,12,185.23
13238,1608,51,446.36
13239,7075,53,421.54
13240,351,88,314.15
13241,1379,83,188.19
13242,1869,49,419.68
13243,7275,47,156.09
13244,9781,57,19.51
13245,9984,56,175.74
13246,9866,66,289.93
13247,7974,9,361.02
13248,1503,36,262.29
13249,3860,29,418.57
13250,6375,98,136.23
13251,679,54,79.7
13252,6760,100,228.76
13253,8809,92,460.43
13254,7691,7,87.44
13255,4431,27,304.73
13256,3665,34,246.37
13257,2949,2,395.97
13258,4426,22,464.17
13259,9607,17,334.01
13260,2436,41,129.78
13261,3729,3,223.56
13262,7175,75,454.91
13263,6631,28,496.14
13264,1417,55,35.65
13265,6943,30,66.45
13266,9121,18,139.43
13267,6953,53,317.18
13268,1755,20,252.19
13269,7943,39,462.44
13270,1785,89,73.11
13271,2104,4,314.95
13272,189,8,103.03
13273,153,24,493.73
13274,1098,72,123.23
13275,8029,26,255.6
13276,1659,12,134.26
13277,2720,52,216.78
13278,505,21,206.65
13279,6281,26,384.11
13280,116,42,327.98
13281,519,84,354.82
13282,7845,58,330.5
13283,81,76,19.61
13284,9007,78,408.91
13285,3023,18,390.0
13286,1243,72,474.22
13287,1614,87,278.11
13288,658,29,475.12
13289,1481,72,95.86
13290,8225,13,193.89
13291,3858,5,320.48
13292,7545,26,361.01
13293,7172,12,361.57
13294,1083,26,412.79
13295,4963,15,411.05
13296,4935,26,408.83
13297,8760,24,444.59
13298,6914,66,114.41
13299,7848,81,339.64
13300,9220,87,373.53
13301,6293,25,417.03
13302,2566,27,461.98
13303,2547,10,93.69
13304,2680,79,396.58
13305,1206,7,475.08
13306,4001,12,144.87
13307,2649,73,248.12
13308,3781,32,410.9
13309,571,64,382.72
13310,413,87,190.03
13311,523,13,278.41
13312,9854,86,173.43
13313,2296,34,435.85
13314,4986,65,345.44
13315,9932,78,28.85
13316,8583,4,393.2
13317,6753,76,102.2
13318,1293,8,87.18
13319,5425,38,473.66
13320,2259,29,110.52
13321,9726,88,187.59
13322,5600,66,14.91
13323,3641,24,396.95
13324,882,79,77.96
13325,6735,26,182.02
13326,9441,18,256.11
13327,765,35,37.96
13328,7341,17,394.72
13329,5509,18,196.9
13330,1474,26,241.03
13331,4256,91,63.16
13332,6361,39,445.44
13333,9704,84,252.42
13334,3063,13,454.19
13335,5701,71,42.25
13336,3597,45,35.23
13337,5037,32,205.64
13338,4822,85,105.7
13339,5065,18,440.04
13340,2149,45,384.06
13341,5495,47,89.82
13342,2320,29,153.87
13343,6177,34,385.1
13344,8716,42,257.69
13345,805,92,145.35
13346,762,12,119.11
13347,516,36,212.44
13348,425,71,330.76
13349,9102,8,73.27
13350,5021,58,393.17
13351,6040,12,437.39
13352,5633,60,125.23
13353,4973,29,298.83
13354,8120,64,27.97
13355,7341,42,407.27
13356,6790,77,105.15
13357,1850,28,11.53
13358,3449,39,266.4
13359,9425,61,248.81
13360,2718,22,222.81
13361,6998,12,253.88
13362,3091,53,52.71
13363,2594,87,287.89
13364,4152,50,109.47
13365,1693,73,186.15
13366,7073,79,266.7
13367,2366,43,349.25
13368,5494,29,345.91
13369,6607,2,154.07
13370,5023,74,111.44
13371,753,17,209.63
13372,929,18,285.3
13373,3983,39,366.29
13374,9340,78,459.09
13375,8204,72,413.66
13376,9970,24,407.07
13377,6161,48,166.52
13378,1222,42,47.92
13379,3404,82,307.06
13380,3793,82,94.55
13381,2354,59,170.45
13382,5466,63,257.42
13383,1319,62,67.95
13384,7179,90,106.42
13385,9577,40,299.04
13386,7929,89,337.01
13387,6540,95,321.4
13388,5031,4,164.91
13389,9582,97,342.62
13390,1526,90,337.14
13391,7005,58,491.09
13392,4546,94,462.14
13393,2849,31,227.82
13394,1840,82,83.12
13395,4518,73,88.37
13396,2177,76,284.04
13397,6823,48,320.79
13398,618,42,399.12
13399,1262,58,398.31
13400,4201,21,105.51
13401,8140,16,216.6
13402,7271,51,114.07
13403,569,84,479.88
13404,8614,88,491.6
13405,2551,39,243.87
13406,9498,73,428.33
13407,2542,93,247.25
13408,1246,42,113.93
13409,791,58,154.4
13410,2960,44,233.16
13411,5124,34,95.23
13412,16,70,267.84
13413,8399,60,329.66
13414,7467,7,184.5
13415,7018,91,290.3
13416,4605,40,52.22
13417,3524,2,39.28
13418,8150,25,480.39
13419,6196,63,121.13
13420,9907,66,310.75
13421,2297,90,396.79
13422,5388,86,284.51
13423,7694,4,13.27
13424,778,66,122.6
13425,8814,26,407.86
13426,2725,27,365.08
13427,1940,96,98.76
13428,4361,83,203.84
13429,5048,26,254.37
13430,6273,92,71.72
13431,712,100,268.73
13432,7173,69,237.52
13433,7260,38,111.63
13434,4130,71,107.36
13435,7043,90,192.97
13436,3841,36,419.24
13437,8511,55,372.92
13438,4458,2,193.25
13439,6319,92,23.32
13440,2938,83,140.59
13441,1147,41,299.07
13442,8391,76,399.1
13443,3550,97,214.63
13444,6802,41,367.3
13445,4182,90,233.32
13446,7884,50,159.87
13447,9299,64,126.47
13448,8075,69,405.8
13449,9184,83,359.51
13450,433,32,382.34
13451,2491,93,174.04
13452,3645,29,52.52
13453,6670,75,221.11
13454,150,45,171.22
13455,1308,77,54.14
13456,1697,49,190.93
13457,9838,39,113.89
13458,3259,13,70.06
13459,561,45,306.87
13460,8168,78,104.82
13461,824,91,27.21
13462,2156,12,200.04
13463,6267,100,90.62
13464,7847,57,78.66
13465,7157,55,294.42
13466,1396,89,32.95
13467,1320,62,63.0
13468,108,97,226.82
13469,2055,33,205.82
13470,5164,48,472.83
13471,1339,16,483.75
13472,9047,35,430.8
13473,281,72,395.21
13474,5369,44,21.57
13475,7189,65,117.44
13476,1374,80,119.06
13477,2288,33,16.68
13478,6512,78,486.26
13479,1408,75,428.94
13480,2047,73,158.4
13481,5449,22,165.26
13482,7789,37,467.85
13483,7590,82,419.35
13484,7092,94,242.21
13485,4309,70,131.28
13486,3001,87,230.27
13487,3127,90,204.37
13488,1091,61,434.7
13489,6246,41,320.28
13490,1006,92,479.9
13491,4511,94,177.1
13492,4783,48,329.79
13493,8950,18,228.43
13494,1812,24,363.87
13495,1339,4,65.81
13496,2564,31,397.29
13497,9015,44,406.53
13498,7013,20,164.56
13499,3033,1,434.67
13500,3515,94,172.79
13501,8656,57,361.55
13502,6568,86,13.02
13503,3601,8,463.18
13504,7642,19,122.35
13505,1087,53,343.26
13506,9234,65,229.92
13507,3179,60,428.82
13508,4197,90,429.43
13509,8077,75,484.63
13510,6589,38,240.43
13511,7570,72,490.03
13512,2954,9,54.15
13513,7507,37,66.77
13514,6679,36,487.34
13515,9325,8,487.56
13516,5596,70,56.09
13517,3983,95,235.3
13518,5676,49,454.93
13519,8160,26,22.16
13520,4789,93,473.91
13521,5543,21,286.76
13522,8713,90,156.76
13523,7060,15,478.12
13524,5674,78,292.11
13525,2915,5,364.42
13526,6125,84,422.0
13527,2305,54,196.16
13528,7852,77,10.18
13529,2215,83,492.63
13530,5120,98,128.7
13531,6235,84,408.5
13532,5645,84,116.11
13533,8865,49,91.66
13534,2526,79,50.8
13535,7132,13,379.57
13536,2638,86,294.93
13537,8861,91,65.5
13538,4262,91,138.88
13539,5842,48,321.25
13540,6976,28,87.4
13541,71,53,467.67
13542,1832,58,383.39
13543,2542,38,101.69
13544,1091,70,257.86
13545,8712,13,456.59
13546,803,21,254.67
13547,4385,77,247.87
13548,7222,30,33.4
13549,565,86,181.68
13550,7284,81,106.72
13551,2384,30,215.99
13552,6705,71,318.41
13553,2311,22,100.24
13554,3043,62,152.88
13555,2641,24,320.8
13556,2007,78,23.02
13557,7189,27,283.15
13558,5877,31,457.5
13559,6049,80,91.27
13560,7672,27,477.32
13561,4312,95,265.67
13562,8747,8,174.94
13563,7614,94,296.88
13564,3263,75,358.81
13565,9962,8,321.23
13566,2417,90,319.69
13567,1638,33,453.37
13568,9072,40,451.85
13569,4165,34,404.18
13570,1482,52,63.18
13571,4850,16,162.45
13572,8403,75,70.67
13573,8160,54,380.0
13574,1077,4,425.59
13575,2147,63,43.41
13576,1336,94,422.9
13577,3594,21,32.93
13578,5156,18,172.65
13579,6878,56,367.01
13580,4183,76,286.46
13581,9838,16,405.71
13582,7198,91,150.53
13583,3484,48,54.32
13584,7455,10,106.07
13585,2660,82,115.77
13586,1747,95,100.83
13587,1645,10,462.25
13588,9671,75,268.54
13589,1743,99,78.33
13590,1544,54,360.98
13591,3154,39,441.28
13592,3624,97,363.54
13593,2230,67,288.6
13594,1241,47,218.37
13595,313,91,35.3
13596,8888,29,323.84
13597,4695,54,483.74
13598,4469,10,453.18
13599,693,69,240.57
13600,7131,62,484.28
13601,9300,60,154.02
13602,6651,55,111.21
13603,4300,36,106.78
13604,664,47,73.1
13605,7563,7,52.33
13606,5007,53,475.03
13607,8125,77,464.49
13608,1510,71,98.22
13609,6850,100,103.88
13610,7192,49,436.57
13611,6399,82,406.02
13612,9332,57,170.77
13613,8600,48,326.89
13614,988,69,224.54
13615,1575,39,213.76
13616,7655,52,384.91
13617,1765,33,229.14
13618,1896,49,105.91
13619,7144,48,325.91
13620,877,99,204.19
13621,3133,25,37.44
13622,493,80,369.82
13623,8525,32,402.91
13624,4217,4,137.18
13625,7802,12,283.28
13626,5015,56,161.14
13627,3942,100,322.83
13628,4634,33,286.88
13629,3279,73,373.23
13630,366,78,215.19
13631,3281,8,262.58
13632,1119,34,498.26
13633,2355,16,431.08
13634,684,82,69.56
13635,7647,50,369.78
13636,7030,67,488.6
13637,7539,57,317.78
13638,976,25,274.77
13639,4964,37,86.26
13640,2730,32,265.03
13641,7028,52,259.98
13642,562,37,122.13
13643,4032,95,119.65
13644,5729,90,201.73
13645,4697,78,102.65
13646,6061,54,335.61
13647,2494,3,380.53
13648,9234,59,102.97
13649,452,69,146.53
13650,8641,14,243.63
13651,4173,25,158.95
13652,4113,83,446.57
13653,9421,93,352.08
13654,2463,81,56.89
13655,59,63,131.46
13656,4733,1,442.79
13657,8039,24,261.53
13658,5857,9,172.07
13659,6868,36,12.68
13660,3406,56,48.77
13661,1786,71,494.04
13662,5107,50,441.98
13663,6093,86,94.3
13664,2841,34,314.55
13665,9345,95,277.67
13666,4328,90,53.09
13667,7092,14,12.23
13668,4678,90,58.03
13669,4389,29,48.31
13670,6865,46,380.93
13671,9244,89,350.63
13672,7842,18,30.62
13673,6406,67,164.6
13674,6964,31,445.97
13675,4854,88,334.76
13676,3355,6,305.76
13677,5455,70,233.21
13678,4270,100,256.85
13679,7432,26,361.76
13680,6348,65,358.18
13681,9313,83,479.55
13682,8063,75,116.29
13683,8009,33,400.2
13684,1958,3,249.92
13685,2315,21,304.96
13686,8370,7,345.54
13687,2703,60,31.2
13688,2783,88,60.96
13689,562,19,242.66
13690,3177,45,147.63
13691,1181,29,200.41
13692,7694,3,20.42
13693,3878,14,379.26
13694,5015,54,320.05
13695,3961,68,290.08
13696,1503,1,458.31
13697,4971,55,180.14
13698,9965,53,45.81
13699,1778,69,167.16
13700,2807,69,415.92
13701,4725,31,206.94
13702,6924,83,144.35
13703,9061,98,57.98
13704,2258,15,287.08
13705,1528,13,325.2
13706,5274,80,208.26
13707,1943,77,277.93
13708,6271,41,54.98
13709,2015,80,170.82
13710,6277,56,406.47
13711,7150,87,82.94
13712,6574,16,297.27
13713,231,27,111.14
13714,1118,84,223.51
13715,6194,88,221.92
13716,6199,8,463.55
13717,6987,1,349.98
13718,4269,5,61.75
13719,6487,92,271.19
13720,3349,87,333.4
13721,6371,71,171.33
13722,2352,92,245.89
13723,6066,16,292.84
13724,8546,67,475.44
13725,181,76,87.5
13726,1009,41,31.89
13727,8250,59,287.54
13728,1961,25,40.44
13729,4420,4,174.53
13730,1422,94,208.53
13731,6829,6,492.57
13732,227,13,22.17
13733,4065,26,369.9
13734,3038,82,51.22
13735,8974,96,91.51
13736,5072,39,469.49
13737,3009,43,107.5
13738,5346,55,278.15
13739,2367,6,190.81
13740,2675,80,493.8
13741,7298,87,332.94
13742,7600,73,266.31
13743,7415,67,389.93
13744,9416,64,239.99
13745,227,69,275.89
13746,2383,17,115.24
13747,7169,88,259.34
13748,6232,48,451.74
13749,2643,9,201.25
13750,5228,26,429.71
13751,2556,10,247.86
13752,2248,56,212.1
13753,4581,6,453.03
13754,6315,72,493.38
13755,2745,95,431.5
13756,2540,30,470.94
13757,955,35,38.92
13758,3625,20,491.45
13759,256,67,131.98
13760,6369,66,168.93
13761,4345,59,38.08
13762,5596,69,57.74
13763,3959,2,462.66
13764,3390,90,114.16
13765,412,60,90.25
13766,9377,56,41.11
13767,7802,84,294.71
13768,5762,60,403.06
13769,8891,91,466.14
13770,7325,8,349.06
13771,9169,62,348.68
13772,3589,77,490.59
13773,3451,28,174.46
13774,3924,16,369.44
13775,1679,7,314.03
13776,7683,38,69.09
13777,9492,77,185.57
13778,5234,94,191.47
13779,5066,54,483.45
13780,7505,83,13.68
13781,438,35,305.98
13782,2082,31,422.1
13783,8013,86,419.31
13784,8884,11,241.18
13785,6000,99,33.25
13786,7041,39,454.43
13787,9263,32,432.76
13788,5188,9,186.64
13789,1466,29,243.3
13790,7968,1,16.15
13791,1086,75,139.4
13792,6634,50,298.95
13793,798,63,44.27
13794,8387,88,232.61
13795,3782,65,26.4
13796,4098,72,63.84
13797,2536,78,390.04
13798,9423,81,36.73
13799,6539,74,89.75
13800,241,64,114.92
13801,3078,35,369.87
13802,4981,89,155.98
13803,1363,46,446.03
13804,3495,8,23.55
13805,6981,98,67.23
13806,9774,80,198.46
13807,7452,9,32.05
13808,9244,54,167.01
13809,5160,37,288.18
13810,9011,56,244.56
13811,5363,54,174.67
13812,1645,87,20.63
13813,1630,80,307.65
13814,6780,33,72.47
13815,6663,18,81.22
13816,3380,6,234.44
13817,1615,95,275.81
13818,5926,14,10.91
13819,7596,75,135.08
13820,7915,100,482.52
13821,8145,4,26.94
13822,9787,56,253.29
13823,923,86,246.61
13824,5017,17,319.86
13825,7120,3,307.02
13826,5747,28,242.54
13827,5836,100,464.28
13828,6727,27,399.48
13829,9747,20,152.77
13830,3209,44,468.89
13831,475,87,113.83
13832,3754,43,211.36
13833,4466,7,412.16
13834,9277,22,306.07
13835,7346,67,115.12
13836,4874,7,188.22
13837,8229,23,53.48
13838,5657,53,154.61
13839,8730,41,329.69
13840,1767,78,256.33
13841,6721,12,251.57
13842,998,97,118.66
13843,9819,70,421.91
13844,6614,75,38.19
13845,9651,28,32.98
13846,1568,34,386.13
13847,2514,64,351.32
13848,6014,87,279.19
13849,6907,55,251.85
13850,2662,15,157.89
13851,7139,84,246.11
13852,2666,19,154.1
13853,8730,65,31.05
13854,5592,62,445.48
13855,84,71,66.91
13856,8287,43,485.12
13857,745,60,371.04
13858,4286,69,231.4
13859,855,15,215.16
13860,8345,28,313.54
13861,1916,78,424.77
13862,6455,100,379.61
13863,8060,50,238.58
13864,3876,53,461.54
13865,5807,14,280.45
13866,5371,34,222.77
13867,9717,92,339.42
13868,8611,45,261.26
13869,1952,82,369.3
13870,2331,71,297.08
13871,946,22,135.82
13872,6594,75,131.33
13873,4560,52,253.92
13874,7453,87,323.44
13875,9335,77,29.54
13876,4033,12,446.33
13877,7832,22,120.97
13878,1973,100,25.6
13879,8561,15,265.2
13880,9417,66,294.22
13881,6463,20,90.56
13882,6696,49,480.82
13883,4367,18,148.45
13884,5428,30,370.07
13885,9631,70,104.72
13886,6815,6,95.11
13887,5716,61,388.17
13888,2045,76,187.86
13889,4773,40,211.11
13890,2897,12,128.18
13891,1752,29,430.91
13892,3092,71,393.3
13893,9751,43,60.41
13894,6544,44,351.85
13895,535,63,309.44
13896,9215,52,407.61
13897,9741,73,306.46
13898,1418,99,66.43
13899,192,22,451.12
13900,7164,81,425.73
13901,4746,71,141.87
13902,1911,90,102.33
13903,8914,57,134.61
13904,8242,22,315.55
13905,6250,28,306.87
13906,6756,16,235.73
13907,9240,64,427.3
13908,2605,6,74.34
13909,5986,93,261.1
13910,1940,68,56.7
13911,4932,74,429.35
13912,9666,51,151.02
13913,4017,96,228.18
13914,1441,74,25.6
13915,353,71,415.02
13916,7232,25,446.44
13917,53,79,351.21
13918,5096,86,283.49
13919,4729,19,255.45
13920,1002,100,341.36
13921,2298,80,456.62
13922,7806,1,444.2
13923,1235,78,138.77
13924,6573,19,104.65
13925,6533,80,12.51
13926,9889,90,335.22
13927,3146,49,16.41
13928,777,78,45.89
13929,5450,17,478.05
13930,4313,51,144.09
13931,2754,76,301.13
13932,3378,8,229.11
13933,5948,59,144.62
13934,825,85,381.99
13935,7149,39,132.22
13936,6091,36,353.1
13937,4550,5,42.04
13938,7011,92,67.73
13939,6358,92,363.6
13940,466,32,19.25
13941,2392,7,317.54
13942,9112,68,59.69
13943,3224,27,242.05
13944,329,31,171.42
13945,6800,36,436.28
13946,1174,51,368.53
13947,7199,84,386.86
13948,7273,49,441.9
13949,7755,89,117.95
13950,1033,86,263.95
13951,7345,71,52.27
13952,8294,93,20.17
13953,3102,10,438.56
13954,9544,9,191.19
13955,2351,4,346.16
13956,2724,22,242.38
13957,3992,45,465.41
13958,1199,18,249.57
13959,9408,92,186.06
13960,5998,57,220.87
13961,2070,63,246.62
13962,7702,58,24.88
13963,6250,90,406.74
13964,3235,95,115.16
13965,2866,11,238.98
13966,5167,23,299.36
13967,4850,57,223.07
13968,4434,47,445.04
13969,1435,35,285.42
13970,4018,39,411.7
13971,356,71,128.04
13972,7264,84,118.21
13973,6156,54,323.67
13974,7860,31,121.7
13975,6839,80,42.99
13976,6565,14,189.54
13977,7438,78,434.97
13978,5845,42,82.46
13979,7140,21,303.73
13980,7584,69,75.06
13981,2125,98,177.09
13982,9503,81,128.58
13983,3885,66,494.18
13984,4842,63,89.46
13985,9256,45,482.58
13986,7428,16,313.31
13987,7367,21,184.19
13988,7372,51,289.72
13989,1562,79,327.51
13990,7315,24,199.29
13991,2175,11,197.54
13992,6172,81,368.2
13993,9010,96,460.95
13994,5834,53,406.27
13995,4323,67,484.29
13996,1778,23,56.24
13997,7235,46,338.14
13998,8618,57,428.14
13999,4536,12,365.45
14000,3902,42,122.4
14001,250,36,76.46
14002,6975,62,277.16
14003,3792,58,358.84
14004,5692,72,226.64
14005,4584,91,409.63
14006,3494,42,328.26
14007,5221,32,117.09
14008,9482,73,109.85
14009,9871,44,54.63
14010,6133,60,130.54
14011,712,32,493.72
14012,6686,59,359.44
14013,2179,10,366.58
14014,4230,90,345.28
14015,7730,35,397.23
14016,7567,52,342.29
14017,1413,67,308.71
14018,7633,72,126.64
14019,6824,35,171.68
14020,6199,18,189.37
14021,5655,99,286.64
14022,4633,69,416.17
14023,8892,40,259.11
14024,1384,83,380.2
14025,9552,81,160.13
14026,3258,87,422.7
14027,6147,93,239.22
14028,3429,68,46.07
14029,6249,26,156.51
14030,8904,10,178.33
14031,4688,78,59.49
14032,7030,77,260.26
14033,5185,49,389.76
14034,2920,53,240.81
14035,9514,10,14.93
14036,677,76,440.36
14037,5215,70,202.68
14038,4509,5,156.65
14039,2858,9,386.36
14040,9540,31,30.62
14041,8830,16,162.85
14042,6241,67,476.84
14043,2367,6,165.09
14044,9662,33,489.22
14045,9209,51,70.28
14046,4249,48,141.41
14047,6896,24,427.39
14048,3698,1,490.84
14049,3604,86,366.48
14050,286,98,140.02
14051,8432,52,373.05
14052,9326,43,112.97
14053,6869,62,151.05
14054,3870,85,184.14
14055,7706,23,269.48
14056,8961,69,134.68
14057,5297,56,61.61
14058,5381,26,427.16
14059,1556,44,220.78
14060,3116,6,399.07
14061,3517,37,10.87
14062,7946,88,415.99
14063,60,47,72.96
14064,3109,79,393.14
14065,6487,49,129.98
14066,2620,36,408.83
14067,2768,51,493.97
14068,4458,88,98.1
14069,8763,25,467.83
14070,1646,7,207.18
14071,2042,23,392.98
14072,392,39,137.67
14073,6024,27,472.9
14074,7239,67,437.46
14075,37,38,329.14
14076,7376,5,68.81
14077,8186,77,217.27
14078,5194,18,389.41
14079,4927,23,210.17
14080,8043,38,143.54
14081,7518,41,323.0
14082,4120,61,277.3
14083,9152,36,440.3
14084,9553,38,487.5
14085,2026,4,257.37
14086,8690,3,208.48
14087,9279,37,194.62
14088,4383,15,290.4
14089,2443,10,429.14
14090,5550,5,84.5
14091,1955,30,482.2
14092,6795,82,30.11
14093,5722,39,433.67
14094,3221,13,266.38
14095,5941,44,424.99
14096,3682,100,102.49
14097,7235,13,116.13
14098,8377,17,98.71
14099,1932,44,443.21
14100,3275,30,59.0
14101,821,74,273.07
14102,4220,57,55.24
14103,6600,63,24.23
14104,1625,80,165.03
14105,8592,79,337.97
14106,6916,29,345.51
14107,4021,35,479.59
14108,9478,28,322.79
14109,6674,72,424.8
14110,9129,71,133.09
14111,8560,49,183.01
14112,4939,47,127.25
14113,8014,61,42.25
14114,512,34,87.17
14115,3436,59,445.54
14116,9086,46,473.44
14117,1894,81,328.15
14118,5581,76,215.61
14119,9557,69,49.73
14120,8985,40,203.76
14121,2619,4,195.64
14122,8587,7,186.1
14123,1657,31,477.0
14124,9746,95,354.76
14125,3860,25,325.02
14126,664,99,95.99
14127,6922,83,463.19
14128,3495,53,123.32
14129,4819,72,284.07
14130,9811,82,421.72
14131,5326,25,159.35
14132,9997,98,246.46
14133,8073,96,357.16
14134,390,62,484.79
14135,7775,96,51.03
14136,1831,43,158.36
14137,1215,21,445.41
14138,1344,70,346.47
14139,1028,31,383.44
14140,2184,79,498.95
14141,6199,14,330.93
14142,4486,37,396.71
14143,7571,27,361.32
14144,9569,97,339.65
14145,8098,46,386.46
14146,5827,1,17.1
14147,1186,19,89.24
14148,4185,45,353.88
14149,8691,36,13.14
14150,1485,49,173.88
14151,6816,2,381.7
14152,8022,79,443.03
14153,8492,84,118.96
14154,7482,74,363.51
14155,9392,87,154.7
14156,9777,63,213.11
14157,6525,18,242.77
14158,7424,31,481.8
14159,741,88,300.16
14160,8952,66,304.38
14161,2152,67,50.44
14162,3669,94,277.3
14163,1200,8,381.03
14164,9614,75,471.77
14165,266,4,150.99
14166,7644,79,484.09
14167,254,91,144.25
14168,1390,66,449.27
14169,6222,8,74.27
14170,7862,49,382.31
14171,7721,32,372.54
14172,1570,32,212.14
14173,9926,34,111.4
14174,1978,78,208.42
14175,2241,70,372.01
14176,8795,32,161.03
14177,2699,79,217.14
14178,1772,52,388.52
14179,3905,38,113.32
14180,319,77,488.25
14181,4714,69,57.04
14182,2953,15,372.69
14183,3009,81,57.42
14184,8648,5,20.17
14185,2418,67,139.02
14186,5845,80,159.04
14187,8234,38,331.24
14188,5510,12,328.65
14189,6277,31,161.84
14190,7232,15,246.11
14191,7744,39,499.09
14192,9485,32,186.79
14193,1657,97,480.81
14194,2034,30,144.3
14195,4478,53,355.35
14196,5630,56,130.08
14197,2219,42,127.92
14198,1569,52,352.04
14199,5393,71,61.81
14200,1920,27,264.71
14201,3317,39,200.69
14202,9201,100,93.41
14203,1040,86,122.8
14204,4227,54,316.05
14205,6474,36,271.19
14206,8041,80,427.76
14207,960,11,66.23
14208,4793,63,183.48
14209,6705,64,167.06
14210,5881,21,364.38
14211,6781,2,348.44
14212,3905,54,88.49
14213,8733,46,116.51
14214,3551,88,111.8
14215,571,20,205.73
14216,14,18,363.13
14217,1061,87,348.05
14218,8629,100,275.28
14219,7243,47,180.45
14220,2092,43,193.06
14221,1160,31,219.64
14222,2829,50,191.7
14223,5152,54,403.04
14224,3040,37,258.98
14225,6486,53,200.92
14226,5335,85,396.27
14227,7050,31,342.7
14228,7184,76,320.41
14229,670,80,281.77
14230,3778,27,352.09
14231,6577,27,440.62
14232,7049,97,207.75
14233,4088,69,379.43
14234,9881,38,388.86
14235,3020,88,270.61
14236,9567,13,377.59
14237,5185,68,30.36
14238,2869,82,142.63
14239,5030,35,29.46
14240,8211,3,248.61
14241,6454,23,245.33
14242,7967,52,400.29
14243,1795,100,195.38
14244,5121,45,183.67
14245,4746,81,10.71
14246,7586,91,241.68
14247,2316,4,177.0
14248,5745,57,218.22
14249,5804,16,349.25
14250,3710,53,109.54
14251,7657,44,202.8
14252,5600,51,222.43
14253,5551,58,131.26
14254,4005,79,190.45
14255,6375,73,483.27
14256,5485,67,344.26
14257,544,70,432.92
14258,5494,96,92.91
14259,3121,28,119.81
14260,5134,31,53.38
14261,1497,34,499.35
14262,5465,49,225.72
14263,4734,63,385.39
14264,9015,98,153.52
14265,9499,37,261.07
14266,9814,12,489.5
14267,8178,84,140.79
14268,6045,26,83.01
14269,8436,10,348.06
14270,6941,14,135.67
14271,4667,4,107.84
14272,6354,1,480.04
14273,8183,76,350.65
14274,9402,51,156.57
14275,6598,86,214.82
14276,4483,94,137.29
14277,5692,41,117.89
14278,4501,24,212.05
14279,1020,82,439.94
14280,335,32,452.51
14281,1077,14,22.27
14282,5842,95,444.4
14283,3163,58,104.98
14284,7421,75,426.28
14285,6482,96,391.12
14286,8705,16,21.35
14287,3293,74,86.58
14288,1062,41,213.76
14289,475,62,369.99
14290,3754,17,38.84
14291,8827,24,32.51
14292,6735,21,33.42
14293,8388,19,210.66
14294,7421,53,84.74
14295,4991,84,145.76
14296,8652,34,262.58
14297,6760,9,379.47
14298,7079,16,22.65
14299,9330,51,414.15
14300,6672,20,48.91
14301,3509,99,54.37
14302,9270,98,177.32
14303,1957,7,403.19
14304,4402,92,294.15
14305,7364,58,351.84
14306,6943,18,396.5
14307,8249,99,241.03
14308,6100,58,430.58
14309,6319,67,379.33
14310,5601,50,173.21
14311,2302,21,492.59
14312,7495,87,453.7
14313,4915,65,214.12
14314,7947,80,261.57
14315,5917,89,133.27
14316,4057,11,306.39
14317,4147,75,91.55
14318,3118,72,15.31
14319,9063,74,287.82
14320,1226,69,318.76
14321,2830,3,204.13
14322,5144,63,438.66
14323,4332,24,40.16
14324,1380,53,498.72
14325,1139,13,122.73
14326,4974,90,102.05
14327,4903,56,107.32
14328,9013,34,135.43
14329,8780,56,49.15
14330,9356,41,159.69
14331,5761,81,285.38
14332,3159,84,118.04
14333,349,71,130.09
14334,5389,80,89.6
14335,2705,14,311.74
14336,4158,26,446.94
14337,3375,1,409.63
14338,1175,6,256.54
14339,5833,13,203.56
14340,5765,10,429.94
14341,5947,6,116.45
14342,5596,10,403.43
14343,753,57,268.48
14344,6811,83,407.23
14345,7526,57,266.99
14346,1319,47,222.16
14347,9091,90,46.84
14348,3590,10,451.18
14349,1085,97,58.88
14350,4564,30,357.83
14351,4290,21,271.28
14352,444,87,294.35
14353,9082,7,499.75
14354,9657,79,423.54
14355,5936,29,395.03
14356,7665,92,152.23
14357,1243,58,19.99
14358,8175,73,486.02
14359,939,15,445.01
14360,3577,94,244.6
14361,7415,47,441.53
14362,8247,59,319.1
14363,4365,90,332.46
14364,9854,39,314.9
14365,259,95,120.42
14366,6821,12,446.18
14367,672,65,393.72
14368,3863,73,406.98
14369,7678,52,246.21
14370,3780,25,160.15
14371,9304,75,260.54
14372,6124,81,366.36
14373,7371,38,123.64
14374,239,78,124.43
14375,8030,70,101.75
14376,6195,43,416.95
14377,5908,77,390.43
14378,2979,89,267.94
14379,1282,57,362.24
14380,5360,2,170.25
14381,7478,64,423.53
14382,6447,19,68.22
14383,649,4,435.27
14384,5796,9,262.8
14385,3206,97,192.21
14386,8384,26,47.98
14387,3575,37,130.79
14388,4917,25,390.53
14389,1818,81,113.69
14390,1535,19,110.89
14391,5623,67,210.02
14392,6072,97,189.87
14393,9063,34,107.51
14394,5327,33,28.27
14395,7702,38,65.2
14396,6086,13,497.64
14397,8891,14,255.3
14398,4963,42,496.61
14399,3478,99,333.33
14400,1759,19,114.31
14401,9394,51,123.23
14402,1472,26,362.77
14403,4333,22,116.99
14404,8936,26,341.49
14405,1861,85,345.02
14406,7962,63,298.27
14407,1135,92,488.59
14408,5488,67,44.0
14409,9678,88,352.57
14410,5529,76,320.04
14411,7262,89,212.47
14412,9004,94,101.06
14413,1457,26,45.03
14414,5174,32,372.95
14415,1688,89,224.82
14416,701,85,51.25
14417,2815,59,292.22
14418,6938,44,480.42
14419,627,20,368.8
14420,8271,55,335.73
14421,7678,33,400.95
14422,3754,90,23.47
14423,8466,87,474.49
14424,6310,73,135.24
14425,6711,24,436.64
14426,2191,15,12.54
14427,5376,41,418.31
14428,7424,59,224.35
14429,6482,75,433.05
14430,8253,3,388.69
14431,6598,50,488.25
14432,2865,19,74.32
14433,1389,42,50.56
14434,6291,17,348.88
14435,8942,54,403.34
14436,730,80,380.17
14437,96,39,246.17
14438,6331,26,297.09
14439,5986,43,365.86
14440,7527,94,259.49
14441,1328,28,284.77
14442,6518,70,208.27
14443,2071,35,93.12
14444,7228,55,307.52
14445,5677,23,291.22
14446,4140,5,161.5
14447,2648,36,52.61
14448,409,86,201.7
14449,1353,90,410.73
14450,4686,16,302.13
14451,4734,83,19.95
14452,7688,71,379.81
14453,2340,7,318.18
14454,970,9,229.29
14455,3016,88,12.76
14456,3349,84,154.32
14457,1665,56,433.77
14458,1936,31,52.44
14459,3659,92,224.47
14460,7804,71,202.37
14461,3883,40,289.45
14462,3745,56,498.65
14463,6466,92,494.28
14464,4314,64,260.11
14465,5598,35,108.92
14466,7455,70,131.75
14467,967,21,115.78
14468,8400,12,498.08
14469,5770,19,182.33
14470,4159,92,46.97
14471,8399,21,207.28
14472,4657,58,327.34
14473,5579,9,490.24
14474,6014,81,135.69
14475,2664,22,184.06
14476,2145,15,85.73
14477,9315,30,134.73
14478,1551,76,251.75
14479,4285,17,44.95
14480,3304,40,183.71
14481,8914,55,408.82
14482,6277,22,376.31
14483,5812,22,267.8
14484,2691,21,102.21
14485,669,13,414.3
14486,2777,14,342.17
14487,4367,53,88.6
14488,4638,80,287.92
14489,5134,86,319.34
14490,2376,49,298.11
14491,1159,8,383.95
14492,7024,80,107.66
14493,1957,91,145.0
14494,8706,2,194.09
14495,3328,47,303.38
14496,1402,28,86.45
14497,5621,18,442.61
14498,6818,10,440.59
14499,8530,97,427.88
14500,5423,78,111.88
14501,2748,34,272.14
14502,9060,77,252.01
14503,8119,48,95.11
14504,2859,55,175.72
14505,8130,84,324.09
14506,53,34,301.49
14507,3622,47,422.45
14508,6584,89,455.41
14509,2803,71,309.14
14510,2006,4,440.32
14511,482,93,399.55
14512,4612,56,160.5
14513,6369,70,150.44
14514,8586,72,133.04
14515,4803,30,387.31
14516,6893,81,209.94
14517,3984,33,202.15
14518,993,88,56.66
14519,7633,22,456.01
14520,9209,35,494.75
14521,190,41,383.34
14522,948,81,218.47
14523,8869,19,21.6
14524,6802,38,419.65
14525,5076,20,10.21
14526,336,75,282.48
14527,3271,31,290.35
14528,310,85,483.57
14529,338,23,352.14
14530,654,66,352.71
14531,1451,16,217.03
14532,7470,38,236.07
14533,2171,32,362.98
14534,2675,18,409.61
14535,9295,21,126.98
14536,8609,16,198.05
14537,690,96,402.34
14538,370,56,71.97
14539,5124,68,213.96
14540,2594,37,407.88
14541,8442,96,388.62
14542,2946,84,417.98
14543,2087,69,314.06
14544,1646,92,441.17
14545,8148,10,310.61
14546,9423,71,257.73
14547,5492,76,403.22
14548,8552,41,304.91
14549,7601,24,351.52
14550,9591,54,92.57
14551,5449,56,334.32
14552,9631,72,315.83
14553,1575,28,376.39
14554,6582,58,497.16
14555,4302,47,101.65
14556,2642,75,13.89
14557,71,49,80.61
14558,3432,29,349.89
14559,8714,95,409.03
14560,1302,55,253.71
14561,2468,42,178.86
14562,9342,18,14.01
14563,8036,18,444.12
14564,87,4,425.42
14565,6912,24,187.89
14566,1422,48,271.11
14567,999,53,417.48
14568,5175,64,162.03
14569,685,90,242.2
14570,2713,33,101.04
14571,9304,10,169.2
14572,509,4,481.16
14573,7620,78,165.11
14574,286,10,219.17
14575,2154,5,187.94
14576,8810,76,318.58
14577,3973,89,258.06
14578,9302,4,39.7
14579,4374,8,200.88
14580,2437,83,316.28
14581,2519,75,454.96
14582,3920,25,417.66
14583,6276,7,320.45
14584,147,62,288.13
14585,1256,21,102.29
14586,982,65,28.72
14587,1295,75,205.46
14588,3852,54,124.07
14589,185,94,218.91
14590,9454,91,472.21
14591,9501,97,474.45
14592,454,29,499.03
14593,9677,73,125.92
14594,1344,49,67.43
14595,4164,64,173.58
14596,918,33,302.81
14597,6660,47,427.56
14598,2460,80,348.36
14599,2141,57,359.99
14600,2400,37,377.57
14601,3308,19,378.88
14602,4600,54,63.85
14603,9583,19,89.7
14604,4264,40,171.8
14605,9428,77,288.05
14606,3515,1,453.68
14607,3176,95,156.05
14608,6456,1,74.13
14609,1099,33,243.06
14610,502,52,92.15
14611,5963,57,191.0
14612,3056,93,47.07
14613,749,70,218.1
14614,3770,93,107.28
14615,350,5,360.73
14616,2208,16,137.3
14617,7756,82,462.61
14618,9498,29,238.07
14619,4554,77,245.92
14620,3915,42,413.61
14621,5579,69,418.02
14622,991,40,334.69
14623,3725,44,111.41
14624,48,49,148.09
14625,8553,52,251.24
14626,397,23,479.91
14627,5694,6,480.89
14628,6955,79,14.16
14629,1505,84,376.53
14630,2015,77,57.86
14631,2590,85,265.09
14632,5247,86,21.13
14633,995,1,432.14
14634,433,2,162.8
14635,1694,55,439.43
14636,9698,95,71.69
14637,1994,24,114.85
14638,6756,73,262.41
14639,5223,78,15.71
14640,4755,72,42.17
14641,2822,26,340.11
14642,7568,86,150.44
14643,5464,80,483.31
14644,8080,44,64.05
14645,9897,7,273.52
14646,5238,76,160.16
14647,1958,93,170.5
14648,5805,12,406.74
14649,372,3,97.14
14650,7854,85,389.93
14651,236,89,334.78
14652,9064,60,452.82
14653,1412,63,101.02
14654,6186,28,130.0
14655,8039,24,227.43
14656,4904,42,436.84
14657,7204,76,100.19
14658,4671,3,197.75
14659,3685,23,339.8
14660,1453,24,249.58
14661,59,28,459.06
14662,5253,49,59.24
14663,8646,52,79.22
14664,125,31,434.07
14665,7733,66,51.33
14666,2131,57,22.4
14667,309,12,345.61
14668,9100,53,293.8
14669,5893,46,44.93
14670,8101,83,298.83
14671,670,53,127.15
14672,3750,90,179.92
14673,4034,61,143.76
14674,7827,87,169.43
14675,1060,7,330.83
14676,7276,57,491.07
14677,1199,26,378.3
14678,724,56,184.12
14679,3042,78,248.73
14680,3216,40,62.28
14681,3281,84,268.25
14682,286,36,38.36
14683,9915,10,39.36
14684,9151,47,82.55
14685,5947,23,50.23
14686,1329,84,189.42
14687,7379,49,48.58
14688,4487,44,423.47
14689,2604,31,347.58
14690,9414,81,233.47
14691,3969,21,217.4
14692,3413,44,450.78
14693,1292,70,84.92
14694,5185,17,157.45
14695,7557,45,95.63
14696,5519,6,357.63
14697,1036,25,465.05
14698,8029,93,293.68
14699,9363,69,415.38
14700,5302,93,101.41
14701,296,59,372.28
14702,1448,70,256.67
14703,5323,36,459.92
14704,4795,92,374.86
14705,7142,97,245.77
14706,5450,45,100.27
14707,8373,2,240.95
14708,2546,50,163.54
14709,6273,28,497.6
14710,563,22,70.11
14711,2266,81,20.02
14712,3325,65,281.33
14713,9604,11,20.02
14714,5651,66,355.04
14715,6563,64,13.63
14716,6281,26,109.4
14717,3637,24,140.15
14718,9366,87,373.33
14719,7277,74,443.02
14720,6472,91,472.09
14721,3588,58,452.33
14722,3634,54,199.65
14723,6325,13,151.68
14724,9008,67,99.87
14725,3641,83,164.77
14726,4981,60,101.91
14727,3770,36,151.69
14728,4279,95,38.0
14729,4627,41,449.79
14730,2318,45,20.16
14731,8575,48,76.52
14732,5316,80,220.4
14733,1152,14,302.52
14734,9362,99,494.17
14735,6686,96,33.45
14736,2566,14,27.45
14737,7380,66,455.96
14738,6924,47,132.46
14739,8640,51,26.8
14740,6239,98,204.45
14741,6325,46,190.43
14742,7755,89,430.91
14743,4601,89,397.74
14744,7279,96,102.45
14745,5203,36,88.53
14746,6143,87,240.22
14747,2764,43,280.71
14748,3951,84,365.24
14749,5350,99,165.28
14750,9014,76,227.39
14751,9385,14,408.86
14752,5401,11,450.49
14753,9171,96,450.29
14754,2391,27,74.95
14755,8997,58,53.55
14756,8316,59,219.24
14757,6276,7,441.9
14758,7396,95,384.17
14759,4603,23,409.14
14760,9020,64,172.89
14761,2215,83,486.14
14762,9049,60,205.25
14763,3869,22,396.16
14764,5710,100,255.34
14765,4913,97,479.09
14766,8737,69,36.54
14767,9820,83,319.93
14768,3930,88,398.3
14769,182,39,269.1
14770,8562,30,442.25
14771,6655,62,449.28
14772,6014,38,73.77
14773,6122,97,408.92
14774,8024,66,235.35
14775,3052,62,336.57
14776,978,57,308.04
14777,6241,39,327.4
14778,8955,80,330.25
14779,5855,35,149.65
14780,9320,63,474.68
14781,8059,100,110.26
14782,7445,54,345.69
14783,460,92,334.57
14784,5100,73,187.69
14785,358,32,168.17
14786,7660,8,167.74
14787,2446,31,429.77
14788,5943,65,147.64
14789,9806,22,106.39
14790,5269,60,115.07
14791,5929,27,141.47
14792,2680,87,320.35
14793,474,61,151.81
14794,5416,35,69.32
14795,8610,12,203.39
14796,1853,58,375.03
14797,2142,14,305.29
14798,8460,72,175.64
14799,655,68,268.36
14800,4211,19,145.22
14801,6608,32,265.95
14802,5302,59,43.32
14803,1902,95,196.85
14804,1347,53,401.41
14805,9669,52,366.06
14806,8383,43,485.23
14807,2831,83,164.66
14808,4773,8,187.51
14809,1770,71,366.33
14810,4420,29,161.22
14811,3357,29,46.88
14812,1936,97,289.22
14813,553,58,169.22
14814,7773,76,472.12
14815,9453,92,94.09
14816,6865,97,275.05
14817,9249,48,436.06
14818,1318,72,473.15
14819,3960,92,422.87
14820,284,5,64.94
14821,4448,47,182.14
14822,6436,16,194.41
14823,8566,65,405.65
14824,9437,88,314.38
14825,4776,9,57.63
14826,5700,19,436.25
14827,2769,89,393.71
14828,4540,3,88.88
14829,7310,35,401.37
14830,5963,19,451.41
14831,6007,80,12.54
14832,1167,7,23.6
14833,1121,70,88.28
14834,9826,100,461.91
14835,3547,12,493.7
14836,1095,38,122.3
14837,7150,35,293.44
14838,9361,67,85.66
14839,5121,91,21.85
14840,2391,1,328.69
14841,3861,29,122.69
14842,9098,25,413.39
14843,8586,85,22.36
14844,2891,78,400.9
14845,7015,70,84.94
14846,2954,43,39.04
14847,3779,96,257.64
14848,8765,77,294.45
14849,9984,40,180.92
14850,9555,13,135.21
14851,1747,38,18.84
14852,6154,8,142.25
14853,3613,45,233.0
14854,3513,7,22.91
14855,8583,54,185.63
14856,5746,90,414.7
14857,8743,80,202.82
14858,1006,75,25.58
14859,6765,17,470.76
14860,7065,86,299.89
14861,1501,42,16.12
14862,763,13,182.37
14863,4153,29,41.76
14864,3806,88,234.75
14865,9344,64,193.42
14866,1583,66,229.45
14867,3846,1,106.79
14868,8735,52,347.49
14869,4613,54,221.81
14870,6030,52,112.22
14871,4414,45,282.03
14872,9349,100,378.68
14873,5665,51,319.07
14874,8476,48,371.29
14875,3130,49,259.09
14876,3974,12,226.42
14877,7898,72,248.16
14878,2475,13,264.01
14879,4868,100,117.43
14880,1032,91,52.11
14881,4609,23,352.35
14882,9137,55,470.52
14883,802,62,354.38
14884,1402,100,456.95
14885,2323,88,61.21
14886,957,59,118.38
14887,3514,59,395.27
14888,5742,82,157.97
14889,3165,71,303.03
14890,178,94,404.21
14891,7370,56,439.12
14892,4390,28,33.33
14893,2577,78,438.7
14894,6696,83,406.32
14895,3182,3,493.38
14896,6542,51,226.17
14897,1988,75,476.09
14898,6169,42,169.29
14899,2878,4,101.87
14900,6554,96,288.8
14901,5038,35,214.49
14902,9811,52,493.8
14903,3863,58,92.87
14904,9621,11,22.31
14905,1093,26,244.81
14906,4011,2,140.64
14907,9466,52,235.64
14908,5665,21,46.89
14909,4320,66,56.32
14910,6748,1,393.38
14911,2766,6,190.86
14912,4314,40,65.55
14913,863,14,467.37
14914,3451,88,92.54
14915,7091,65,271.56
14916,9839,23,469.71
14917,4268,64,10.65
14918,5451,98,125.51
14919,106,45,264.14
14920,4987,10,310.56
14921,903,4,54.36
14922,2318,43,199.71
14923,5956,17,353.7
14924,2587,34,473.51
14925,725,78,483.7
14926,6204,40,258.4
14927,3285,24,166.85
14928,3272,56,378.68
14929,8082,53,196.59
14930,9973,75,255.91
14931,8417,90,390.09
14932,5657,45,117.93
14933,9107,72,294.49
14934,7063,28,90.41
14935,5387,53,318.11
14936,6324,11,459.46
14937,9263,97,59.52
14938,7470,49,301.21
14939,1319,29,60.38
14940,9482,63,178.44
14941,5951,21,201.15
14942,7504,90,164.6
14943,6488,83,252.2
14944,3667,88,278.13
14945,1664,20,273.65
14946,8060,25,312.68
14947,9091,42,290.36
14948,4049,17,263.76
14949,4942,80,291.26
14950,3377,75,327.21
14951,4070,91,478.1
14952,6916,51,309.26
14953,3004,13,382.33
14954,791,35,129.11
14955,8324,66,106.36
14956,1524,13,416.92
14957,9958,78,357.21
14958,4853,94,168.39
14959,8865,13,468.28
14960,6520,28,109.97
14961,6396,72,244.02
14962,6925,94,172.71
14963,4683,65,308.53
14964,3042,33,307.26
14965,710,35,356.15
14966,5817,87,219.94
14967,987,83,416.34
14968,2098,4,328.21
14969,3555,86,232.85
14970,8133,47,339.03
14971,5558,11,274.94
14972,9437,56,199.74
14973,9071,78,273.05
14974,1669,38,85.65
14975,4765,97,470.55
14976,3397,67,344.82
14977,5127,3,25.77
14978,2297,22,125.82
14979,1781,74,386.58
14980,8367,99,433.11
14981,1472,41,414.98
14982,2180,53,254.22
14983,915,25,51.2
14984,13,5,107.01
14985,9331,41,239.68
14986,254,48,454.92
14987,6831,96,331.43
14988,7596,95,151.3
14989,8996,11,108.09
14990,8960,44,413.95
14991,2355,65,353.81
14992,5200,47,386.45
14993,1215,84,484.96
14994,3520,31,252.75
14995,587,78,265.75
14996,5438,63,259.13
14997,9549,36,70.87
14998,2539,57,40.31
14999,8031,13,390.48
15000,424,90,351.15
15001,3645,34,260.11
15002,1579,45,163.24
15003,1666,80,256.05
15004,4024,6,249.53
15005,7495,89,379.94
15006,2186,10,340.91
15007,1551,41,163.59
15008,9439,11,347.46
15009,5396,52,454.26
15010,7669,29,370.32
15011,6947,3,431.54
15012,8109,1,115.0
15013,5022,85,106.75
15014,3922,8,428.32
15015,1025,9,227.74
15016,6907,92,453.38
15017,7867,69,427.1
15018,8903,21,111.5
15019,5151,26,140.4
15020,6005,51,285.87
15021,7042,99,278.44
15022,606,93,483.53
15023,1401,42,317.84
15024,4471,65,138.62
15025,9675,65,360.46
15026,5793,72,30.51
15027,3462,95,60.54
15028,1814,90,67.86
15029,6066,46,388.15
15030,2117,49,460.4
15031,7063,100,443.82
15032,5785,8,209.42
15033,3588,63,298.7
15034,8123,76,26.98
15035,3193,47,268.61
15036,1554,40,68.36
15037,8398,68,168.15
15038,8056,54,403.71
15039,2179,69,416.86
15040,733,81,154.88
15041,3603,2,470.26
15042,4484,20,390.72
15043,7297,31,371.25
15044,3030,59,457.71
15045,1427,86,244.31
15046,6272,6,284.73
15047,6592,57,489.07
15048,6602,94,454.41
15049,7224,34,219.59
15050,3048,82,318.53
15051,470,44,450.69
15052,9444,98,441.1
15053,4460,4,83.0
15054,4914,33,306.16
15055,1835,31,307.85
15056,5799,36,55.0
15057,25,91,467.14
15058,5217,28,328.38
15059,164,58,282.82
15060,6167,50,177.71
15061,2370,95,178.67
15062,845,34,408.47
15063,9114,16,310.35
15064,9899,10,215.25
15065,9952,94,467.9
15066,7284,95,190.73
15067,972,43,102.57
15068,4304,17,364.9
15069,3721,29,490.73
15070,3377,99,350.05
15071,5803,29,27.95
15072,1873,87,290.5
15073,4278,17,374.26
15074,6269,62,183.83
15075,5950,81,45.58
15076,1529,55,159.54
15077,5473,64,225.42
15078,3538,28,226.5
15079,8243,97,408.37
15080,633,63,357.86
15081,9009,100,369.35
15082,424,77,485.57
15083,4498,84,464.28
15084,4057,71,393.57
15085,1009,14,32.62
15086,9599,11,434.75
15087,5206,99,247.37
15088,2879,80,210.01
15089,8527,95,38.58
15090,1125,62,337.34
15091,7022,80,259.86
15092,6619,72,184.37
15093,5243,53,142.0
15094,2656,65,442.69
15095,1333,17,422.63
15096,3066,85,88.79
15097,6005,100,358.08
15098,7812,64,240.79
15099,6083,91,186.3
15100,8193,89,447.29
15101,1948,70,11.04
15102,5188,22,168.96
15103,8176,63,320.04
15104,4555,96,350.91
15105,1689,23,476.63
15106,6037,94,420.45
15107,7432,15,260.67
15108,7251,11,84.77
15109,4051,40,163.52
15110,1160,52,494.83
15111,4416,69,169.61
15112,9705,86,301.77
15113,2354,98,407.65
15114,7375,95,209.17
15115,150,46,210.27
15116,6029,9,151.8
15117,4174,98,367.67
15118,9189,29,184.7
15119,2616,74,240.55
15120,1777,20,391.06
15121,5202,5,195.59
15122,8069,68,131.65
15123,9122,99,240.24
15124,3865,13,176.04
15125,1057,84,258.78
15126,7783,67,39.57
15127,1496,52,192.38
15128,8409,58,368.48
15129,4815,53,377.51
15130,597,1,207.78
15131,3445,41,256.62
15132,9103,48,341.88
15133,1271,39,40.77
15134,6947,19,479.77
15135,9778,91,414.74
15136,610,84,124.94
15137,3811,73,414.16
15138,8384,71,385.18
15139,4486,91,21.51
15140,3302,53,116.35
15141,8617,47,100.22
15142,2391,47,464.46
15143,2542,30,132.25
15144,3065,100,236.09
15145,3605,35,108.72
15146,3481,41,415.23
15147,4998,92,143.77
15148,9334,43,135.71
15149,9394,40,46.7
15150,2306,54,453.33
15151,8038,23,153.01
15152,3884,6,305.31
15153,7795,32,85.51
15154,9683,59,223.35
15155,1995,31,166.22
15156,1809,71,246.68
15157,9551,69,278.52
15158,8515,71,337.01
15159,7428,56,339.27
15160,898,27,461.09
15161,3039,30,58.59
15162,2722,74,201.11
15163,7666,11,252.17
15164,8286,51,29.59
15165,1549,16,236.56
15166,6730,83,298.73
15167,9491,72,135.54
15168,7794,89,453.43
15169,4274,33,23.85
15170,6686,23,58.76
15171,675,31,429.66
15172,1135,53,308.38
15173,2463,91,192.21
15174,8140,85,156.52
15175,1064,70,135.92
15176,4776,72,106.04
15177,5778,10,470.12
15178,551,88,188.77
15179,1510,96,174.93
15180,4852,5,227.32
15181,1093,69,87.67
15182,3057,14,273.42
15183,9123,8,256.75
15184,6129,60,154.21
15185,9541,96,397.02
15186,3202,20,440.58
15187,3721,49,405.91
15188,3947,86,316.96
15189,1169,57,66.39
15190,6016,69,15.84
15191,9540,1,367.56
15192,8731,33,202.82
15193,4414,48,106.37
15194,9785,100,346.29
15195,8395,54,114.69
15196,2694,77,146.15
15197,1770,23,207.82
15198,8978,76,347.36
15199,923,99,263.43
15200,9460,18,74.51
15201,5520,19,304.83
15202,2447,23,418.17
15203,5267,13,47.23
15204,6819,19,275.28
15205,4656,16,122.05
15206,1123,99,18.24
15207,1804,57,293.8
15208,7190,95,89.96
15209,1240,43,150.82
15210,6211,71,24.34
15211,5975,26,258.92
15212,8311,32,442.17
15213,9493,62,44.35
15214,4689,17,258.83
15215,6072,51,287.47
15216,4199,53,183.74
15217,1773,88,190.85
15218,6336,42,252.27
15219,2765,98,392.89
15220,9973,24,395.79
15221,5780,19,470.14
15222,3738,40,481.83
15223,9479,26,262.3
15224,5630,80,90.13
15225,2569,37,348.37
15226,5654,32,110.73
15227,3980,78,401.67
15228,3044,53,52.22
15229,3862,5,284.03
15230,4337,62,26.21
15231,7331,85,85.57
15232,1119,72,44.01
15233,4279,25,325.5
15234,3732,18,137.56
15235,3212,20,376.1
15236,874,99,66.1
15237,5465,34,44.8
15238,8465,35,192.03
15239,7007,27,154.92
15240,1201,49,282.21
15241,408,18,325.44
15242,8754,88,491.72
15243,9780,66,261.21
15244,6544,9,247.93
15245,1547,18,119.41
15246,3987,83,254.47
15247,7848,12,418.13
15248,6421,88,342.21
15249,5167,61,397.13
15250,6750,70,134.55
15251,6191,51,274.77
15252,9253,84,474.22
15253,4187,6,163.88
15254,6953,58,235.52
15255,5316,80,97.67
15256,282,7,414.67
15257,3841,35,187.57
15258,4228,100,179.15
15259,1832,79,152.83
15260,9185,2,164.52
15261,2457,6,107.23
15262,6245,20,168.17
15263,8346,25,341.98
15264,1460,68,373.09
15265,8147,74,269.36
15266,1273,40,40.73
15267,5985,99,341.81
15268,1849,66,99.64
15269,9232,2,322.51
15270,7684,5,256.05
15271,6416,83,14.5
15272,7586,2,410.96
15273,6937,27,79.86
15274,1686,29,409.62
15275,4462,18,179.8
15276,1281,8,158.11
15277,8042,5,459.08
15278,1217,96,20.95
15279,9603,10,50.04
15280,7282,48,184.4
15281,4895,76,365.3
15282,6759,26,127.26
15283,3058,80,142.86
15284,1342,92,316.71
15285,4118,39,416.55
15286,7305,76,53.64
15287,9054,38,361.25
15288,8794,47,373.79
15289,4773,13,229.97
15290,610,82,413.87
15291,7128,3,303.33
15292,3346,95,485.53
15293,6268,81,395.78
15294,168,51,34.92
15295,2895,97,10.17
15296,41,87,226.56
15297,3867,35,208.21
15298,1322,62,231.78
15299,2379,18,168.25
15300,576,23,433.09
15301,7189,1,251.92
15302,3084,96,18.37
15303,22,23,215.49
15304,2943,23,366.01
15305,4416,23,386.18
15306,959,41,287.47
15307,8057,49,224.92
15308,8374,49,233.18
15309,2421,73,372.31
15310,2380,14,185.95
15311,8782,94,356.14
15312,5944,19,105.64
15313,5231,42,432.9
15314,8499,29,43.86
15315,83,76,152.01
15316,7854,11,288.62
15317,7607,16,486.99
15318,2734,41,464.76
15319,4148,41,29.29
15320,4662,80,86.17
15321,6885,89,336.57
15322,5731,29,371.75
15323,8178,97,162.66
15324,9730,28,134.57
15325,2954,71,14.08
15326,3045,68,439.63
15327,9237,53,409.45
15328,2010,49,124.39
15329,1087,32,244.66
15330,7510,93,166.7
15331,7743,36,401.18
15332,865,61,284.89
15333,6596,75,473.36
15334,2014,48,381.36
15335,1757,78,136.95
15336,9646,64,418.66
15337,4883,59,147.35
15338,2275,35,439.64
15339,8488,45,282.37
15340,1732,43,336.1
15341,3095,98,397.43
15342,3095,54,286.19
15343,4163,13,357.45
15344,9001,79,376.88
15345,6004,22,300.0
15346,8292,70,202.91
15347,6294,8,392.5
15348,3217,17,11.44
15349,5667,1,187.06
15350,55,55,374.68
15351,5575,70,221.94
15352,4841,59,171.7
15353,1938,55,419.14
15354,2217,84,243.17
15355,7584,87,499.16
15356,9448,60,326.28
15357,2434,5,68.11
15358,6937,32,308.78
15359,8844,100,240.98
15360,6059,94,151.64
15361,3403,80,292.35
15362,7341,66,349.86
15363,5963,38,394.26
15364,3020,55,100.92
15365,6189,76,293.6
15366,2574,45,208.35
15367,1924,60,65.11
15368,32,8,96.64
15369,2745,55,461.62
15370,2767,48,70.83
15371,6110,47,168.35
15372,952,82,201.54
15373,4884,45,96.8
15374,6237,34,214.03
15375,5531,95,283.41
15376,4127,96,457.56
15377,3227,13,335.32
15378,7695,26,57.84
15379,5690,97,35.26
15380,331,86,445.24
15381,2523,10,243.59
15382,8320,34,329.71
15383,4422,31,320.78
15384,9174,95,43.25
15385,7201,6,256.74
15386,3240,32,396.85
15387,6774,70,154.7
15388,4504,50,325.21
15389,245,45,192.13
15390,4886,14,484.76
15391,733,22,214.46
15392,1522,28,141.03
15393,6036,63,322.0
15394,8544,1,443.6
15395,5957,84,298.44
15396,1939,32,91.87
15397,9849,73,343.43
15398,1078,77,251.82
15399,2453,86,347.84
15400,44,83,450.07
15401,5208,55,322.92
15402,5085,95,397.49
15403,7210,18,26.82
15404,9420,24,411.71
15405,7092,89,266.43
15406,3962,77,184.59
15407,4388,63,13.52
15408,3026,41,307.48
15409,6037,82,424.86
15410,4533,12,151.24
15411,8102,41,196.3
15412,2155,33,273.58
15413,7103,75,267.44
15414,9673,17,496.52
15415,2160,63,16.37
15416,7005,20,161.59
15417,1471,85,381.53
15418,8633,58,411.53
15419,7175,31,233.12
15420,3455,58,54.61
15421,8785,62,205.57
15422,7810,90,34.75
15423,154,66,195.04
15424,9874,24,173.88
15425,7205,35,362.22
15426,6601,10,107.59
15427,456,70,473.78
15428,9873,61,398.42
15429,6484,42,304.65
15430,6387,27,472.49
15431,2333,81,389.25
15432,3175,4,99.27
15433,648,58,428.89
15434,7751,72,266.12
15435,4005,56,319.6
15436,2315,10,291.83
15437,5886,59,281.26
15438,9310,74,256.57
15439,6484,70,302.65
15440,8561,29,461.02
15441,7160,25,23.94
15442,9717,97,430.85
15443,905,3,422.41
15444,4138,9,273.38
15445,8065,16,343.95
15446,596,79,167.44
15447,8554,96,298.49
15448,3195,98,225.05
15449,1544,64,99.2
15450,8560,23,499.86
15451,5997,84,268.98
15452,8752,1,126.86
15453,6224,74,492.42
15454,6468,14,285.82
15455,4034,27,295.55
15456,6815,87,209.71
15457,569,23,223.08
15458,7200,12,161.76
15459,1473,82,23.27
15460,259,70,297.09
15461,3190,97,308.26
15462,4391,24,441.54
15463,115,88,222.0
15464,5784,69,385.67
15465,1444,65,109.02
15466,4357,74,199.31
15467,9258,78,156.38
15468,33,89,63.71
15469,8981,81,239.65
15470,6448,25,328.18
15471,1175,6,143.82
15472,5687,55,173.16
15473,5270,23,110.32
15474,6115,51,207.29
15475,335,27,476.29
15476,7582,25,421.14
15477,3313,88,493.13
15478,1796,49,465.89
15479,8400,79,198.14
15480,6938,26,152.22
15481,6331,41,238.34
15482,9501,87,365.43
15483,5252,58,317.93
15484,5475,49,246.04
15485,7409,37,301.99
15486,7478,31,449.81
15487,6159,8,284.64
15488,420,44,57.15
15489,4125,59,178.71
15490,7320,3,56.21
15491,352,48,244.59
15492,7909,22,287.24
15493,2705,27,205.3
15494,7448,85,247.91
15495,9971,4,342.22
15496,5687,63,178.53
15497,6983,98,161.27
15498,7020,34,485.62
15499,8461,98,99.71
15500,462,42,22.5
15501,8788,12,300.99
15502,6420,22,234.28
15503,2265,98,82.3
15504,1278,10,285.37
15505,9128,69,155.83
15506,9464,19,482.08
15507,5535,21,164.53
15508,7335,27,95.34
15509,3563,19,278.53
15510,9349,20,281.44
15511,4900,21,487.44
15512,6612,17,455.21
15513,2939,44,341.77
15514,117,39,370.74
15515,1982,46,220.17
15516,6744,45,440.69
15517,8032,77,92.44
15518,5882,73,220.94
15519,5039,69,454.64
15520,9660,63,132.34
15521,1153,14,355.81
15522,8596,35,308.94
15523,4052,10,287.8
15524,3428,20,76.67
15525,7771,6,65.61
15526,6686,89,180.47
15527,520,17,333.82
15528,3445,42,389.49
15529,4796,74,253.04
15530,6579,70,396.97
15531,3513,18,375.42
15532,2328,66,440.88
15533,6172,37,169.08
15534,7235,17,327.55
15535,2282,76,362.95
15536,6619,1,13.88
15537,9936,81,267.65
15538,3859,72,21.68
15539,7797,18,289.98
15540,4547,3,218.08
15541,7020,17,356.3
15542,5280,89,270.58
15543,6720,30,91.31
15544,244,93,476.03
15545,603,65,482.9
15546,3858,65,77.91
15547,3386,4,182.57
15548,2230,28,326.61
15549,4410,21,168.24
15550,3173,19,124.12
15551,1124,64,336.49
15552,6218,15,117.79
15553,8057,39,114.75
15554,9710,76,152.04
15555,1296,28,485.7
15556,2979,58,478.52
15557,3034,96,186.74
15558,5064,34,30.72
15559,7692,37,128.2
15560,1145,6,279.55
15561,5130,15,38.35
15562,9845,14,119.8
15563,1765,33,483.09
15564,7218,56,305.4
15565,6715,94,478.57
15566,550,30,105.63
15567,9369,71,399.44
15568,1019,45,84.36
15569,1703,25,357.54
15570,1510,14,216.79
15571,7137,67,391.49
15572,840,61,120.27
15573,1913,28,231.37
15574,1738,63,484.61
15575,1672,68,97.42
15576,9821,94,255.58
15577,2598,34,167.02
15578,8989,42,208.63
15579,4332,65,207.61
15580,1092,60,454.03
15581,1552,30,205.54
15582,3562,96,290.63
15583,519,71,344.76
15584,2762,34,119.99
15585,5772,95,128.03
15586,100,91,469.41
15587,6679,88,90.52
15588,9252,15,266.09
15589,4600,72,255.4
15590,4525,64,177.25
15591,7360,61,57.16
15592,4299,1,429.86
15593,3057,95,39.6
15594,7483,77,440.85
15595,5890,98,259.5
15596,9907,13,491.78
15597,8532,78,342.55
15598,9101,87,335.46
15599,9028,82,218.17
15600,7939,61,201.96
15601,5402,16,113.9
15602,271,74,205.33
15603,8928,7,14.14
15604,4084,67,71.64
15605,124,90,10.54
15606,7801,2,259.53
15607,280,50,282.23
15608,2205,64,453.72
15609,2331,44,142.29
15610,9655,54,280.64
15611,8118,31,266.11
15612,3784,19,250.12
15613,4165,29,494.09
15614,5356,14,394.27
15615,7339,78,67.72
15616,4921,28,476.06
15617,1341,54,241.12
15618,1191,25,65.67
15619,476,71,222.09
15620,5322,46,193.41
15621,1297,72,465.33
15622,4221,13,318.14
15623,5904,2,269.67
15624,3844,79,226.42
15625,7355,83,475.58
15626,2718,84,40.31
15627,1484,75,115.87
15628,1310,50,134.6
15629,3606,63,219.79
15630,689,96,329.63
15631,1785,81,131.2
15632,4982,58,223.55
15633,304,98,196.38
15634,103,67,311.81
15635,2943,8,419.38
15636,9393,81,459.79
15637,923,35,396.66
15638,2022,33,181.6
15639,8740,90,414.4
15640,5223,76,247.55
15641,9251,76,235.74
15642,8628,18,232.78
15643,3885,10,418.09
15644,2356,12,298.98
15645,7194,46,214.14
15646,7336,58,491.97
15647,3069,97,497.49
15648,8336,28,495.81
15649,4618,89,80.9
15650,8988,44,387.54
15651,9928,71,172.55
15652,6441,10,428.46
15653,9103,54,257.46
15654,1762,26,384.42
15655,7895,99,366.26
15656,8855,86,408.1
15657,8752,25,88.69
15658,6035,51,342.29
15659,7404,78,176.9
15660,7396,25,81.56
15661,1282,38,237.7
15662,1181,26,381.96
15663,7825,32,151.08
15664,3809,18,255.83
15665,8133,50,117.21
15666,7080,74,272.04
15667,7200,52,476.27
15668,7656,63,433.2
15669,9992,67,80.74
15670,6434,58,409.26
15671,2899,70,464.77
15672,2360,52,135.86
15673,3253,80,494.06
15674,9152,70,498.4
15675,1277,82,117.0
15676,6691,76,268.93
15677,5620,19,491.03
15678,4880,49,171.38
15679,2084,39,212.11
15680,327,54,203.88
15681,7389,56,137.64
15682,2190,21,383.9
15683,4147,48,236.62
15684,3960,67,315.41
15685,9778,94,49.62
15686,1808,21,253.78
15687,3872,79,162.64
15688,5871,75,192.08
15689,2182,31,376.65
15690,239,63,407.58
15691,7036,24,83.79
15692,9848,6,102.0
15693,7996,26,289.0
15694,6217,86,199.59
15695,5226,11,158.13
15696,4819,44,272.67
15697,2821,10,170.27
15698,2938,48,132.52
15699,1130,10,384.25
15700,2133,3,201.23
15701,5760,52,273.51
15702,3333,67,204.23
15703,819,70,377.65
15704,5900,4,150.28
15705,9692,52,325.29
15706,8456,95,62.31
15707,5404,74,356.83
15708,2859,7,400.6
15709,8689,81,409.62
15710,1606,16,89.3
15711,8430,17,250.13
15712,4466,57,13.83
15713,5663,90,394.3
15714,9712,71,303.77
15715,537,82,261.75
15716,1728,16,57.08
15717,2926,27,475.43
15718,8690,84,16.22
15719,513,17,119.76
15720,2969,5,66.66
15721,6433,84,37.01
15722,217,29,406.06
15723,3161,50,208.94
15724,4161,99,90.41
15725,4445,16,408.04
15726,3970,92,97.58
15727,383,47,81.35
15728,1500,82,310.26
15729,6293,34,256.48
15730,482,58,389.59
15731,3388,15,93.88
15732,4188,14,133.58
15733,6184,46,268.41
15734,4014,80,441.54
15735,3881,58,220.37
15736,7683,7,367.57
15737,2218,58,126.15
15738,3441,12,368.9
15739,5359,59,220.16
15740,8790,55,275.84
15741,1393,43,73.71
15742,84,9,398.29
15743,3202,77,373.61
15744,7284,26,144.28
15745,2541,50,327.76
15746,3762,52,38.77
15747,8624,38,29.57
15748,73,78,123.09
15749,4449,36,90.54
15750,8608,33,281.2
15751,1441,14,156.8
15752,2382,29,341.28
15753,944,65,69.47
15754,2655,58,297.39
15755,1589,100,220.98
15756,8726,81,52.29
15757,7923,23,117.79
15758,7354,89,153.43
15759,989,28,485.08
15760,8525,50,462.77
15761,7504,31,371.7
15762,8641,92,323.16
15763,3802,7,194.79
15764,7603,12,164.26
15765,9858,44,442.92
15766,5985,69,78.52
15767,5216,30,483.06
15768,727,88,282.7
15769,1790,27,158.04
15770,2330,51,96.04
15771,1149,16,261.05
15772,3150,73,102.15
15773,4063,38,373.08
15774,2909,33,359.97
15775,8937,23,373.51
15776,5283,67,65.37
15777,7237,70,279.11
15778,398,11,177.54
15779,6850,42,193.41
15780,4630,85,289.52
15781,965,23,228.54
15782,8836,26,168.71
15783,9431,98,363.8
15784,373,85,376.38
15785,8577,18,159.8
15786,1713,75,232.18
15787,2678,74,393.74
15788,6434,35,139.1
15789,5929,74,336.09
15790,3366,83,474.01
15791,7954,49,47.68
15792,3310,81,428.38
15793,2843,95,454.77
15794,3140,69,290.02
15795,9775,83,172.87
15796,546,85,106.1
15797,6204,9,71.3
15798,9740,34,382.31
15799,1636,54,257.65
15800,94,25,322.67
15801,8046,3,441.84
15802,9026,80,105.27
15803,592,35,334.48
15804,1547,25,302.8
15805,1305,63,31.91
15806,928,84,372.69
15807,8180,33,127.7
15808,5905,28,59.9
15809,9162,67,29.58
15810,8331,62,320.45
15811,6886,82,96.65
15812,3719,56,158.96
15813,4238,22,353.45
15814,5320,94,238.93
15815,7301,1,295.31
15816,323,53,31.39
15817,9114,59,231.65
15818,7228,84,135.1
15819,4255,97,27.91
15820,8543,76,358.46
15821,3014,61,49.27
15822,104,68,250.52
15823,4204,20,75.21
15824,4054,57,60.37
15825,4979,70,408.74
15826,2480,46,484.52
15827,813,2,476.8
15828,549,6,279.65
15829,5152,67,186.76
15830,5685,47,156.52
15831,4703,92,377.33
15832,6444,43,23.18
15833,1449,31,57.45
15834,5546,66,148.21
15835,1267,47,334.22
15836,4170,68,219.14
15837,7463,24,24.79
15838,5588,7,227.71
15839,7402,94,210.07
15840,7807,100,114.64
15841,6938,4,386.64
15842,7968,35,304.24
15843,5198,2,125.37
15844,4136,77,114.33
15845,5908,38,489.53
15846,3589,19,259.25
15847,5195,60,397.09
15848,1261,83,491.68
15849,770,86,113.66
15850,7089,90,72.94
15851,8906,72,340.96
15852,3050,6,440.64
15853,3373,93,207.27
15854,4169,95,351.42
15855,8157,24,203.77
15856,6697,28,171.16
15857,496,26,413.33
15858,5575,10,50.56
15859,109,3,135.82
15860,9238,48,159.67
15861,4750,78,289.44
15862,8793,91,304.23
15863,1123,42,48.78
15864,2354,20,211.48
15865,1242,66,448.2
15866,2697,36,271.49
15867,7885,49,30.39
15868,1791,85,238.34
15869,14,68,488.09
15870,6701,29,376.84
15871,789,4,399.07
15872,9395,84,177.15
15873,4522,29,17.86
15874,909,67,201.78
15875,4452,8,332.48
15876,3468,29,49.69
15877,4653,53,111.48
15878,8278,36,23.78
15879,9954,84,294.41
15880,8783,22,431.38
15881,4802,59,189.62
15882,6883,22,320.67
15883,9823,91,101.26
15884,5574,52,343.72
15885,1579,23,222.75
15886,3329,60,170.94
15887,4191,84,65.71
15888,8061,22,263.35
15889,2859,16,96.0
15890,1232,31,422.47
15891,2322,24,363.45
15892,8496,23,195.41
15893,3024,43,393.58
15894,7631,21,223.34
15895,4754,54,174.24
15896,2698,47,335.29
15897,3113,92,19.52
15898,7184,78,389.72
15899,5194,10,71.83
15900,3622,13,453.41
15901,6083,20,121.07
15902,7818,75,307.23
15903,9266,91,395.5
15904,856,85,55.02
15905,9953,29,91.18
15906,691,27,81.6
15907,6906,37,220.51
15908,9138,51,383.47
15909,9405,81,57.31
15910,3173,83,356.45
15911,3769,64,288.59
15912,8064,52,409.1
15913,8068,8,458.87
15914,839,12,316.77
15915,7174,86,398.12
15916,1338,35,338.21
15917,2604,20,452.86
15918,1726,45,213.55
15919,7604,68,330.94
15920,5442,4,55.24
15921,8206,90,47.96
15922,346,81,23.64
15923,7911,65,152.99
15924,6126,57,15.09
15925,2771,76,160.35
15926,777,98,283.55
15927,3013,82,493.53
15928,9246,21,206.29
15929,8441,5,401.69
15930,1600,70,332.83
15931,2692,60,485.48
15932,7125,49,252.21
15933,6017,31,68.7
15934,1890,20,143.45
15935,1286,55,434.86
15936,4858,75,156.24
15937,9852,38,183.41
15938,7279,26,67.69
15939,6842,79,267.63
15940,6368,97,315.13
15941,9862,34,427.69
15942,1071,96,177.16
15943,2289,51,409.47
15944,5238,98,485.82
15945,6766,79,411.23
15946,1757,74,371.83
15947,2854,9,349.06
15948,3020,43,430.19
15949,8235,18,444.74
15950,4603,57,146.97
15951,3775,64,57.82
15952,3775,75,393.42
15953,6945,96,372.04
15954,8759,79,235.35
15955,711,73,40.11
15956,7249,60,306.7
15957,297,84,275.11
15958,7238,21,84.92
15959,6044,49,477.15
15960,1638,48,23.03
15961,5702,52,327.24
15962,2210,23,184.96
15963,8475,25,69.3
15964,9779,46,70.79
15965,8537,53,201.63
15966,1710,27,239.38
15967,7996,14,329.82
15968,3819,12,200.3
15969,9816,39,448.38
15970,5535,88,40.32
15971,2105,30,449.04
15972,5169,82,358.05
15973,5693,98,222.96
15974,7583,68,226.72
15975,4481,21,128.43
15976,2662,87,416.02
15977,5607,9,30.23
15978,3289,80,370.01
15979,9796,50,397.81
15980,3545,76,12.6
15981,8786,29,88.73
15982,7400,7,440.93
15983,3112,66,466.12
15984,9193,93,323.74
15985,333,67,363.37
15986,2170,84,290.31
15987,5009,11,499.08
15988,4145,29,102.62
15989,4002,51,67.88
15990,2937,24,70.74
15991,7353,34,435.35
15992,9693,45,13.72
15993,9971,11,407.44
15994,4835,42,77.29
15995,8180,91,479.84
15996,3020,19,307.99
15997,154,17,491.41
15998,3601,39,292.17
15999,6392,22,423.14
16000,4096,44,224.52
16001,5437,49,186.53
16002,1353,25,483.7
16003,4247,49,348.41
16004,6679,77,281.49
16005,7879,8,269.98
16006,4291,68,342.78
16007,9697,21,366.63
16008,7676,40,38.55
16009,7304,31,143.12
16010,4697,88,155.39
16011,2444,47,345.55
16012,2420,14,482.99
16013,3006,9,167.48
16014,9885,22,72.8
16015,4740,76,135.13
16016,2503,39,452.81
16017,8093,9,393.5
16018,5790,10,186.99
16019,8306,9,49.63
16020,3800,1,291.09
16021,2581,25,320.51
16022,674,66,411.64
16023,8686,91,397.4
16024,1774,96,229.76
16025,2408,18,123.52
16026,7710,29,118.03
16027,851,24,102.26
16028,8990,34,61.38
16029,6737,71,351.5
16030,9883,54,71.68
16031,9636,3,184.09
16032,1478,51,36.65
16033,2110,47,16.32
16034,8012,35,167.4
16035,7547,88,255.73
16036,1689,93,456.93
16037,7064,53,111.4
16038,4137,5,376.02
16039,1550,35,371.57
16040,9160,80,94.65
16041,5820,5,350.1
16042,7004,90,226.61
16043,7489,85,269.48
16044,2657,3,105.27
16045,7361,59,176.1
16046,3434,94,199.27
16047,1202,85,418.25
16048,7368,57,429.17
16049,9645,79,217.58
16050,581,45,402.78
16051,8979,89,56.81
16052,8982,58,156.49
16053,4659,4,402.72
16054,5838,42,26.68
16055,6321,11,265.57
16056,7321,72,494.76
16057,1210,47,447.1
16058,2046,73,400.96
16059,5037,44,356.9
16060,6745,1,58.12
16061,7721,34,350.41
16062,6643,43,94.65
16063,7896,67,87.76
16064,4071,90,496.89
16065,3968,12,41.71
16066,9671,60,202.43
16067,8903,96,377.09
16068,6739,56,171.87
16069,5360,39,417.23
16070,2949,20,350.05
16071,2290,17,460.44
16072,1586,26,11.19
16073,260,74,278.9
16074,8813,79,119.01
16075,4235,17,403.73
16076,4047,25,463.85
16077,1999,100,454.3
16078,6223,83,65.76
16079,5725,44,380.73
16080,69,79,139.12
16081,3724,67,192.13
16082,4918,64,125.0
16083,8920,94,92.12
16084,2051,100,321.69
16085,1358,94,238.22
16086,9764,20,219.11
16087,4990,100,319.84
16088,3926,56,399.66
16089,3982,82,270.29
16090,114,34,199.93
16091,8677,48,229.02
16092,3601,20,142.74
16093,9495,59,340.13
16094,6406,64,428.58
16095,6174,33,279.17
16096,8643,9,89.08
16097,7074,3,242.32
16098,7757,44,225.63
16099,5191,72,54.18
16100,4676,1,217.86
16101,4624,63,282.15
16102,1232,8,152.64
16103,3796,21,165.01
16104,5928,20,260.36
16105,416,10,256.03
16106,4166,71,329.94
16107,725,72,190.08
16108,5680,13,332.55
16109,7465,48,484.4
16110,8946,6,293.65
16111,5048,32,318.99
16112,5167,88,466.8
16113,4904,17,334.73
16114,5493,68,240.56
16115,8839,97,92.34
16116,8963,6,316.19
16117,7713,71,16.73
16118,7608,3,141.41
16119,4120,44,48.31
16120,9409,80,228.39
16121,2332,12,253.26
16122,5660,83,186.26
16123,9935,90,401.84
16124,1325,37,389.65
16125,8313,61,38.15
16126,7877,12,230.1
16127,6621,20,356.57
16128,1917,90,308.61
16129,920,71,488.33
16130,3658,60,176.12
16131,2719,14,364.65
16132,6769,13,430.27
16133,9591,16,293.9
16134,1164,26,322.56
16135,2878,27,57.78
16136,9410,19,39.45
16137,7050,22,302.09
16138,4344,80,37.17
16139,3818,58,150.08
16140,3444,100,420.67
16141,2316,25,185.04
16142,6739,82,332.51
16143,9947,3,64.24
16144,9329,89,33.46
16145,949,82,469.77
16146,184,29,92.84
16147,8674,22,77.03
16148,4851,42,132.14
16149,8335,81,85.37
16150,4444,51,322.51
16151,8996,53,240.5
16152,4444,15,450.81
16153,9033,80,325.33
16154,4520,64,70.33
16155,9302,8,272.68
16156,9086,59,339.59
16157,1896,38,50.95
16158,3997,73,16.8
16159,2442,82,284.48
16160,2300,81,139.5
16161,2468,7,303.36
16162,5224,76,383.09
16163,7032,47,367.16
16164,8972,78,321.16
16165,3251,40,36.12
16166,1683,41,451.61
16167,9019,11,235.6
16168,96,22,221.12
16169,690,69,412.79
16170,6655,37,430.53
16171,3086,90,119.94
16172,5421,79,148.5
16173,300,40,276.99
16174,3561,65,189.38
16175,9532,7,471.8
16176,37,90,474.62
16177,2387,39,297.92
16178,629,18,240.58
16179,2459,1,354.67
16180,3842,16,410.97
16181,6269,48,103.72
16182,2509,70,396.97
16183,5247,68,173.57
16184,8708,33,458.66
16185,7935,15,152.76
16186,4511,47,230.13
16187,9565,49,81.27
16188,1644,40,134.67
16189,4992,11,380.04
16190,3958,48,430.37
16191,191,16,16.07
16192,7496,2,218.85
16193,7540,88,219.58
16194,2440,74,459.33
16195,8567,62,407.79
16196,9054,10,15.55
16197,4432,82,257.72
16198,1786,44,369.05
16199,3717,17,179.0
16200,4014,89,26.26
16201,2499,9,445.63
16202,247,93,44.41
16203,6257,3,11.34
16204,6520,42,253.72
16205,9672,12,468.61
16206,1664,93,78.35
16207,73,11,111.82
16208,464,27,220.12
16209,1996,69,90.88
16210,9316,23,309.87
16211,6066,2,239.84
16212,615,8,172.08
16213,845,28,151.13
16214,3652,49,20.96
16215,7555,56,442.63
16216,7461,36,256.35
16217,438,99,447.64
16218,8690,75,392.15
16219,8019,87,109.31
16220,1243,10,195.21
16221,4302,28,271.44
16222,2497,24,448.94
16223,6799,14,290.03
16224,1309,61,173.73
16225,3479,23,128.3
16226,7778,16,427.23
16227,1281,31,258.03
16228,7439,14,154.6
16229,9237,90,224.26
16230,6438,59,27.95
16231,5205,91,421.61
16232,3372,97,230.47
16233,8011,86,328.07
16234,3663,35,238.48
16235,4169,73,487.94
16236,6332,91,180.49
16237,9776,60,213.08
16238,9257,6,281.11
16239,7763,97,354.91
16240,8047,43,382.05
16241,7878,100,75.25
16242,7653,18,192.74
16243,5235,10,280.51
16244,8143,50,145.63
16245,8357,37,361.67
16246,810,17,429.97
16247,706,95,311.45
16248,1660,70,266.37
16249,9464,56,213.99
16250,6723,20,355.61
16251,8303,91,471.98
16252,1770,8,13.25
16253,5376,34,366.07
16254,4076,51,123.5
16255,9558,36,193.26
16256,5199,23,229.89
16257,3347,11,398.46
16258,880,42,74.09
16259,1499,72,19.83
16260,3833,94,54.05
16261,4371,89,169.77
16262,4424,22,130.86
16263,2875,66,350.07
16264,421,54,309.81
16265,5732,60,379.21
16266,5906,10,283.97
16267,2283,74,209.05
16268,958,47,329.18
16269,4915,4,247.35
16270,6122,70,185.93
16271,8538,42,496.59
16272,7546,82,183.57
16273,4747,66,88.89
16274,1023,20,384.6
16275,9435,81,83.92
16276,6502,87,412.22
16277,8527,85,86.62
16278,2401,30,230.25
16279,5977,51,431.88
16280,8212,88,181.89
16281,6066,19,290.65
16282,5724,59,306.79
16283,1837,4,329.07
16284,3931,8,334.82
16285,579,80,163.5
16286,1737,10,351.92
16287,3885,37,60.67
16288,9888,8,73.67
16289,4684,78,431.76
16290,1070,10,368.04
16291,5018,79,242.88
16292,7248,10,54.36
16293,9177,89,398.1
16294,9174,11,419.3
16295,5560,54,344.24
16296,940,62,271.84
16297,1043,1,208.5
16298,3920,78,357.4
16299,8326,1,74.22
16300,1590,34,321.24
16301,8499,27,439.4
16302,7761,13,350.81
16303,4566,28,431.29
16304,9064,8,174.77
16305,4226,22,55.91
16306,1879,23,69.63
16307,3415,57,293.2
16308,1437,37,407.54
16309,6625,38,326.25
16310,3471,88,243.05
16311,9964,9,271.72
16312,6692,67,41.25
16313,2659,29,371.26
16314,9200,27,113.19
16315,8220,62,134.86
16316,9162,54,452.05
16317,2382,2,347.36
16318,8372,13,39.29
16319,1162,36,340.62
16320,3453,57,174.06
16321,525,90,152.0
16322,9521,95,396.34
16323,3057,43,159.57
16324,71,21,449.88
16325,4618,89,153.93
16326,4,65,436.68
16327,9945,42,204.44
16328,8810,80,107.74
16329,251,49,171.92
16330,8837,55,93.99
16331,1144,27,337.01
16332,1715,54,477.87
16333,503,82,439.0
16334,6702,42,169.03
16335,7562,68,92.18
16336,1353,22,432.54
16337,8754,22,83.59
16338,9577,97,54.13
16339,3681,93,232.61
16340,541,59,172.29
16341,5184,7,416.88
16342,3165,61,199.21
16343,4359,92,335.41
16344,5235,12,443.08
16345,7877,31,272.07
16346,6404,98,52.05
16347,9826,50,264.0
16348,3441,55,329.29
16349,6689,61,10.32
16350,7660,52,62.77
16351,730,78,359.75
16352,9899,30,311.09
16353,373,70,153.03
16354,8508,23,365.46
16355,1540,94,449.67
16356,8677,22,38.68
16357,2364,6,337.7
16358,2881,94,249.35
16359,7411,64,120.3
16360,5913,94,329.2
16361,5795,89,95.92
16362,1337,33,307.84
16363,8681,79,391.55
16364,6308,96,231.32
16365,2770,94,162.77
16366,7547,86,320.79
16367,7799,92,464.29
16368,9550,40,228.45
16369,4727,66,491.83
16370,2493,68,47.39
16371,5638,28,183.78
16372,415,21,117.59
16373,8633,45,80.58
16374,9315,74,33.28
16375,5782,97,199.28
16376,2280,34,415.63
16377,861,10,260.13
16378,6109,29,232.61
16379,4047,3,240.56
16380,9647,59,185.21
16381,8162,92,226.96
16382,4277,77,172.93
16383,6986,97,197.37
16384,8913,74,213.01
16385,8949,76,403.99
16386,3779,83,132.52
16387,201,98,415.17
16388,5152,16,57.06
16389,3617,31,321.67
16390,1764,15,200.22
16391,8726,1,42.61
16392,4872,19,241.37
16393,4616,57,461.5
16394,1279,85,481.68
16395,4958,15,288.87
16396,2689,97,361.5
16397,8141,30,300.07
16398,2369,65,115.48
16399,2501,97,391.73
16400,2239,4,157.97
16401,670,72,430.05
16402,6773,52,479.89
16403,5486,34,319.65
16404,2941,81,432.64
16405,7758,20,329.97
16406,9180,40,51.26
16407,9179,75,192.73
16408,1215,24,447.79
16409,2373,51,191.37
16410,7662,40,203.92
16411,561,79,193.37
16412,4395,62,448.71
16413,7905,83,331.99
16414,7314,61,416.49
16415,3569,2,328.53
16416,6845,25,378.29
16417,6655,51,123.81
16418,829,82,383.58
16419,9017,47,272.3
16420,3444,78,491.15
16421,3815,12,39.49
16422,8640,91,110.45
16423,3341,92,93.5
16424,3539,15,271.0
16425,4209,5,117.23
16426,1998,48,71.37
16427,1430,61,253.91
16428,7319,7,153.91
16429,439,22,174.6
16430,26,12,334.38
16431,221,81,138.42
16432,2951,94,391.58
16433,8624,84,294.2
16434,5668,94,19.98
16435,9131,32,252.93
16436,1733,9,469.29
16437,3738,48,464.12
16438,4940,17,365.0
16439,3470,77,327.33
16440,6586,35,154.46
16441,6714,60,430.1
16442,9527,45,337.68
16443,6583,7,373.94
16444,9419,90,126.35
16445,1781,9,144.58
16446,6707,3,417.59
16447,7414,14,65.22
16448,411,99,145.01
16449,1220,24,168.33
16450,1730,10,451.93
16451,7125,74,309.07
16452,5886,8,79.89
16453,2225,99,89.61
16454,4049,81,133.91
16455,9482,72,135.15
16456,9364,73,210.65
16457,877,1,435.22
16458,108,18,38.73
16459,4533,99,493.94
16460,2427,64,285.6
16461,9784,62,343.01
16462,8782,54,70.43
16463,2885,25,298.79
16464,776,1,319.07
16465,4229,22,281.84
16466,9944,13,427.68
16467,3586,29,260.21
16468,9195,29,183.37
16469,307,67,127.82
16470,7264,42,451.25
16471,7153,4,18.52
16472,8781,26,498.66
16473,3728,36,206.83
16474,7686,6,57.93
16475,3553,80,398.13
16476,3077,31,156.74
16477,9757,98,243.43
16478,9435,45,158.63
16479,4181,27,434.25
16480,96,38,108.94
16481,145,91,320.01
16482,3190,55,260.26
16483,2861,2,442.69
16484,6878,51,311.75
16485,9813,15,157.69
16486,8933,35,313.48
16487,9459,23,126.62
16488,7329,22,396.5
16489,2215,71,297.04
16490,3506,45,210.5
16491,6965,39,458.76
16492,1696,40,388.88
16493,3185,12,343.5
16494,4651,14,131.18
16495,66,66,145.8
16496,1003,20,26.79
16497,236,2,32.85
16498,1962,10,35.61
16499,5506,36,124.17
16500,1301,23,181.14
16501,1598,100,393.18
16502,4476,1,268.53
16503,3586,67,30.78
16504,6184,81,437.06
16505,5740,54,161.65
16506,4454,24,191.69
16507,9980,89,354.11
16508,748,42,368.47
16509,7189,81,109.45
16510,2407,54,225.53
16511,3209,65,25.66
16512,8583,42,215.83
16513,4839,29,454.45
16514,3745,75,229.09
16515,3769,28,281.38
16516,9399,57,46.96
16517,429,5,441.79
16518,1133,17,408.25
16519,5911,6,126.69
16520,4233,33,158.85
16521,9500,36,321.42
16522,7976,8,399.5
16523,7946,42,298.89
16524,1866,53,214.03
16525,5307,61,149.02
16526,3127,76,209.11
16527,2792,35,360.34
16528,9999,78,447.4
16529,9061,21,230.28
16530,9049,47,23.44
16531,6466,26,249.54
16532,3458,51,124.32
16533,4326,95,464.69
16534,4916,84,336.85
16535,8376,23,353.33
16536,3951,79,216.01
16537,9469,39,160.55
16538,5564,64,271.09
16539,5812,37,81.0
16540,1016,63,244.44
16541,5369,35,249.23
16542,1,38,376.33
16543,3908,50,406.45
16544,8053,11,12.23
16545,4287,44,212.14
16546,847,92,135.17
16547,34,21,273.37
16548,9059,31,56.77
16549,9159,34,412.55
16550,1321,16,340.91
16551,2225,88,294.04
16552,9182,15,415.95
16553,3615,73,398.82
16554,1112,99,461.77
16555,7839,90,422.16
16556,7415,8,39.66
16557,8504,45,359.81
16558,2224,79,125.23
16559,1954,18,263.45
16560,8346,25,206.08
16561,1774,91,189.09
16562,1019,28,151.08
16563,9035,67,217.65
16564,242,72,470.64
16565,6801,23,477.63
16566,8522,98,395.84
16567,7777,52,23.38
16568,8968,82,358.48
16569,7147,44,449.65
16570,2803,58,321.49
16571,5883,93,342.61
16572,7665,43,424.28
16573,9573,31,469.77
16574,7886,59,269.13
16575,7622,26,256.42
16576,3204,51,36.18
16577,3439,61,445.87
16578,4732,96,72.4
16579,7540,19,222.16
16580,6180,87,52.15
16581,1621,82,382.23
16582,1765,6,234.01
16583,6552,42,183.55
16584,4074,64,121.22
16585,2259,62,302.83
16586,8166,5,437.74
16587,1750,17,122.82
16588,6287,96,455.78
16589,5016,8,464.65
16590,7673,81,345.74
16591,2827,81,458.21
16592,1022,45,46.54
16593,3742,51,136.93
16594,3382,72,289.55
16595,4774,92,206.24
16596,6388,78,66.77
16597,5398,81,126.03
16598,9370,42,152.03
16599,9325,99,359.76
16600,7388,74,393.31
16601,2653,74,286.66
16602,8549,28,455.24
16603,1417,3,392.87
16604,7396,79,369.64
16605,7213,62,50.96
16606,9930,47,128.41
16607,7017,93,299.68
16608,5958,40,237.1
16609,838,15,449.52
16610,1627,15,322.99
16611,8674,60,431.44
16612,8200,44,58.72
16613,7251,64,79.14
16614,284,46,239.87
16615,6594,5,495.87
16616,427,67,465.3
16617,7727,50,197.15
16618,1907,32,137.12
16619,4393,1,45.29
16620,6524,40,330.66
16621,5886,61,124.43
16622,480,18,225.64
16623,3484,32,236.08
16624,4467,82,475.38
16625,7326,59,414.22
16626,2054,93,229.54
16627,7017,35,206.94
16628,5392,41,44.5
16629,9406,72,228.76
16630,3718,38,394.53
16631,9706,27,243.81
16632,6793,16,182.56
16633,6036,41,39.88
16634,9555,79,293.5
16635,2951,61,32.76
16636,1991,12,28.46
16637,8741,47,110.74
16638,1528,92,199.63
16639,797,37,212.67
16640,9843,57,475.57
16641,1099,49,172.03
16642,8169,100,63.24
16643,2666,97,68.33
16644,4568,34,17.75
16645,6591,23,50.12
16646,9730,38,294.45
16647,6989,20,321.47
16648,6871,31,403.09
16649,2779,6,459.6
16650,5138,10,475.67
16651,2926,94,418.19
16652,9358,88,213.33
16653,7972,90,340.22
16654,9062,52,261.37
16655,8282,68,70.29
16656,9555,80,365.83
16657,9495,41,262.66
16658,5161,97,59.64
16659,7260,48,104.31
16660,9140,80,223.81
16661,2046,2,39.79
16662,1980,94,106.83
16663,5258,20,353.64
16664,3098,37,142.69
16665,4779,77,81.7
16666,3246,9,476.93
16667,5568,45,243.14
16668,9347,31,380.44
16669,5227,33,493.58
16670,5410,73,395.94
16671,6694,26,354.32
16672,4663,74,120.45
16673,4286,96,276.42
16674,9866,39,359.08
16675,6631,4,382.84
16676,5669,96,483.33
16677,2758,81,393.2
16678,5554,81,390.35
16679,248,32,183.24
16680,4109,68,373.89
16681,3074,19,158.59
16682,7092,64,290.78
16683,1650,47,195.53
16684,2958,93,125.13
16685,4017,12,123.33
16686,3534,35,171.84
16687,5541,22,156.97
16688,3414,82,359.8
16689,4099,52,398.55
16690,7656,2,352.93
16691,8365,34,265.93
16692,7836,20,106.83
16693,3708,62,235.28
16694,9418,38,257.46
16695,9841,2,459.35
16696,6193,23,39.77
16697,1826,54,430.19
16698,8966,33,136.95
16699,8460,64,292.11
16700,9505,50,181.05
16701,3774,29,71.92
16702,3872,12,191.03
16703,969,91,403.01
16704,5950,91,65.14
16705,4028,22,13.16
16706,1581,93,107.78
16707,2934,82,312.93
16708,9774,37,254.21
16709,2800,14,79.56
16710,74,71,490.98
16711,3421,62,93.21
16712,2810,19,445.94
16713,9254,97,320.79
16714,244,84,24.11
16715,8448,44,335.17
16716,9676,40,431.02
16717,1942,3,114.97
16718,876,7,260.8
16719,7063,26,497.56
16720,8908,63,71.14
16721,8289,55,490.26
16722,9734,71,374.0
16723,4655,32,463.37
16724,4874,30,80.55
16725,4220,59,435.15
16726,2018,8,298.78
16727,5344,45,150.47
16728,3535,8,329.16
16729,6641,28,236.44
16730,6544,28,10.54
16731,8099,23,175.35
16732,1122,97,470.39
16733,252,72,427.91
16734,2076,75,152.58
16735,1394,18,83.56
16736,4289,53,438.9
16737,6164,15,101.59
16738,7752,54,206.87
16739,3989,93,482.99
16740,2530,37,270.89
16741,3197,17,101.12
16742,7457,27,460.99
16743,3868,29,166.08
16744,8403,80,447.61
16745,7584,82,70.43
16746,4158,28,302.78
16747,9459,90,202.48
16748,8434,54,47.1
16749,2355,95,107.9
16750,4530,29,167.2
16751,1962,93,139.97
16752,4641,51,431.71
16753,2125,64,139.47
16754,4683,95,37.16
16755,5188,46,140.16
16756,7278,72,493.22
16757,2748,96,442.45
16758,4904,90,351.76
16759,5905,65,215.47
16760,3676,12,109.49
16761,4295,14,340.19
16762,1426,23,491.92
16763,3491,28,221.7
16764,415,97,264.55
16765,964,54,421.28
16766,10000,16,394.37
16767,2324,58,170.48
16768,3488,30,233.47
16769,6770,17,323.86
16770,5823,39,307.76
16771,1339,99,470.8
16772,1736,13,263.2
16773,604,65,361.14
16774,1872,58,252.58
16775,7438,24,430.28
16776,3579,84,128.74
16777,8305,48,39.97
16778,7506,73,228.89
16779,3596,66,348.96
16780,2629,65,29.49
16781,6388,76,219.37
16782,9685,41,292.74
16783,9450,83,290.67
16784,5380,30,426.86
16785,1108,95,204.69
16786,8010,18,289.59
16787,6450,52,352.06
16788,4236,18,488.19
16789,5370,99,326.07
16790,9552,62,114.16
16791,2398,100,397.55
16792,1034,70,371.03
16793,7521,65,65.18
16794,4771,87,33.17
16795,3066,26,435.11
16796,5461,89,144.71
16797,6095,64,305.71
16798,1999,48,243.42
16799,9705,86,488.02
16800,8146,99,181.83
16801,4777,68,60.73
16802,4107,39,296.51
16803,599,56,93.44
16804,9403,59,291.66
16805,3483,95,284.6
16806,9278,1,141.1
16807,7861,29,294.21
16808,4723,78,231.39
16809,8849,34,353.46
16810,7223,36,338.16
16811,3248,93,370.8
16812,6132,66,483.25
16813,9561,50,189.5
16814,3444,68,421.22
16815,9132,72,171.08
16816,5442,41,247.83
16817,6515,99,442.61
16818,7630,11,340.25
16819,7142,30,428.0
16820,3405,55,165.16
16821,3482,44,338.51
16822,8527,5,336.88
16823,8967,27,398.29
16824,7917,65,105.79
16825,948,4,233.94
16826,8936,59,416.52
16827,8397,44,374.27
16828,74,45,87.86
16829,2013,89,203.02
16830,5953,83,387.34
16831,3365,18,209.56
16832,9487,71,142.27
16833,9977,97,127.49
16834,1653,70,107.82
16835,8631,21,243.69
16836,4506,92,411.23
16837,250,96,295.33
16838,4697,56,276.21
16839,6568,49,350.83
16840,763,63,272.65
16841,9279,50,317.66
16842,7854,51,165.48
16843,8514,48,383.08
16844,3988,97,337.02
16845,8553,78,413.35
16846,8163,90,131.74
16847,3200,56,264.54
16848,8928,80,103.45
16849,1129,60,488.17
16850,3848,89,450.11
16851,5529,15,29.78
16852,1831,52,13.11
16853,7235,82,375.84
16854,9159,5,430.46
16855,1378,63,163.61
16856,8916,59,263.43
16857,4055,2,171.13
16858,7041,33,197.22
16859,5392,3,301.84
16860,1218,36,449.73
16861,1111,73,219.41
16862,7405,55,194.04
16863,4313,2,203.81
16864,7539,71,249.82
16865,7268,46,294.56
16866,8011,40,225.62
16867,173,33,253.72
16868,3348,66,340.33
16869,1150,55,147.34
16870,8298,42,61.49
16871,2050,77,210.82
16872,8191,62,192.37
16873,151,40,408.9
16874,4191,30,472.0
16875,8142,86,169.47
16876,3747,67,462.09
16877,1796,24,400.9
16878,3081,5,23.51
16879,4733,56,239.52
16880,2070,87,157.86
16881,4853,73,323.34
16882,7180,63,77.65
16883,1833,28,280.85
16884,7631,97,480.23
16885,9347,62,51.08
16886,4157,82,70.04
16887,6947,95,260.56
16888,1903,9,219.26
16889,7599,24,245.17
16890,6367,39,222.66
16891,8768,12,104.47
16892,7966,79,351.63
16893,4,75,234.59
16894,4401,81,482.05
16895,4944,64,18.74
16896,357,54,198.77
16897,1702,60,457.81
16898,351,9,256.29
16899,2662,50,140.33
16900,6123,68,216.35
16901,3183,56,312.87
16902,8167,62,98.3
16903,3911,11,273.88
16904,1749,12,97.5
16905,8365,69,189.46
16906,9994,32,303.73
16907,4714,40,472.13
16908,4131,46,49.11
16909,2989,31,295.07
16910,9877,69,352.62
16911,8067,30,206.92
16912,7656,68,367.14
16913,50,97,477.15
16914,4561,70,449.0
16915,1074,18,90.61
16916,4258,36,181.47
16917,4891,26,53.99
16918,3379,15,225.24
16919,425,54,127.38
16920,3292,57,430.78
16921,9488,34,16.01
16922,8063,15,351.22
16923,6269,23,413.33
16924,1873,57,364.26
16925,3557,14,449.65
16926,6543,52,230.41
16927,5663,29,52.12
16928,5557,25,144.44
16929,2883,7,41.3
16930,782,33,208.64
16931,5260,98,302.88
16932,7416,21,121.61
16933,6398,21,186.29
16934,3656,57,384.1
16935,1635,68,140.38
16936,2586,52,183.6
16937,6772,63,220.48
16938,9217,73,219.51
16939,2978,36,270.84
16940,1241,6,476.93
16941,742,97,181.83
16942,9443,91,46.03
16943,3375,66,244.41
16944,1889,83,488.13
16945,2612,97,320.27
16946,7673,90,396.59
16947,1434,94,261.58
16948,602,53,435.74
16949,8129,76,440.78
16950,281,83,476.22
16951,4864,34,215.18
16952,5655,60,31.4
16953,6052,66,221.53
16954,3188,76,349.77
16955,4642,1,161.39
16956,2419,100,397.03
16957,4486,96,96.73
16958,2966,21,210.32
16959,6981,6,45.96
16960,8785,80,223.76
16961,1912,78,156.28
16962,2709,6,406.01
16963,8004,48,278.57
16964,3730,20,88.99
16965,4638,70,140.94
16966,4626,5,372.93
16967,2146,12,401.48
16968,8513,27,482.04
16969,4517,32,309.04
16970,7164,73,351.36
16971,142,36,133.31
16972,9993,53,481.33
16973,117,66,41.37
16974,8149,63,33.79
16975,2890,2,131.25
16976,3028,44,450.02
16977,5079,40,25.3
16978,7239,74,402.95
16979,6477,75,82.86
16980,6137,5,278.36
16981,4729,88,302.47
16982,5193,93,437.81
16983,6427,85,400.79
16984,4784,46,229.29
16985,5583,19,203.61
16986,5562,41,263.95
16987,2872,82,148.79
16988,6635,9,129.75
16989,3219,59,276.03
16990,131,73,254.88
16991,5233,16,289.07
16992,5905,29,299.16
16993,3801,75,441.43
16994,201,60,350.83
16995,2833,35,194.27
16996,7967,57,153.63
16997,9260,26,293.92
16998,6767,75,282.69
16999,1017,11,68.08
17000,7688,14,331.44
17001,1128,77,43.8
17002,9243,7,125.12
17003,2491,23,400.37
17004,6949,42,440.94
17005,9823,46,64.21
17006,7247,63,77.98
17007,7416,64,221.88
17008,3896,20,424.79
17009,9163,6,241.11
17010,379,50,140.53
17011,7799,54,104.26
17012,4806,8,213.81
17013,9684,32,377.49
17014,3520,34,281.98
17015,1213,26,276.88
17016,5180,86,33.8
17017,3168,3,447.9
17018,7889,93,203.0
17019,6641,76,59.85
17020,121,18,293.39
17021,5036,32,321.36
17022,726,35,431.29
17023,2907,99,395.63
17024,7093,78,344.48
17025,2710,11,395.11
17026,8722,42,327.52
17027,6323,83,127.94
17028,7340,94,357.26
17029,2870,27,408.39
17030,6232,44,302.66
17031,3788,74,375.0
17032,1395,47,453.94
17033,3055,17,24.85
17034,6829,55,82.36
17035,914,78,347.75
17036,5638,86,336.22
17037,5910,35,151.93
17038,1167,21,90.79
17039,8295,20,79.0
17040,8787,20,344.07
17041,5229,65,473.93
17042,5939,96,467.37
17043,1889,12,469.22
17044,3743,57,191.1
17045,4169,64,419.88
17046,5201,100,309.1
17047,1865,57,79.56
17048,5688,51,343.17
17049,5466,87,73.28
17050,5516,72,255.7
17051,7669,88,491.98
17052,9064,16,465.13
17053,9843,59,272.8
17054,90,34,45.35
17055,4583,48,46.11
17056,667,91,475.41
17057,9669,46,381.08
17058,6405,27,113.02
17059,4492,29,104.77
17060,3153,8,342.76
17061,452,32,30.47
17062,8009,100,269.07
17063,6915,58,289.07
17064,6858,62,18.85
17065,7635,78,143.06
17066,8743,73,114.36
17067,2160,85,450.46
17068,8974,61,342.98
17069,3698,32,205.37
17070,818,79,117.88
17071,3457,30,201.98
17072,6715,11,432.47
17073,670,98,16.58
17074,7523,58,15.32
17075,7011,62,22.4
17076,9130,86,301.65
17077,6067,75,299.82
17078,3666,21,82.17
17079,6298,63,223.8
17080,9234,96,102.25
17081,103,3,494.66
17082,7926,56,146.01
17083,1922,69,89.5
17084,725,6,457.29
17085,8428,6,86.49
17086,2282,29,247.72
17087,571,32,132.89
17088,9435,73,30.54
17089,7694,89,348.23
17090,8532,24,173.75
17091,3206,24,43.56
17092,7751,9,498.05
17093,780,45,155.94
17094,4734,100,254.89
17095,9860,92,37.47
17096,7718,29,393.55
17097,1711,6,375.59
17098,5045,22,45.43
17099,8332,87,262.85
17100,1587,28,32.95
17101,9826,1,20.28
17102,6143,87,187.27
17103,2627,38,341.57
17104,6363,44,24.05
17105,1414,1,87.56
17106,7643,79,400.96
17107,5988,97,247.08
17108,2910,34,294.85
17109,1792,70,423.61
17110,1356,87,65.96
17111,2429,21,383.18
17112,1428,28,363.8
17113,5680,99,141.44
17114,5637,16,139.25
17115,6173,66,343.28
17116,227,68,346.46
17117,2654,41,125.59
17118,5132,53,249.47
17119,1553,90,285.07
17120,5853,31,214.02
17121,8136,56,193.55
17122,2577,42,323.87
17123,1189,41,70.24
17124,8272,58,325.49
17125,5692,97,123.89
17126,9659,36,396.86
17127,1011,16,225.4
17128,1453,89,52.32
17129,9222,59,402.0
17130,427,84,242.12
17131,7143,57,208.38
17132,4945,60,450.99
17133,1047,82,361.13
17134,8605,15,415.48
17135,2781,61,434.12
17136,7632,16,499.04
17137,1297,56,285.74
17138,1395,26,85.25
17139,4636,28,329.11
17140,2386,28,267.61
17141,9976,32,50.66
17142,5970,43,262.92
17143,4462,50,354.9
17144,4642,32,125.99
17145,8237,99,177.48
17146,5431,11,240.34
17147,2324,87,278.31
17148,8769,68,113.13
17149,1006,58,465.72
17150,4508,31,19.6
17151,7701,92,108.56
17152,3295,85,200.63
17153,8412,97,375.62
17154,7048,68,419.2
17155,3436,28,442.25
17156,357,56,142.28
17157,1771,25,400.15
17158,4466,5,109.38
17159,2801,43,115.9
17160,6314,94,496.06
17161,3653,91,345.15
17162,6273,72,301.5
17163,1193,71,201.14
17164,424,45,208.66
17165,9527,71,72.85
17166,6815,97,153.01
17167,825,10,126.0
17168,7522,96,145.28
17169,3937,77,234.68
17170,3883,51,203.36
17171,9388,8,287.45
17172,2480,67,499.98
17173,9308,11,298.27
17174,4601,97,110.29
17175,7417,88,358.48
17176,6335,27,221.44
17177,4236,71,269.21
17178,2157,74,149.77
17179,1750,20,418.23
17180,2848,42,260.54
17181,9466,18,321.15
17182,6610,16,330.2
17183,3478,64,348.54
17184,8747,49,219.65
17185,8612,88,244.23
17186,63,17,35.24
17187,2722,45,181.29
17188,233,78,246.42
17189,2816,98,210.88
17190,508,30,207.45
17191,7337,1,454.94
17192,2936,5,387.61
17193,4715,38,117.45
17194,7958,25,108.37
17195,3891,46,365.36
17196,4203,38,210.89
17197,5272,79,231.54
17198,7911,31,435.65
17199,2519,21,164.15
17200,8588,67,123.16
17201,9690,14,45.0
17202,2194,11,62.21
17203,5261,1,294.11
17204,2577,3,107.34
17205,8945,74,217.96
17206,3129,9,219.05
17207,6592,86,374.3
17208,7619,75,45.54
17209,4267,49,472.76
17210,7826,20,298.19
17211,2889,94,398.19
17212,450,81,270.09
17213,5806,72,89.24
17214,9103,87,277.02
17215,9001,84,361.9
17216,5907,26,123.51
17217,9840,77,274.46
17218,3565,44,330.73
17219,1899,70,425.29
17220,9955,6,183.21
17221,2162,70,245.59
17222,9032,97,361.75
17223,4429,26,15.9
17224,6205,37,448.53
17225,6829,36,393.24
17226,357,78,258.14
17227,1099,83,15.63
17228,4442,52,295.4
17229,842,4,461.72
17230,6643,48,34.94
17231,1206,39,112.08
17232,9436,85,183.59
17233,8282,19,332.91
17234,3028,84,422.11
17235,9976,21,19.57
17236,2135,71,59.43
17237,435,73,348.97
17238,706,29,196.19
17239,6681,27,426.65
17240,793,98,445.92
17241,1003,40,431.55
17242,5777,14,115.25
17243,573,27,294.04
17244,7953,81,41.67
17245,4360,100,97.88
17246,8484,59,303.04
17247,8156,68,436.51
17248,3512,4,50.11
17249,6697,7,305.16
17250,1376,71,230.16
17251,678,97,416.34
17252,4189,64,146.67
17253,7769,56,12.4
17254,859,70,164.85
17255,4329,64,435.14
17256,3331,86,288.1
17257,5193,65,175.11
17258,8373,48,395.87
17259,1984,81,447.9
17260,1780,91,307.98
17261,3473,10,256.62
17262,425,56,404.49
17263,5173,68,193.93
17264,451,6,351.54
17265,9516,46,307.04
17266,9821,13,376.0
17267,1212,63,372.27
17268,5013,18,448.04
17269,5157,32,91.9
17270,12,27,327.35
17271,7224,88,11.28
17272,9449,67,77.01
17273,7388,91,449.01
17274,7892,94,233.77
17275,3981,90,389.39
17276,8896,43,136.88
17277,9743,74,56.01
17278,9422,63,182.66
17279,7250,95,336.28
17280,4312,44,416.85
17281,345,26,420.27
17282,6328,85,399.69
17283,8803,75,453.58
17284,6208,69,86.53
17285,8054,1,175.64
17286,7086,59,334.09
17287,4028,73,341.75
17288,4316,47,253.54
17289,4497,27,447.25
17290,9777,63,237.5
17291,960,62,112.26
17292,2181,4,92.83
17293,9884,22,456.62
17294,1996,70,201.6
17295,9686,81,451.21
17296,6413,56,267.14
17297,9594,7,20.32
17298,2772,97,214.07
17299,5909,27,422.6
17300,9285,86,396.36
17301,6161,14,163.16
17302,8923,11,100.57
17303,8874,99,93.02
17304,5932,34,184.67
17305,6902,66,124.21
17306,2579,94,492.04
17307,2981,35,139.9
17308,2810,47,266.51
17309,7553,14,495.46
17310,1701,82,330.84
17311,1109,25,261.46
17312,4308,61,439.71
17313,4844,6,343.31
17314,9458,14,179.63
17315,1401,12,408.5
17316,8772,20,423.37
17317,1708,81,191.46
17318,675,12,356.7
17319,136,57,323.45
17320,8063,49,392.98
17321,6784,13,356.95
17322,9739,95,255.51
17323,412,37,75.99
17324,5416,23,320.58
17325,5494,87,417.57
17326,3617,64,38.26
17327,9245,89,107.29
17328,4642,73,458.16
17329,2106,86,232.29
17330,7904,36,396.12
17331,73,27,497.85
17332,588,50,394.26
17333,4697,69,487.98
17334,814,1,453.43
17335,2234,63,292.63
17336,454,51,486.25
17337,6593,85,281.51
17338,442,96,460.43
17339,9252,67,440.25
17340,3444,34,320.88
17341,6617,16,484.49
17342,1908,83,495.6
17343,7060,100,93.76
17344,7200,3,114.63
17345,4038,27,300.66
17346,7090,98,160.69
17347,9953,95,364.99
17348,7658,31,460.01
17349,509,30,198.78
17350,7201,92,29.38
17351,1335,25,323.7
17352,2862,17,245.63
17353,8849,63,424.9
17354,9279,16,255.84
17355,8602,23,248.26
17356,2725,70,399.78
17357,1942,11,357.72
17358,8752,72,383.5
17359,8581,27,158.42
17360,638,23,106.82
17361,6757,55,182.2
17362,9980,34,77.57
17363,3983,58,247.37
17364,213,13,131.4
17365,4981,40,198.11
17366,7503,48,325.27
17367,4853,99,325.31
17368,83,32,494.65
17369,3293,85,400.5
17370,6159,49,30.28
17371,3852,94,332.69
17372,9086,98,284.55
17373,151,39,461.14
17374,2506,13,321.26
17375,4660,49,460.0
17376,3489,91,389.35
17377,6897,70,133.98
17378,2582,52,79.17
17379,136,77,434.8
17380,7696,35,121.12
17381,7074,38,104.32
17382,959,45,214.57
17383,1252,67,145.06
17384,6805,13,154.43
17385,5944,41,405.63
17386,9384,36,248.58
17387,2171,7,396.08
17388,7065,4,253.96
17389,2003,66,492.24
17390,8501,12,275.69
17391,9367,34,365.85
17392,9522,26,378.72
17393,987,87,419.13
17394,9054,60,47.26
17395,6790,80,131.32
17396,8924,14,471.53
17397,2274,86,252.61
17398,3606,84,450.11
17399,4416,3,27.84
17400,8167,16,48.53
17401,8785,76,412.54
17402,7118,98,33.82
17403,2499,93,326.66
17404,8157,80,189.01
17405,1998,21,394.88
17406,7874,70,325.06
17407,8685,28,429.88
17408,9727,77,387.99
17409,6844,57,283.64
17410,3330,76,130.15
17411,7136,57,375.66
17412,2060,80,286.27
17413,8177,61,87.23
17414,6397,77,225.57
17415,6622,38,104.84
17416,4262,66,464.17
17417,1954,16,377.89
17418,3268,21,404.15
17419,9556,34,478.72
17420,65,100,205.92
17421,6869,79,137.27
17422,4602,13,465.05
17423,7006,3,352.45
17424,4103,19,380.43
17425,7280,13,139.47
17426,6671,40,195.04
17427,1697,98,308.34
17428,7428,84,113.67
17429,3814,24,484.61
17430,9218,82,114.99
17431,8331,29,379.41
17432,6593,38,48.75
17433,4042,81,313.67
17434,6718,79,102.72
17435,8734,23,273.3
17436,6099,48,127.66
17437,920,35,309.95
17438,8482,55,32.34
17439,4480,59,393.76
17440,1624,46,112.53
17441,5785,92,313.61
17442,4931,52,190.69
17443,7111,67,150.49
17444,8209,96,425.9
17445,8673,96,354.03
17446,9141,14,436.96
17447,2746,12,287.61
17448,4068,56,266.53
17449,4525,11,318.4
17450,4578,65,304.58
17451,2454,77,338.68
17452,2563,83,127.39
17453,6640,85,460.18
17454,8527,83,465.64
17455,513,12,56.88
17456,946,99,21.48
17457,346,10,270.92
17458,7169,44,267.28
17459,1242,93,224.12
17460,8018,26,432.37
17461,1897,18,136.72
17462,6448,88,375.46
17463,2105,78,424.54
17464,9743,97,267.28
17465,609,50,391.96
17466,9647,61,445.49
17467,1563,80,292.38
17468,8960,66,343.67
17469,7626,39,383.22
17470,3324,81,330.29
17471,3633,24,274.38
17472,374,16,335.44
17473,8276,63,125.37
17474,3307,28,437.6
17475,3217,69,432.88
17476,299,12,423.28
17477,2074,87,344.43
17478,7420,76,30.1
17479,1942,64,100.71
17480,3433,17,125.41
17481,4360,57,190.65
17482,155,98,374.69
17483,768,90,116.22
17484,7970,81,356.19
17485,5872,33,192.86
17486,9856,97,261.86
17487,1394,93,220.44
17488,3717,28,246.87
17489,3044,21,398.27
17490,3657,96,263.35
17491,650,10,126.16
17492,8028,20,192.98
17493,7258,79,106.97
17494,6661,78,425.21
17495,4908,62,386.06
17496,5686,17,305.18
17497,6498,82,489.6
17498,9414,89,33.6
17499,2835,50,407.96
17500,3814,53,183.87
17501,767,28,42.13
17502,8884,89,464.59
17503,4175,55,29.57
17504,6759,71,24.83
17505,4154,93,209.14
17506,698,45,258.56
17507,4668,51,136.23
17508,6151,88,252.3
17509,9213,26,214.39
17510,4210,93,25.75
17511,2771,46,35.34
17512,5181,69,34.52
17513,543,30,250.31
17514,3803,84,316.47
17515,4687,2,80.2
17516,5105,62,204.57
17517,6475,87,470.52
17518,7968,83,319.47
17519,6777,72,82.34
17520,8674,23,384.36
17521,9632,82,76.27
17522,6025,38,203.73
17523,7637,26,291.7
17524,2966,42,45.18
17525,2553,40,160.26
17526,6969,83,73.58
17527,4354,38,322.87
17528,189,71,224.06
17529,7999,7,347.35
17530,8278,88,52.15
17531,8322,18,489.9
17532,8391,25,144.54
17533,8697,86,301.59
17534,4697,22,466.77
17535,7165,68,77.54
17536,9040,68,306.36
17537,9245,47,126.25
17538,5484,74,387.43
17539,580,57,245.59
17540,2096,72,363.33
17541,4307,42,99.01
17542,4228,80,414.8
17543,9178,58,172.42
17544,341,86,401.12
17545,2049,87,371.11
17546,6158,94,408.97
17547,7789,45,21.2
17548,3470,71,235.85
17549,3097,15,492.62
17550,5688,65,108.27
17551,7922,21,208.95
17552,9406,26,330.82
17553,5130,45,433.17
17554,7315,64,397.8
17555,9017,41,455.25
17556,6064,26,425.22
17557,6006,24,204.37
17558,8100,74,355.22
17559,6620,87,314.13
17560,2559,64,101.05
17561,2323,29,378.01
17562,3691,67,132.47
17563,9823,13,403.03
17564,7392,23,247.16
17565,6743,28,270.03
17566,6046,70,291.27
17567,1798,43,415.99
17568,586,71,173.94
17569,68,81,393.17
17570,7669,86,134.33
17571,438,41,309.42
17572,3137,78,44.77
17573,1322,89,103.29
17574,5233,81,179.81
17575,6364,96,457.31
17576,4949,72,440.15
17577,844,93,287.32
17578,2119,61,410.75
17579,9072,36,64.91
17580,9413,41,272.08
17581,8743,12,470.72
17582,8529,87,333.34
17583,5730,82,247.25
17584,6333,52,476.19
17585,730,94,40.81
17586,8746,24,26.8
17587,2362,42,364.45
17588,7358,45,268.14
17589,5778,49,289.91
17590,7695,79,442.43
17591,1871,93,495.56
17592,1818,33,76.93
17593,1791,17,68.43
17594,3639,45,184.94
17595,6777,35,240.94
17596,7095,61,254.43
17597,9214,66,394.66
17598,6416,2,349.96
17599,2115,29,449.68
17600,7726,28,101.4
17601,1594,83,271.53
17602,9490,46,442.24
17603,6771,8,206.16
17604,7396,63,284.65
17605,5690,49,49.35
17606,2768,2,184.36
17607,5237,91,478.78
17608,4653,46,463.46
17609,5875,39,242.94
17610,548,82,225.18
17611,4302,22,25.37
17612,5536,92,369.36
17613,9151,51,281.62
17614,5309,51,354.87
17615,522,89,486.17
17616,6763,62,457.06
17617,4267,43,374.86
17618,1648,58,71.94
17619,5182,70,120.59
17620,9155,88,353.34
17621,5498,51,32.22
17622,5402,61,225.38
17623,1599,30,245.8
17624,717,61,200.18
17625,7551,73,414.61
17626,545,88,57.86
17627,5028,96,129.36
17628,8365,61,25.83
17629,4727,91,374.9
17630,6755,93,341.84
17631,7593,66,217.44
17632,6203,35,403.51
17633,8762,63,221.02
17634,3631,98,420.79
17635,9810,93,99.56
17636,7112,76,129.94
17637,2490,41,380.13
17638,6225,58,446.0
17639,9313,92,67.94
17640,5431,93,479.58
17641,9153,82,371.04
17642,7910,13,46.97
17643,3889,23,288.85
17644,1750,55,150.42
17645,1856,26,452.67
17646,6744,45,232.01
17647,5186,71,230.42
17648,1794,42,381.97
17649,8211,75,342.98
17650,1894,7,115.62
17651,1362,18,291.43
17652,9168,94,414.35
17653,6424,5,199.96
17654,1050,57,297.1
17655,6144,11,76.62
17656,7825,54,69.61
17657,9400,96,107.35
17658,6766,23,378.86
17659,3768,7,499.42
17660,2464,58,123.1
17661,9952,71,162.09
17662,2168,34,55.43
17663,5551,51,16.85
17664,5211,7,358.97
17665,1985,52,382.85
17666,306,41,146.42
17667,7245,30,318.7
17668,9590,20,183.42
17669,7479,94,69.68
17670,9564,67,15.36
17671,1477,97,491.0
17672,6511,89,247.08
17673,8438,9,406.64
17674,1063,49,62.72
17675,9095,4,27.52
17676,6713,27,175.55
17677,5725,98,453.8
17678,9595,73,209.21
17679,7181,83,433.04
17680,1584,13,22.04
17681,7447,40,486.27
17682,4888,77,96.78
17683,1945,33,257.91
17684,9877,12,446.34
17685,6029,63,347.24
17686,9538,34,182.52
17687,8949,66,426.5
17688,8484,46,390.7
17689,2729,5,184.7
17690,6143,52,175.78
17691,1916,24,12.34
17692,8652,70,462.64
17693,4232,88,151.66
17694,4519,72,220.15
17695,8725,93,95.27
17696,6134,6,258.82
17697,385,40,454.68
17698,4894,35,15.15
17699,4458,53,466.7
17700,4895,96,168.49
17701,441,40,410.31
17702,3349,17,328.76
17703,1923,79,450.98
17704,8711,66,363.89
17705,8483,80,307.22
17706,1508,73,295.07
17707,9812,35,456.18
17708,6249,23,44.38
17709,875,49,210.26
17710,800,51,154.68
17711,8652,5,332.0
17712,7517,15,251.16
17713,9311,24,307.32
17714,9674,58,391.39
17715,9071,37,358.84
17716,4932,47,124.51
17717,356,97,377.62
17718,8015,86,385.98
17719,8974,88,466.9
17720,86,80,297.17
17721,6542,75,173.53
17722,760,12,92.56
17723,9089,38,477.57
17724,4837,65,433.81
17725,1051,93,296.0
17726,3203,32,366.83
17727,9167,74,444.04
17728,5975,55,40.43
17729,9405,65,280.15
17730,8242,67,485.6
17731,8953,30,178.56
17732,4439,29,335.71
17733,2997,93,92.21
17734,5377,4,255.54
17735,2590,95,333.13
17736,3556,65,218.21
17737,9393,71,391.12
17738,4401,100,136.22
17739,9262,55,378.26
17740,9292,2,192.47
17741,7915,22,248.02
17742,875,62,436.99
17743,5549,92,224.36
17744,3118,92,441.85
17745,5217,31,100.71
17746,3126,98,429.01
17747,535,47,442.26
17748,9611,5,114.5
17749,9876,95,115.59
17750,1462,50,278.53
17751,6926,93,169.86
17752,1160,62,348.27
17753,1787,40,371.11
17754,2508,25,315.85
17755,4348,25,435.3
17756,202,9,314.86
17757,355,50,447.98
17758,4865,61,329.95
17759,2797,70,70.47
17760,739,49,227.23
17761,2756,8,246.15
17762,8131,28,208.45
17763,8291,66,241.66
17764,4917,99,131.17
17765,6062,96,300.5
17766,5961,21,242.78
17767,9535,19,183.0
17768,7018,84,260.93
17769,6754,62,87.51
17770,952,100,70.39
17771,3209,77,74.23
17772,6974,97,167.07
17773,5714,53,179.33
17774,2555,84,474.26
17775,8751,82,475.34
17776,6534,18,189.85
17777,7618,4,289.54
17778,2877,67,374.18
17779,4160,56,107.15
17780,7608,29,49.14
17781,3784,73,56.42
17782,1750,35,337.12
17783,2840,71,103.13
17784,2621,95,163.36
17785,8314,75,180.3
17786,6482,11,13.73
17787,314,86,461.53
17788,86,69,477.4
17789,4244,23,193.47
17790,3429,75,192.36
17791,3538,59,72.99
17792,8781,86,190.22
17793,7595,83,396.26
17794,5445,88,271.57
17795,1820,81,146.14
17796,6993,55,312.93
17797,8403,87,83.79
17798,1647,14,94.16
17799,6120,18,421.03
17800,9739,49,185.27
17801,4896,16,465.06
17802,6822,47,397.51
17803,6213,81,70.51
17804,2084,12,312.87
17805,5990,89,49.87
17806,1225,13,408.83
17807,525,22,282.78
17808,5468,49,478.74
17809,488,70,227.14
17810,5626,79,365.29
17811,3396,91,428.47
17812,2552,14,389.76
17813,8059,10,51.34
17814,6608,36,186.89
17815,6088,3,375.02
17816,1472,4,379.4
17817,7742,100,269.32
17818,9961,52,488.02
17819,184,13,490.47
17820,9893,17,74.51
17821,5569,18,168.68
17822,8963,49,323.04
17823,8337,14,217.0
17824,5313,58,326.59
17825,733,29,61.74
17826,3572,18,25.08
17827,943,93,230.5
17828,2222,58,348.09
17829,7694,74,475.42
17830,5575,17,183.15
17831,5528,72,439.15
17832,1113,90,210.45
17833,6978,64,329.54
17834,723,84,495.91
17835,9808,40,376.18
17836,1635,19,301.53
17837,8444,8,348.05
17838,8431,33,258.41
17839,1726,33,14.7
17840,4290,28,175.04
17841,6900,81,56.78
17842,9504,21,97.61
17843,8904,47,324.18
17844,6237,93,135.0
17845,2303,95,164.95
17846,6069,80,254.0
17847,4665,94,178.38
17848,9683,24,343.66
17849,5755,58,236.45
17850,2759,64,54.31
17851,8657,51,322.24
17852,4152,47,455.83
17853,1006,42,181.7
17854,6263,93,181.25
17855,7283,78,102.19
17856,9574,83,323.83
17857,7176,46,485.3
17858,4316,97,110.13
17859,7628,20,449.75
17860,8719,36,412.89
17861,2725,99,344.12
17862,3428,100,195.67
17863,6910,10,397.0
17864,1352,72,68.44
17865,8349,25,394.33
17866,9698,17,492.67
17867,1784,40,26.98
17868,9444,40,385.39
17869,7415,72,21.77
17870,7271,65,315.29
17871,5123,25,196.14
17872,2876,53,467.52
17873,5100,99,263.78
17874,5748,84,335.71
17875,1150,47,52.48
17876,7813,27,153.28
17877,2158,16,178.54
17878,4601,89,273.97
17879,6913,43,94.06
17880,1796,68,302.51
17881,9506,80,123.78
17882,9121,72,420.38
17883,6087,88,133.84
17884,4962,31,304.57
17885,2314,26,486.18
17886,961,94,312.67
17887,2372,29,33.85
17888,3715,99,87.17
17889,2777,98,166.08
17890,9587,46,52.81
17891,2013,7,63.87
17892,7637,37,77.84
17893,3755,90,298.79
17894,2933,66,29.06
17895,7332,99,440.64
17896,961,83,11.9
17897,4974,92,291.84
17898,505,41,175.01
17899,403,65,353.62
17900,9541,58,286.78
17901,7904,89,55.39
17902,8803,72,150.05
17903,2653,48,78.29
17904,494,19,480.15
17905,2212,46,104.89
17906,7735,83,169.86
17907,1920,54,119.62
17908,3924,27,152.9
17909,8389,13,167.85
17910,3252,39,463.21
17911,7443,80,286.18
17912,2000,90,306.19
17913,3569,2,427.89
17914,9888,56,437.48
17915,5069,38,382.05
17916,6224,18,272.64
17917,9079,81,352.12
17918,4559,58,321.43
17919,8279,94,209.33
17920,1164,59,232.49
17921,8779,35,427.42
17922,9868,67,409.34
17923,3207,58,175.64
17924,5286,81,24.09
17925,6030,73,135.0
17926,7745,56,87.77
17927,8253,40,15.27
17928,176,64,167.61
17929,4929,28,433.11
17930,504,90,191.83
17931,6321,6,129.9
17932,257,78,240.38
17933,5557,8,467.54
17934,6032,40,186.99
17935,5486,40,128.05
17936,558,62,26.91
17937,2840,9,247.45
17938,5536,86,473.84
17939,7928,100,92.16
17940,3909,34,22.23
17941,3865,85,143.7
17942,471,74,123.15
17943,8848,45,54.86
17944,9142,58,174.76
17945,8807,33,124.26
17946,3371,70,378.33
17947,2477,91,45.29
17948,3327,94,168.1
17949,4987,97,437.73
17950,3211,70,387.27
17951,6384,50,60.89
17952,8089,4,48.93
17953,1861,62,399.22
17954,632,88,94.28
17955,6852,14,425.61
17956,6015,95,444.3
17957,2949,72,385.16
17958,8096,28,211.23
17959,4673,9,230.36
17960,495,59,254.15
17961,6942,100,441.46
17962,6120,97,393.9
17963,7365,40,63.9
17964,7713,71,179.67
17965,7456,75,63.87
17966,4385,38,328.03
17967,5686,27,205.84
17968,6585,88,235.82
17969,8860,68,467.55
17970,8362,81,56.66
17971,3958,47,352.71
17972,2255,51,93.0
17973,5929,75,252.25
17974,6045,59,389.96
17975,2552,55,306.53
17976,6769,93,365.83
17977,2321,39,217.72
17978,954,4,498.56
17979,8626,7,88.98
17980,1911,50,102.44
17981,5821,6,178.56
17982,5892,44,380.88
17983,1554,33,60.35
17984,2849,87,37.7
17985,8589,7,294.31
17986,6807,34,260.58
17987,4934,77,254.48
17988,2121,98,296.17
17989,3989,69,164.55
17990,6131,91,498.25
17991,3886,71,252.83
17992,5180,42,223.44
17993,6886,79,470.39
17994,4684,79,100.11
17995,6064,25,23.04
17996,3022,50,123.05
17997,4256,69,36.49
17998,4539,100,268.72
17999,1369,50,280.51
18000,2696,7,185.43
18001,5358,20,78.45
18002,850,97,321.95
18003,3835,88,30.44
18004,5175,61,276.46
18005,1549,34,65.63
18006,5015,16,100.19
18007,2396,19,218.26
18008,1611,52,463.78
18009,9735,69,142.93
18010,6621,47,304.25
18011,4085,13,428.46
18012,4309,48,365.38
18013,8629,84,74.69
18014,7033,45,436.49
18015,5393,3,251.79
18016,9876,12,318.63
18017,6129,67,440.07
18018,9019,67,290.13
18019,7275,45,121.34
18020,2068,91,410.85
18021,3945,97,139.41
18022,2305,44,82.41
18023,4064,5,292.68
18024,6094,28,225.83
18025,8892,66,103.91
18026,6236,22,474.82
18027,4637,83,283.12
18028,3534,18,338.2
18029,2144,50,458.39
18030,1132,20,303.66
18031,4166,86,308.67
18032,750,77,111.38
18033,6157,42,172.05
18034,1252,45,333.07
18035,2931,70,416.14
18036,357,1,219.99
18037,1490,75,348.24
18038,7930,93,306.5
18039,3353,7,381.47
18040,6548,25,372.64
18041,9884,77,36.93
18042,4272,63,307.88
18043,4479,33,366.23
18044,493,88,417.4
18045,3248,33,272.1
18046,5773,13,156.46
18047,5517,100,400.19
18048,3130,47,132.08
18049,7526,9,98.65
18050,6806,56,28.31
18051,7029,58,75.94
18052,5923,7,303.08
18053,3503,59,453.2
18054,4158,24,350.13
18055,2521,28,246.18
18056,3630,65,218.96
18057,1495,77,485.3
18058,7657,89,482.96
18059,890,68,244.72
18060,6759,60,208.41
18061,203,44,475.39
18062,3343,84,395.81
18063,1281,84,148.84
18064,6392,9,65.41
18065,8855,51,407.26
18066,669,89,452.74
18067,7462,6,245.73
18068,7144,16,93.09
18069,9109,13,388.77
18070,9383,91,90.54
18071,7210,99,163.26
18072,3136,14,276.33
18073,3916,6,359.28
18074,5669,75,46.32
18075,5177,30,320.69
18076,6326,45,352.43
18077,8763,68,302.04
18078,1871,65,257.08
18079,5162,37,430.55
18080,2921,76,78.03
18081,8997,71,279.46
18082,8249,84,261.09
18083,8105,46,340.11
18084,4353,13,423.22
18085,6665,3,206.69
18086,3463,48,57.22
18087,5956,14,481.89
18088,8147,20,42.56
18089,628,21,28.78
18090,9392,31,374.38
18091,2274,88,161.17
18092,2246,59,69.89
18093,4787,38,277.86
18094,3421,64,351.8
18095,8019,15,412.83
18096,6764,14,477.92
18097,3760,71,199.91
18098,4778,34,392.66
18099,7701,78,365.95
18100,6994,73,341.48
18101,9198,26,485.44
18102,7572,63,103.18
18103,9849,46,310.01
18104,125,80,144.45
18105,1620,90,136.65
18106,9734,1,10.4
18107,2710,7,132.45
18108,9409,15,341.1
18109,895,45,117.27
18110,7071,9,190.15
18111,5603,72,215.51
18112,1673,33,339.68
18113,8296,18,28.84
18114,2623,33,83.17
18115,5093,94,417.49
18116,8240,36,56.57
18117,1130,16,248.25
18118,8528,95,101.51
18119,8171,68,217.54
18120,4184,99,100.63
18121,9598,85,365.1
18122,2945,96,197.61
18123,9267,37,469.97
18124,5125,93,386.1
18125,6988,87,417.33
18126,8681,85,442.14
18127,3500,49,408.86
18128,4689,49,410.54
18129,5037,19,198.04
18130,411,11,387.45
18131,4619,25,91.36
18132,2410,54,218.41
18133,6308,75,190.18
18134,3426,66,84.68
18135,4402,78,168.96
18136,6233,43,416.78
18137,2710,55,440.79
18138,6212,67,112.35
18139,6349,21,489.15
18140,1187,29,106.81
18141,1242,24,320.86
18142,9605,52,92.18
18143,2066,20,97.81
18144,7425,91,230.61
18145,97,54,329.57
18146,8776,3,412.52
18147,8821,46,122.85
18148,6027,29,355.93
18149,6543,13,109.95
18150,9451,26,115.24
18151,6207,56,333.48
18152,2537,76,384.14
18153,935,84,367.95
18154,3163,83,310.08
18155,5139,23,382.48
18156,1839,48,169.43
18157,4818,38,201.96
18158,9429,16,173.88
18159,2305,85,377.31
18160,4905,98,129.37
18161,9916,36,204.1
18162,8428,98,101.5
18163,6712,77,57.86
18164,3611,73,341.25
18165,5938,34,366.11
18166,8832,48,265.08
18167,9233,5,267.37
18168,7912,61,477.6
18169,6589,25,256.82
18170,7969,13,462.56
18171,5297,68,268.55
18172,3795,29,430.78
18173,2329,68,271.99
18174,4197,61,350.14
18175,3113,22,275.56
18176,9523,11,174.82
18177,4632,43,91.33
18178,2114,2,317.06
18179,4918,17,484.47
18180,9079,76,383.08
18181,8616,63,405.23
18182,6680,5,330.6
18183,7783,88,33.4
18184,2895,33,174.82
18185,7775,20,158.39
18186,6137,31,463.68
18187,5976,25,69.86
18188,1255,14,151.85
18189,6918,95,86.39
18190,4412,15,128.81
18191,9923,39,51.06
18192,1389,77,88.52
18193,5127,86,11.06
18194,354,76,385.07
18195,7181,86,398.85
18196,2061,88,244.21
18197,8246,17,193.43
18198,7673,37,288.63
18199,6700,40,326.36
18200,1835,80,264.33
18201,2353,75,372.96
18202,2550,47,445.29
18203,9333,32,446.7
18204,1251,60,27.8
18205,4094,86,473.08
18206,4965,75,111.16
18207,4515,14,236.9
18208,3151,18,239.71
18209,5733,64,48.4
18210,7047,18,295.63
18211,4632,36,308.26
18212,1010,39,79.47
18213,6011,47,392.17
18214,872,61,15.11
18215,6078,49,180.04
18216,788,70,159.96
18217,1694,49,58.99
18218,1424,22,11.38
18219,1643,61,396.61
18220,5331,16,234.71
18221,5443,4,103.43
18222,4253,59,431.38
18223,2535,83,66.67
18224,2913,99,251.06
18225,5969,96,71.97
18226,1092,60,146.84
18227,6393,32,11.58
18228,6868,4,343.45
18229,9038,99,263.71
18230,6393,70,309.7
18231,9393,21,418.71
18232,3658,56,60.14
18233,7787,14,33.84
18234,3054,44,99.52
18235,3074,54,166.31
18236,1259,77,119.75
18237,9797,55,120.07
18238,867,41,250.0
18239,4225,50,399.86
18240,2161,19,343.66
18241,9237,37,184.34
18242,9438,24,296.31
18243,8226,99,75.24
18244,8021,77,194.43
18245,4398,68,31.23
18246,7269,51,34.22
18247,4564,70,151.82
18248,8892,32,390.98
18249,9780,76,428.79
18250,4805,55,347.49
18251,104,17,385.6
18252,2661,3,55.97
18253,8673,93,252.48
18254,5466,77,475.81
18255,1793,100,387.75
18256,3126,67,230.38
18257,541,66,180.25
18258,6500,59,331.72
18259,7104,77,92.1
18260,6225,62,351.05
18261,2716,51,240.29
18262,9525,74,29.05
18263,8787,32,322.41
18264,7125,10,19.04
18265,5134,63,121.15
18266,5207,56,457.68
18267,7505,89,100.82
18268,7402,8,316.42
18269,8688,58,431.56
18270,9279,32,229.85
18271,7629,51,237.71
18272,1269,61,292.95
18273,5429,1,242.22
18274,1127,12,403.91
18275,7145,46,318.91
18276,7655,51,323.57
18277,2595,11,26.04
18278,6396,13,266.83
18279,5789,19,344.14
18280,7083,75,274.38
18281,6493,11,23.19
18282,9568,14,297.48
18283,5450,73,487.69
18284,7875,60,120.95
18285,5780,96,485.54
18286,7880,100,213.25
18287,3562,37,387.56
18288,6029,73,428.36
18289,2223,18,11.4
18290,59,63,483.31
18291,1774,94,411.33
18292,8087,15,342.65
18293,4864,90,215.33
18294,792,99,230.54
18295,7474,81,486.41
18296,349,49,86.94
18297,3312,67,252.15
18298,3066,71,53.59
18299,3592,81,476.41
18300,2910,47,158.01
18301,1301,66,267.49
18302,792,84,246.8
18303,4808,100,287.51
18304,9022,19,61.79
18305,8824,15,10.34
18306,7560,18,312.43
18307,8114,2,265.7
18308,2426,96,398.84
18309,1101,22,203.93
18310,3603,81,355.03
18311,5965,50,142.45
18312,5613,10,228.91
18313,3446,92,273.79
18314,8763,11,387.41
18315,7577,1,107.04
18316,4343,30,137.17
18317,1511,78,111.97
18318,9000,87,13.19
18319,701,44,142.48
18320,5305,21,352.59
18321,9459,39,424.61
18322,2555,54,290.33
18323,3331,52,215.68
18324,161,30,85.31
18325,2720,50,430.85
18326,8757,1,201.76
18327,1162,21,178.33
18328,3032,47,337.44
18329,2952,52,447.14
18330,2938,87,497.28
18331,6528,72,243.47
18332,7880,90,247.36
18333,9103,4,185.58
18334,5302,12,401.31
18335,1541,17,445.31
18336,5637,77,437.55
18337,2965,75,275.23
18338,7064,86,331.58
18339,8449,83,467.47
18340,4081,22,449.51
18341,7081,17,416.93
18342,8171,26,251.49
18343,2204,35,254.38
18344,1469,66,142.7
18345,8601,36,480.9
18346,3666,87,150.16
18347,4025,60,270.84
18348,961,58,178.68
18349,1998,37,79.89
18350,4721,16,95.19
18351,700,83,365.01
18352,753,77,234.61
18353,3103,95,204.73
18354,4454,61,444.33
18355,300,27,10.37
18356,1909,95,131.9
18357,5765,31,130.79
18358,386,21,58.6
18359,3605,52,423.27
18360,580,31,106.61
18361,9866,99,262.0
18362,1589,3,472.25
18363,1891,82,122.79
18364,3840,62,459.09
18365,6927,51,193.33
18366,4907,64,226.3
18367,37,8,359.72
18368,9545,70,23.78
18369,5970,39,453.73
18370,4317,23,27.69
18371,5861,34,458.48
18372,6485,69,205.08
18373,5933,82,418.17
18374,6623,57,406.3
18375,3828,76,392.67
18376,4085,81,321.64
18377,7624,45,253.44
18378,1956,71,437.01
18379,5607,48,110.55
18380,1297,69,44.15
18381,2627,28,346.17
18382,2703,64,31.67
18383,8787,93,161.83
18384,8190,9,362.31
18385,3904,27,490.13
18386,4596,24,300.24
18387,3480,41,238.36
18388,1375,51,438.72
18389,1579,30,454.14
18390,6692,74,80.12
18391,1602,80,112.33
18392,8886,55,315.84
18393,5459,19,337.45
18394,4980,31,124.41
18395,6296,1,428.59
18396,5879,58,326.27
18397,1087,9,453.1
18398,3835,38,357.36
18399,8684,89,424.88
18400,3784,4,397.47
18401,600,45,479.38
18402,28,100,117.83
18403,1963,31,479.77
18404,7115,32,409.92
18405,6497,22,150.2
18406,4573,19,104.55
18407,983,30,78.85
18408,5149,16,198.86
18409,4651,3,97.08
18410,3224,65,104.29
18411,2296,33,151.41
18412,3941,43,26.7
18413,476,89,37.66
18414,499,57,230.47
18415,2303,33,436.96
18416,4881,92,253.64
18417,4315,89,301.23
18418,4661,29,359.97
18419,4302,51,159.81
18420,6842,32,116.31
18421,7491,90,305.0
18422,8615,95,110.45
18423,4733,37,39.24
18424,8360,85,351.78
18425,825,97,66.45
18426,6939,8,300.2
18427,6499,12,131.28
18428,1081,43,442.95
18429,5261,69,40.24
18430,1146,68,314.98
18431,1761,59,229.31
18432,2048,34,387.88
18433,6410,43,377.76
18434,7583,36,394.12
18435,7508,78,236.39
18436,6031,2,29.77
18437,7870,82,328.44
18438,4352,82,479.97
18439,1052,26,268.28
18440,6899,1,277.52
18441,5294,15,11.78
18442,3799,12,223.84
18443,8303,37,160.88
18444,3585,73,132.48
18445,4091,43,33.49
18446,1858,83,392.41
18447,6245,10,381.83
18448,95,91,424.29
18449,499,48,218.8
18450,2471,62,397.55
18451,6509,43,154.5
18452,446,52,289.89
18453,8829,45,321.72
18454,1957,62,14.72
18455,7670,100,266.08
18456,2670,34,454.92
18457,8356,23,66.28
18458,3365,44,205.58
18459,7813,68,218.03
18460,2080,28,488.07
18461,6829,36,412.06
18462,5248,22,100.58
18463,5982,72,461.91
18464,1914,48,45.25
18465,3279,38,369.35
18466,1291,15,458.38
18467,3707,22,398.79
18468,6633,85,192.01
18469,4961,19,476.97
18470,5318,12,409.96
18471,4786,32,291.99
18472,4018,45,89.25
18473,3556,69,94.88
18474,7595,10,296.78
18475,7041,49,416.47
18476,8660,11,427.97
18477,895,3,363.91
18478,1461,90,178.77
18479,9634,76,127.91
18480,8475,44,99.8
18481,7886,78,183.6
18482,9087,50,228.4
18483,4403,28,307.86
18484,783,74,297.05
18485,983,66,499.54
18486,8348,32,100.21
18487,6238,69,477.25
18488,8345,47,447.04
18489,8296,28,111.76
18490,3849,23,126.68
18491,2737,49,159.47
18492,3852,86,79.28
18493,839,46,176.62
18494,6715,32,479.96
18495,6993,23,65.57
18496,1028,93,27.61
18497,5714,1,162.21
18498,4891,94,53.07
18499,2773,20,457.03
18500,143,73,225.13
18501,7165,23,344.54
18502,7026,86,338.9
18503,2083,65,246.14
18504,6518,31,170.57
18505,5466,36,442.4
18506,1151,43,332.15
18507,7844,65,306.92
18508,4239,64,152.86
18509,8349,84,251.95
18510,6692,53,184.79
18511,1100,14,379.02
18512,6771,99,14.04
18513,4091,2,397.3
18514,3909,35,218.1
18515,5303,30,415.26
18516,9598,89,265.4
18517,9646,63,34.32
18518,4696,79,392.98
18519,3731,82,166.3
18520,3405,61,482.91
18521,6522,33,43.7
18522,5183,11,274.87
18523,5598,94,95.08
18524,7855,29,474.54
18525,9088,29,490.03
18526,3620,86,253.14
18527,4971,38,427.2
18528,1511,60,278.29
18529,7630,65,330.64
18530,8272,58,373.06
18531,8437,59,181.93
18532,4081,36,17.61
18533,5144,38,418.22
18534,7294,32,95.73
18535,7236,1,290.91
18536,1010,1,256.87
18537,9020,6,429.54
18538,4766,69,184.13
18539,6516,75,360.86
18540,9572,81,78.14
18541,6203,88,417.5
18542,2040,59,495.0
18543,4976,52,228.05
18544,4704,81,437.47
18545,1846,76,283.83
18546,4267,40,492.6
18547,4962,3,188.85
18548,1323,65,493.69
18549,1360,20,134.07
18550,4318,75,304.03
18551,8301,3,10.32
18552,9070,47,105.45
18553,7762,97,11.77
18554,5484,10,95.2
18555,8934,55,419.21
18556,6523,11,476.91
18557,3810,28,482.65
18558,3701,52,473.72
18559,898,15,107.48
18560,4854,24,491.98
18561,5230,59,140.48
18562,3084,50,261.64
18563,6162,16,215.62
18564,9202,84,77.32
18565,5294,96,334.84
18566,4545,56,24.51
18567,1783,90,86.11
18568,5705,62,381.75
18569,5996,11,342.17
18570,154,91,234.28
18571,161,87,87.57
18572,311,28,446.64
18573,1112,39,269.12
18574,413,87,210.72
18575,2492,68,374.7
18576,6681,15,104.88
18577,5438,5,224.16
18578,7237,76,386.06
18579,9768,30,211.11
18580,8654,55,189.55
18581,1656,45,153.94
18582,1459,95,459.06
18583,1886,4,38.55
18584,1231,86,156.71
18585,7978,87,131.78
18586,6611,71,108.89
18587,6710,97,45.9
18588,34,49,303.06
18589,9542,13,415.16
18590,8828,60,152.19
18591,7934,3,91.91
18592,9727,76,216.5
18593,4148,83,73.76
18594,9166,58,149.08
18595,309,82,442.19
18596,9931,7,219.77
18597,8971,64,153.11
18598,3937,47,298.69
18599,8338,28,55.24
18600,9570,77,168.57
18601,1237,96,318.01
18602,4229,41,136.36
18603,7743,3,196.86
18604,5134,69,383.84
18605,2833,29,312.7
18606,1304,54,376.08
18607,7293,53,458.51
18608,3487,95,159.25
18609,1489,29,436.28
18610,9428,16,459.9
18611,7754,67,138.37
18612,2404,13,18.41
18613,3888,13,43.35
18614,463,1,103.81
18615,3245,76,177.82
18616,3813,60,20.35
18617,9825,57,391.89
18618,5581,28,361.04
18619,6911,78,448.55
18620,9351,13,311.92
18621,4391,58,470.46
18622,3483,3,27.75
18623,5889,47,407.16
18624,1798,66,226.71
18625,470,12,370.72
18626,5100,28,479.28
18627,9191,81,58.97
18628,7990,53,296.79
18629,525,71,16.81
18630,2946,50,297.74
18631,1113,100,295.25
18632,233,88,131.9
18633,4499,95,37.27
18634,3044,8,119.83
18635,1494,73,493.96
18636,6467,56,467.79
18637,4181,53,480.08
18638,6334,41,267.61
18639,8189,60,50.33
18640,5046,80,75.47
18641,8566,35,78.58
18642,8017,100,395.99
18643,5523,68,426.58
18644,3820,8,202.07
18645,1465,35,369.19
18646,2090,35,350.53
18647,9948,99,396.37
18648,6508,68,39.08
18649,6084,36,432.64
18650,7191,29,80.93
18651,3273,75,314.27
18652,325,1,16.26
18653,1315,52,313.11
18654,1957,26,446.75
18655,8989,23,351.65
18656,2927,74,405.59
18657,2715,42,355.49
18658,8958,40,84.88
18659,7661,42,100.05
18660,7144,37,240.76
18661,8913,9,281.64
18662,1571,29,399.64
18663,3506,100,365.09
18664,7547,44,452.03
18665,4816,46,410.98
18666,1033,55,160.45
18667,9910,79,26.41
18668,7441,71,495.38
18669,5154,1,79.97
18670,3064,50,54.94
18671,5845,100,316.39
18672,5810,67,391.85
18673,542,94,172.38
18674,4783,40,272.28
18675,5622,77,460.21
18676,8597,4,99.43
18677,481,17,411.36
18678,7029,11,473.65
18679,1888,26,82.0
18680,2389,69,186.85
18681,2803,30,470.88
18682,7980,36,120.72
18683,9633,6,230.36
18684,7565,80,276.63
18685,6309,91,444.11
18686,6635,20,270.92
18687,9426,70,301.43
18688,1127,52,192.42
18689,1535,46,112.98
18690,6749,14,113.04
18691,3933,55,427.7
18692,1957,56,175.47
18693,743,16,494.74
18694,9001,35,219.48
18695,6700,31,283.36
18696,9581,53,339.63
18697,1093,91,320.65
18698,8580,54,378.17
18699,8912,51,16.31
18700,7949,4,471.22
18701,7693,3,355.93
18702,5786,11,437.4
18703,8875,90,383.99
18704,3078,77,246.6
18705,8387,15,406.66
18706,1218,85,152.44
18707,5944,14,402.36
18708,5974,18,75.39
18709,4488,6,126.57
18710,2638,20,120.73
18711,9383,72,460.22
18712,105,35,483.41
18713,8517,67,11.32
18714,6921,54,293.76
18715,1627,9,351.67
18716,7921,2,420.81
18717,8381,10,61.59
18718,9504,67,260.16
18719,8559,85,455.12
18720,485,86,17.15
18721,762,29,371.85
18722,9239,37,92.44
18723,6805,10,372.87
18724,5449,78,347.11
18725,9083,80,110.66
18726,9665,53,41.44
18727,1886,13,149.57
18728,2140,57,498.29
18729,7959,53,46.18
18730,9221,69,198.86
18731,9026,4,69.61
18732,9046,54,208.04
18733,2997,30,39.02
18734,7610,56,312.48
18735,8114,67,204.76
18736,8717,27,387.83
18737,8907,31,36.48
18738,3988,96,262.44
18739,2297,7,478.39
18740,7216,66,295.12
18741,7073,5,478.01
18742,9631,12,363.54
18743,7241,17,437.52
18744,9621,76,474.39
18745,4270,65,262.25
18746,187,7,420.32
18747,9304,80,195.03
18748,183,42,452.56
18749,5720,76,396.22
18750,8635,77,215.35
18751,6501,54,327.39
18752,9989,94,166.63
18753,9104,30,274.54
18754,6411,65,98.01
18755,1057,82,156.49
18756,6647,38,226.98
18757,9726,22,232.0
18758,9507,84,270.26
18759,9367,84,386.02
18760,1860,53,251.1
18761,9290,13,60.13
18762,693,89,403.46
18763,3576,14,421.46
18764,8573,100,150.51
18765,2563,52,59.85
18766,2485,7,469.71
18767,6892,10,198.14
18768,1528,13,225.84
18769,8706,74,201.41
18770,6081,89,88.84
18771,8268,56,198.81
18772,5242,7,436.35
18773,8789,45,377.93
18774,9015,27,420.69
18775,8675,87,36.36
18776,3263,17,312.97
18777,1108,44,313.89
18778,3230,76,421.64
18779,936,17,51.44
18780,7244,57,137.68
18781,5391,45,423.14
18782,3797,22,171.27
18783,8967,44,497.94
18784,7245,54,118.45
18785,4707,70,458.23
18786,557,31,101.74
18787,2308,14,20.79
18788,9393,58,126.5
18789,3227,66,93.45
18790,8489,2,176.54
18791,1871,72,56.23
18792,115,23,340.94
18793,9318,78,248.6
18794,7581,49,256.59
18795,2637,63,363.1
18796,5502,55,104.94
18797,4225,75,23.86
18798,4357,100,405.67
18799,8232,53,408.11
18800,7760,41,440.32
18801,2116,45,119.5
18802,1963,99,472.83
18803,8202,52,190.4
18804,5820,93,365.51
18805,8284,42,295.44
18806,9183,58,30.25
18807,2055,21,439.1
18808,9392,79,104.28
18809,7253,66,300.75
18810,483,70,361.31
18811,5362,60,145.12
18812,7459,42,448.37
18813,9347,8,372.1
18814,2627,75,68.84
18815,4145,94,463.37
18816,8178,11,137.71
18817,2681,24,316.66
18818,5026,31,238.77
18819,6747,74,299.52
18820,202,45,16.37
18821,4152,2,26.47
18822,2455,13,438.51
18823,8868,61,96.01
18824,514,19,433.35
18825,4982,3,318.46
18826,749,44,154.68
18827,4590,95,157.96
18828,3786,20,418.05
18829,1372,11,189.14
18830,8127,62,218.09
18831,1852,100,212.07
18832,5807,84,328.85
18833,9977,96,470.17
18834,6407,14,445.74
18835,9502,81,313.96
18836,9468,64,214.2
18837,8087,33,400.47
18838,6906,92,342.79
18839,4953,23,489.78
18840,6961,70,73.43
18841,5260,45,415.81
18842,7727,34,318.65
18843,1082,3,377.54
18844,3188,38,96.34
18845,1057,51,198.11
18846,5784,44,275.81
18847,234,65,31.04
18848,9567,26,33.59
18849,8210,81,368.21
18850,1641,75,318.66
18851,2208,5,392.31
18852,4459,64,104.53
18853,1642,5,150.76
18854,965,63,201.56
18855,6495,45,335.26
18856,4432,31,491.05
18857,3479,33,455.3
18858,431,86,185.48
18859,7849,41,76.94
18860,7922,98,440.55
18861,1132,67,361.56
18862,9278,41,463.25
18863,9115,87,180.73
18864,7724,71,16.87
18865,2452,28,141.28
18866,8760,42,237.54
18867,3077,87,159.99
18868,7294,64,384.89
18869,220,40,85.9
18870,3769,71,161.98
18871,1918,18,268.99
18872,7938,50,334.28
18873,8249,78,324.08
18874,3232,72,30.4
18875,7765,85,370.31
18876,486,28,241.04
18877,699,62,295.8
18878,3540,42,121.0
18879,6198,73,479.97
18880,5131,21,319.69
18881,3550,3,118.52
18882,3185,35,474.1
18883,8503,90,17.92
18884,7026,14,152.94
18885,8389,63,297.05
18886,5714,52,367.7
18887,8420,60,30.42
18888,7116,87,395.05
18889,725,90,65.93
18890,605,25,489.32
18891,1120,86,413.65
18892,8565,53,383.24
18893,7088,72,138.83
18894,6616,70,46.97
18895,8774,20,117.21
18896,2315,37,409.89
18897,2690,23,299.09
18898,3973,78,330.48
18899,8604,83,74.03
18900,524,100,460.25
18901,4370,78,409.11
18902,5514,25,240.52
18903,55,50,54.28
18904,221,81,259.75
18905,8114,45,413.14
18906,5746,67,461.68
18907,1157,82,50.57
18908,5122,97,392.2
18909,4118,66,127.05
18910,5215,65,115.54
18911,1999,87,272.34
18912,3014,26,267.6
18913,4505,45,451.13
18914,2236,2,141.06
18915,9994,32,401.25
18916,9158,84,248.71
18917,3537,59,288.4
18918,9978,67,445.97
18919,7633,88,319.32
18920,237,19,223.63
18921,7047,69,97.05
18922,4177,78,365.34
18923,7319,89,368.07
18924,2350,93,446.24
18925,3724,71,190.06
18926,6813,84,123.65
18927,3313,32,222.16
18928,6573,98,195.64
18929,4664,81,94.48
18930,1333,69,477.44
18931,4852,26,373.23
18932,4553,57,382.12
18933,1418,27,67.17
18934,2101,7,357.16
18935,1920,81,232.87
18936,3696,55,282.18
18937,1633,2,63.7
18938,8794,4,451.81
18939,7717,6,58.93
18940,4419,35,218.04
18941,7620,97,155.86
18942,1611,14,228.14
18943,2203,9,69.77
18944,9770,100,90.13
18945,714,54,353.85
18946,1960,57,479.78
18947,5089,77,469.86
18948,9906,4,238.07
18949,991,27,279.74
18950,3208,49,284.69
18951,6399,93,336.54
18952,9526,5,429.97
18953,8394,22,291.71
18954,4076,42,131.57
18955,9662,12,200.67
18956,5863,92,137.12
18957,8242,57,453.99
18958,4662,3,447.28
18959,3949,39,465.31
18960,6155,28,240.58
18961,5396,23,353.05
18962,5693,34,159.85
18963,6403,30,232.57
18964,2077,94,75.3
18965,730,57,243.11
18966,3801,35,42.38
18967,2704,99,23.04
18968,442,73,395.46
18969,668,67,23.47
18970,7423,56,403.56
18971,7495,4,349.08
18972,7499,96,400.15
18973,16,19,416.48
18974,9423,54,455.12
18975,1117,45,499.16
18976,6539,86,295.29
18977,5866,12,464.85
18978,8574,7,306.11
18979,103,62,34.07
18980,4668,52,178.31
18981,502,85,389.63
18982,6493,35,115.55
18983,9583,98,351.1
18984,7122,92,458.03
18985,9884,22,12.09
18986,5622,3,35.23
18987,9545,61,62.06
18988,934,33,194.74
18989,8573,94,266.86
18990,8390,8,238.01
18991,2867,16,112.77
18992,5741,33,354.64
18993,9724,54,145.58
18994,9237,15,115.63
18995,3333,96,493.25
18996,8316,52,376.09
18997,5226,54,138.87
18998,3363,100,393.43
18999,2814,64,54.07
19000,5587,25,136.63
19001,9890,90,136.0
19002,7266,21,398.02
19003,5106,24,444.75
19004,1145,69,145.38
19005,4399,20,366.99
19006,8004,3,329.57
19007,9797,2,158.39
19008,3299,84,349.83
19009,7011,56,155.99
19010,9416,81,335.92
19011,9717,34,347.58
19012,6892,55,465.46
19013,9725,97,269.0
19014,2254,76,325.4
19015,4250,40,102.42
19016,5602,83,81.06
19017,9339,74,85.74
19018,4897,93,52.06
19019,8606,80,118.7
19020,8884,95,400.81
19021,1435,78,213.64
19022,9137,71,91.2
19023,9643,8,252.87
19024,2553,81,352.04
19025,7635,23,223.07
19026,114,61,187.71
19027,5137,25,490.43
19028,3673,99,43.65
19029,6349,14,431.39
19030,586,90,158.21
19031,7742,11,260.07
19032,379,85,156.43
19033,6303,23,404.95
19034,2903,71,153.39
19035,2349,94,209.4
19036,8277,91,448.67
19037,7031,99,401.37
19038,1983,12,149.05
19039,1473,78,271.37
19040,7092,78,36.9
19041,7424,21,78.93
19042,982,83,428.5
19043,9071,96,393.35
19044,7930,58,395.14
19045,5230,77,25.06
19046,225,15,64.48
19047,9047,69,174.68
19048,8510,69,375.18
19049,2923,90,170.69
19050,3972,63,301.5
19051,1655,65,392.4
19052,1988,44,149.0
19053,5796,23,152.02
19054,9869,41,26.38
19055,6980,75,212.04
19056,8201,42,197.81
19057,5857,17,478.82
19058,6816,82,225.94
19059,1087,99,136.82
19060,5963,20,204.98
19061,4843,42,229.71
19062,3915,26,262.56
19063,1442,93,245.22
19064,7671,31,282.25
19065,4159,40,143.18
19066,9620,73,165.44
19067,7078,79,148.74
19068,7101,89,117.21
19069,4681,8,322.96
19070,3530,20,101.88
19071,6649,42,443.99
19072,9158,6,151.36
19073,8242,40,103.23
19074,2296,40,379.88
19075,4403,32,473.84
19076,8952,37,68.67
19077,3399,21,454.6
19078,5271,18,205.71
19079,5292,70,419.61
19080,44,32,34.35
19081,5963,30,183.92
19082,2358,55,282.45
19083,4297,14,305.19
19084,1282,93,400.97
19085,9276,35,21.88
19086,2022,63,312.0
19087,9075,75,162.16
19088,4571,67,58.74
19089,3073,67,435.02
19090,5427,83,425.18
19091,4820,91,60.5
19092,9193,54,60.51
19093,2113,33,498.11
19094,2211,55,158.69
19095,3607,36,241.15
19096,7810,34,100.63
19097,4040,61,459.32
19098,2110,55,382.0
19099,5685,49,415.18
19100,8717,68,55.44
19101,7283,70,97.28
19102,2756,81,253.5
19103,2881,82,73.11
19104,3801,54,174.73
19105,9873,60,62.51
19106,1745,21,239.2
19107,6011,73,290.66
19108,9627,17,148.68
19109,2719,87,41.33
19110,1972,100,485.07
19111,8989,7,290.05
19112,2118,22,60.6
19113,2777,27,395.25
19114,4179,77,277.93
19115,7082,55,213.76
19116,8091,1,27.08
19117,2336,11,447.36
19118,7655,19,283.47
19119,7003,27,325.9
19120,2526,1,249.96
19121,3534,79,427.45
19122,3402,50,200.09
19123,9304,34,302.13
19124,4239,35,292.51
19125,1010,91,346.36
19126,3367,26,13.44
19127,8708,97,432.86
19128,6256,75,481.6
19129,1598,32,422.12
19130,9264,19,192.11
19131,8988,77,53.3
19132,672,79,110.78
19133,9894,19,198.58
19134,401,73,340.86
19135,186,8,476.98
19136,309,48,432.91
19137,9176,76,184.23
19138,6149,82,381.78
19139,5217,79,182.14
19140,8067,46,333.28
19141,7531,47,24.64
19142,2133,38,380.59
19143,794,25,435.63
19144,8608,11,246.93
19145,8878,9,51.66
19146,8770,96,283.03
19147,4486,97,334.06
19148,8154,55,407.36
19149,2022,95,55.64
19150,7225,58,485.08
19151,6497,79,345.45
19152,5437,79,84.54
19153,9723,96,288.05
19154,6826,86,10.51
19155,8093,57,363.35
19156,1968,88,463.06
19157,5020,46,222.18
19158,609,36,421.43
19159,5299,48,61.67
19160,8938,6,234.99
19161,281,87,50.39
19162,8147,62,387.71
19163,6932,71,176.76
19164,1398,24,357.38
19165,5046,75,240.64
19166,2755,50,460.84
19167,9104,70,345.72
19168,6803,81,182.74
19169,2598,76,295.12
19170,1599,10,340.24
19171,3516,6,204.73
19172,1695,84,143.84
19173,5334,11,326.91
19174,8993,61,35.63
19175,1812,80,183.65
19176,5541,3,331.17
19177,9377,38,302.05
19178,601,56,365.37
19179,893,48,261.79
19180,4172,52,496.26
19181,4350,17,88.69
19182,5635,26,433.54
19183,3909,62,73.79
19184,9321,77,188.95
19185,757,70,339.06
19186,7385,47,445.78
19187,2260,6,222.13
19188,9730,97,261.49
19189,9748,70,498.84
19190,8093,55,464.71
19191,4349,54,359.06
19192,5386,5,137.87
19193,2781,19,260.28
19194,5979,88,236.44
19195,7979,17,10.08
19196,7895,11,350.41
19197,1975,52,62.46
19198,1627,19,289.24
19199,4953,25,320.98
19200,5589,88,490.44
19201,8552,33,44.65
19202,5509,14,39.82
19203,9836,74,366.87
19204,1013,48,491.88
19205,612,21,304.18
19206,7770,72,385.1
19207,7013,84,115.83
19208,3487,13,209.95
19209,9275,20,191.85
19210,6446,62,487.29
19211,6045,9,249.56
19212,1371,61,182.73
19213,5270,20,185.28
19214,1319,61,400.07
19215,4433,41,320.04
19216,6444,74,148.6
19217,9493,12,149.26
19218,9873,40,305.47
19219,3084,20,344.03
19220,2699,8,473.07
19221,7225,100,188.81
19222,7973,25,427.53
19223,5706,89,461.66
19224,4830,83,228.78
19225,8438,46,297.84
19226,5836,48,239.01
19227,662,32,442.55
19228,7003,8,40.45
19229,6082,78,355.42
19230,728,96,438.45
19231,92,66,36.19
19232,4788,79,270.37
19233,8086,57,387.37
19234,6659,49,131.84
19235,1514,29,11.96
19236,7163,16,461.7
19237,1026,81,201.55
19238,3058,25,184.84
19239,7979,39,286.81
19240,4440,91,398.64
19241,4054,24,481.83
19242,2976,98,54.59
19243,1380,44,98.36
19244,5676,50,242.01
19245,4367,91,150.73
19246,7376,26,466.22
19247,4906,92,318.99
19248,6839,19,250.29
19249,2734,2,97.32
19250,8072,86,193.44
19251,9899,50,82.26
19252,880,37,459.39
19253,7505,71,229.27
19254,9908,59,203.19
19255,8145,36,176.65
19256,7911,38,152.81
19257,8982,50,454.58
19258,7826,84,380.43
19259,5547,63,398.15
19260,5335,99,193.41
19261,2352,59,310.96
19262,4121,87,308.77
19263,1863,69,460.16
19264,1671,78,195.14
19265,2070,46,352.44
19266,9346,85,362.7
19267,6677,10,194.49
19268,5864,8,485.36
19269,7980,64,402.49
19270,556,9,360.34
19271,287,64,449.66
19272,2981,24,464.31
19273,2204,30,331.03
19274,3967,8,434.27
19275,5547,58,271.83
19276,5480,15,14.16
19277,332,85,310.26
19278,5893,6,145.08
19279,6298,14,104.42
19280,2526,37,306.27
19281,4461,55,277.15
19282,1950,5,341.69
19283,4977,92,253.76
19284,3126,61,147.76
19285,7678,25,344.68
19286,1193,7,486.54
19287,9357,26,300.28
19288,922,80,168.18
19289,9835,15,433.89
19290,7553,55,488.85
19291,3531,67,248.05
19292,5794,67,195.39
19293,4098,41,101.68
19294,3434,16,414.92
19295,581,37,174.02
19296,1187,33,162.65
19297,7278,49,370.12
19298,4964,67,384.5
19299,828,18,363.66
19300,466,70,134.82
19301,8256,68,166.23
19302,29,12,439.65
19303,7020,73,355.62
19304,2972,39,25.42
19305,8137,8,457.96
19306,9344,51,37.41
19307,9152,46,366.63
19308,2513,33,436.62
19309,4680,65,445.42
19310,7161,6,79.64
19311,5025,54,222.08
19312,7353,89,362.61
19313,3687,47,319.8
19314,5466,90,319.8
19315,171,56,312.43
19316,4701,68,316.71
19317,42,49,429.53
19318,735,8,286.23
19319,727,87,173.23
19320,3424,64,348.06
19321,1108,12,15.39
19322,16,53,366.17
19323,6374,57,417.15
19324,626,83,107.41
19325,7410,78,205.47
19326,4290,3,152.04
19327,7744,60,114.89
19328,8290,84,194.06
19329,2664,15,199.54
19330,4620,40,92.99
19331,2429,25,219.25
19332,3270,24,64.11
19333,2603,38,387.75
19334,9747,25,252.3
19335,982,51,211.06
19336,7291,14,109.18
19337,143,71,117.46
19338,2980,21,437.94
19339,5951,49,376.68
19340,4920,1,195.76
19341,8562,98,382.29
19342,2537,70,185.69
19343,1222,48,254.7
19344,4984,61,174.76
19345,36,72,348.77
19346,1811,22,485.11
19347,4926,96,436.49
19348,660,63,255.11
19349,9877,30,389.79
19350,9815,89,189.88
19351,3508,98,189.19
19352,7950,82,489.91
19353,6325,35,30.62
19354,5630,51,356.02
19355,6378,67,353.46
19356,7125,54,483.73
19357,1056,58,42.4
19358,4841,10,35.92
19359,5724,70,375.31
19360,7221,81,215.61
19361,5839,87,427.12
19362,3967,78,279.89
19363,5393,2,334.52
19364,7722,44,417.33
19365,9900,62,363.76
19366,9019,71,127.93
19367,3785,71,444.02
19368,3573,16,338.88
19369,9001,72,185.16
19370,1332,49,379.81
19371,5864,70,57.2
19372,5000,35,424.35
19373,5833,7,68.05
19374,1754,80,149.55
19375,3672,28,251.2
19376,2504,42,99.66
19377,9611,26,289.46
19378,1446,19,402.19
19379,1459,65,37.37
19380,5945,49,311.01
19381,7651,54,75.53
19382,6379,3,99.5
19383,5299,75,30.28
19384,6678,64,405.35
19385,1716,91,193.62
19386,9449,39,394.63
19387,2117,61,58.05
19388,2695,85,295.96
19389,8619,36,27.2
19390,793,36,172.47
19391,5703,96,67.63
19392,2943,41,284.53
19393,6016,96,236.64
19394,374,59,463.73
19395,2691,67,26.29
19396,2179,25,273.44
19397,3763,76,404.35
19398,4657,24,82.7
19399,6091,9,479.37
19400,2681,77,466.69
19401,5583,3,28.38
19402,5184,94,399.3
19403,9495,5,184.02
19404,5148,63,221.11
19405,2832,3,136.24
19406,8413,56,308.23
19407,2539,16,442.79
19408,2538,76,178.92
19409,1416,86,227.0
19410,4439,58,270.07
19411,605,88,321.13
19412,8555,24,241.89
19413,3106,11,360.27
19414,2652,100,430.65
19415,5408,9,392.25
19416,1559,13,173.22
19417,9070,69,122.89
19418,720,16,75.37
19419,2731,11,455.52
19420,3791,66,380.76
19421,6571,7,356.31
19422,1394,29,376.66
19423,9340,27,478.2
19424,4553,20,276.48
19425,7265,2,481.21
19426,7201,96,474.7
19427,5409,36,324.38
19428,6891,20,339.37
19429,1763,98,483.05
19430,475,31,259.77
19431,8318,28,270.0
19432,6829,27,316.63
19433,7223,97,286.25
19434,8625,84,312.61
19435,8229,5,469.87
19436,7362,100,144.64
19437,1907,70,246.66
19438,5308,28,44.32
19439,2400,23,440.33
19440,4775,30,250.2
19441,6767,90,371.89
19442,3931,51,303.73
19443,9016,65,437.2
19444,8166,58,399.66
19445,1254,48,135.03
19446,1293,29,419.95
19447,4604,15,394.2
19448,5486,86,489.05
19449,959,25,414.64
19450,5090,1,304.1
19451,2588,36,229.2
19452,8652,4,58.92
19453,1792,99,422.91
19454,7609,5,281.51
19455,5031,63,387.57
19456,8620,5,460.08
19457,5542,90,150.03
19458,3597,66,323.33
19459,4656,53,341.68
19460,7597,62,373.55
19461,4718,46,428.7
19462,5731,36,93.75
19463,2879,82,337.88
19464,2415,94,323.47
19465,4369,2,361.58
19466,3974,67,107.51
19467,1191,12,144.26
19468,9819,58,64.23
19469,1893,97,171.59
19470,8740,13,94.78
19471,2353,45,296.15
19472,2327,1,385.0
19473,7043,41,63.22
19474,816,87,342.29
19475,5085,60,44.07
19476,3918,3,195.97
19477,8683,12,266.89
19478,4330,58,44.97
19479,1683,89,133.06
19480,6406,36,452.2
19481,6080,71,344.31
19482,9270,92,460.9
19483,6169,17,276.56
19484,4987,97,21.25
19485,5151,38,288.45
19486,5913,54,488.3
19487,853,90,107.1
19488,1739,16,410.19
19489,9293,36,115.69
19490,9228,66,165.78
19491,4062,32,87.99
19492,5904,60,308.42
19493,7720,18,413.74
19494,2437,84,407.21
19495,834,22,234.1
19496,6247,6,192.02
19497,670,14,72.83
19498,6507,16,247.83
19499,1703,85,85.56
19500,6111,23,256.33
19501,8988,9,474.91
19502,5519,57,472.5
19503,310,37,29.54
19504,6367,33,214.28
19505,4279,12,64.45
19506,7476,74,283.47
19507,5569,90,344.99
19508,469,10,94.96
19509,7166,39,268.17
19510,9907,97,159.66
19511,7780,27,97.69
19512,9568,9,21.52
19513,7049,74,51.12
19514,9949,53,205.01
19515,7006,14,281.43
19516,6149,54,14.82
19517,324,90,279.48
19518,5249,91,299.56
19519,7533,36,162.09
19520,8802,71,402.42
19521,5408,21,174.53
19522,4377,63,188.15
19523,3563,83,414.97
19524,9897,7,187.35
19525,3416,71,74.59
19526,730,96,101.29
19527,1070,91,156.45
19528,3478,29,431.13
19529,2908,16,97.27
19530,5087,68,194.12
19531,1198,31,427.53
19532,3757,82,205.19
19533,748,32,279.54
19534,1108,13,242.04
19535,8485,15,356.78
19536,1411,24,250.27
19537,1934,42,398.1
19538,2670,8,301.93
19539,8429,23,208.61
19540,5951,76,332.52
19541,2713,8,12.85
19542,2463,100,429.27
19543,7578,44,491.04
19544,5405,38,208.7
19545,7658,43,345.6
19546,895,67,482.12
19547,8127,25,387.52
19548,6435,7,27.16
19549,1436,42,138.62
19550,3228,37,131.48
19551,6098,35,195.4
19552,2461,68,425.54
19553,6858,52,431.26
19554,9426,25,417.78
19555,1354,10,404.65
19556,7551,35,181.73
19557,4417,7,256.09
19558,4755,24,310.91
19559,2285,49,393.46
19560,6408,82,88.71
19561,6061,32,182.79
19562,8268,5,175.58
19563,6048,94,176.78
19564,1962,100,38.23
19565,4097,69,306.56
19566,7847,47,316.62
19567,8091,65,118.63
19568,5153,39,444.54
19569,9580,2,427.31
19570,4888,35,448.82
19571,3351,7,236.55
19572,2775,4,429.31
19573,1906,52,402.88
19574,7503,52,89.49
19575,494,62,281.91
19576,4980,65,102.98
19577,6855,39,64.16
19578,615,30,16.53
19579,2413,24,95.0
19580,3787,44,436.47
19581,5431,7,465.49
19582,6727,95,220.33
19583,7580,80,494.81
19584,560,63,54.44
19585,4236,80,234.22
19586,9161,64,57.1
19587,8412,69,213.55
19588,4659,2,29.4
19589,839,59,210.09
19590,7836,84,85.92
19591,9292,69,73.67
19592,8121,90,89.13
19593,4922,52,229.56
19594,7245,65,236.54
19595,2967,18,84.63
19596,1029,52,429.23
19597,4308,85,322.16
19598,1039,25,375.12
19599,5447,92,154.83
19600,6250,90,134.58
19601,7607,79,98.18
19602,2431,85,124.22
19603,6525,75,137.84
19604,7905,95,290.55
19605,2813,24,342.32
19606,7818,40,497.42
19607,9776,89,240.58
19608,5315,10,42.84
19609,1365,19,371.17
19610,7650,13,326.47
19611,6051,45,103.15
19612,5891,32,198.18
19613,1086,88,110.93
19614,3825,15,425.16
19615,7002,12,388.84
19616,5496,63,201.53
19617,2714,52,498.44
19618,8043,94,300.92
19619,2165,23,215.64
19620,4370,97,460.26
19621,9630,95,193.88
19622,8406,27,263.48
19623,3758,7,95.49
19624,8481,65,201.76
19625,1918,44,307.73
19626,1556,78,312.29
19627,67,1,397.24
19628,6308,7,81.64
19629,287,10,116.56
19630,5129,22,242.04
19631,4503,40,403.62
19632,6803,81,490.66
19633,8244,84,165.99
19634,3375,92,293.25
19635,9629,63,266.5
19636,2175,58,459.24
19637,7916,34,435.16
19638,9969,66,331.25
19639,3935,15,466.34
19640,796,82,338.32
19641,371,85,246.04
19642,2824,93,416.95
19643,5047,49,202.71
19644,4261,23,149.94
19645,4515,49,385.76
19646,8037,93,248.06
19647,2834,1,239.3
19648,7548,98,286.81
19649,4594,36,91.96
19650,754,58,180.82
19651,6657,79,154.71
19652,4265,54,105.85
19653,8858,47,31.12
19654,3946,40,409.38
19655,9398,47,95.08
19656,7323,60,20.38
19657,1576,64,290.06
19658,2192,51,95.61
19659,8715,77,213.67
19660,5858,65,351.53
19661,4183,98,107.26
19662,6799,73,474.9
19663,5838,4,410.77
19664,6070,75,395.76
19665,9377,16,415.4
19666,4459,92,306.07
19667,5066,25,144.62
19668,2366,35,222.59
19669,3856,88,243.53
19670,3342,95,465.58
19671,4607,68,484.94
19672,7124,42,310.07
19673,72,80,381.45
19674,1045,32,137.45
19675,5001,54,407.97
19676,4370,36,268.35
19677,5751,47,142.92
19678,9167,8,431.83
19679,460,39,493.05
19680,9740,40,351.26
19681,5780,80,368.44
19682,1417,34,152.04
19683,2698,77,96.18
19684,1995,73,389.33
19685,5550,31,318.71
19686,2997,80,49.93
19687,3456,89,381.79
19688,6824,32,433.99
19689,1031,36,371.77
19690,2694,42,84.27
19691,7431,54,484.35
19692,9027,89,78.55
19693,5134,93,448.21
19694,8928,16,360.52
19695,6621,58,21.19
19696,5973,28,96.86
19697,2153,3,470.08
19698,7711,97,399.68
19699,920,35,103.57
19700,9003,89,247.54
19701,8465,56,297.77
19702,423,93,395.56
19703,7119,1,89.15
19704,5405,75,95.84
19705,601,5,421.54
19706,8538,36,427.72
19707,2526,65,32.27
19708,4984,21,245.85
19709,6841,5,297.82
19710,5258,77,391.76
19711,2331,34,221.26
19712,7046,88,140.65
19713,1881,83,307.63
19714,6604,24,193.09
19715,7118,99,377.56
19716,5159,41,61.72
19717,3725,75,51.04
19718,4900,56,248.67
19719,6401,69,190.17
19720,6024,48,233.58
19721,3397,99,40.0
19722,5216,82,298.05
19723,942,29,210.27
19724,4230,92,353.87
19725,6850,60,29.1
19726,818,91,481.25
19727,2234,24,53.49
19728,1576,8,123.57
19729,8699,24,470.98
19730,6386,68,168.49
19731,7900,55,232.78
19732,2535,61,56.32
19733,1798,42,61.43
19734,5606,60,70.56
19735,6272,36,184.98
19736,5377,37,91.07
19737,6757,86,160.91
19738,785,68,22.91
19739,522,33,158.99
19740,4368,31,226.36
19741,4482,73,366.22
19742,432,7,31.56
19743,3602,98,270.98
19744,2240,11,433.73
19745,6367,25,438.63
19746,9982,76,97.15
19747,1080,57,212.37
19748,9912,95,350.45
19749,3508,95,410.32
19750,6305,56,312.49
19751,5475,48,367.77
19752,7620,42,75.09
19753,8153,61,151.85
19754,2099,49,410.79
19755,3654,64,164.45
19756,6796,98,38.57
19757,2328,82,401.9
19758,5493,64,463.64
19759,8282,83,181.45
19760,4583,93,354.66
19761,893,73,92.54
19762,3578,67,185.08
19763,1138,85,458.44
19764,2728,46,10.18
19765,4165,66,440.44
19766,2893,54,308.46
19767,118,15,478.74
19768,5093,3,55.72
19769,1843,56,248.41
19770,9079,72,404.38
19771,8910,71,380.64
19772,9421,27,295.73
19773,5988,11,144.65
19774,9499,8,81.76
19775,2865,50,446.7
19776,3452,36,294.96
19777,2558,45,425.22
19778,4457,68,46.42
19779,210,50,445.85
19780,6750,23,167.85
19781,9292,89,298.95
19782,5487,23,213.18
19783,719,18,340.2
19784,8887,35,201.91
19785,2658,91,472.26
19786,6056,55,96.51
19787,6607,13,237.97
19788,3385,46,383.62
19789,6713,20,124.67
19790,409,18,212.68
19791,1615,90,78.21
19792,9301,48,50.78
19793,7812,24,41.76
19794,2712,74,72.61
19795,484,25,484.38
19796,1638,98,76.71
19797,4928,28,437.49
19798,5179,48,355.44
19799,1231,46,331.75
19800,9405,95,117.28
19801,5514,13,93.94
19802,6430,60,395.09
19803,3136,100,337.73
19804,7415,72,110.26
19805,2608,58,287.51
19806,9617,29,409.57
19807,5640,53,38.15
19808,9499,84,468.17
19809,8587,8,489.79
19810,5646,51,18.33
19811,1201,87,242.85
19812,661,29,126.75
19813,7934,14,395.71
19814,1587,81,123.82
19815,4064,43,51.18
19816,4275,100,330.07
19817,6063,48,148.49
19818,3137,58,156.48
19819,8754,65,499.47
19820,2411,25,166.38
19821,9966,72,60.25
19822,5317,54,175.18
19823,1634,8,490.64
19824,6166,56,341.48
19825,7368,30,82.2
19826,2285,77,68.33
19827,172,30,167.42
19828,7073,15,162.48
19829,1427,69,190.92
19830,662,46,336.48
19831,7280,37,472.87
19832,5360,42,263.54
19833,7504,86,326.7
19834,2930,10,295.98
19835,1314,50,316.5
19836,170,6,266.2
19837,1375,48,334.55
19838,4704,26,38.34
19839,252,18,428.08
19840,2209,76,483.67
19841,8905,98,395.05
19842,4769,67,338.86
19843,6868,18,388.84
19844,6045,79,213.17
19845,7007,86,424.94
19846,9597,93,355.52
19847,8611,42,211.3
19848,9746,88,15.81
19849,9365,49,16.15
19850,421,4,44.51
19851,5497,83,15.86
19852,5610,79,317.29
19853,4815,95,92.97
19854,8642,16,421.32
19855,7153,19,288.0
19856,5197,31,254.01
19857,2769,39,21.88
19858,934,67,434.94
19859,4034,76,311.6
19860,975,41,91.06
19861,1748,71,292.91
19862,7818,1,297.28
19863,5293,19,242.51
19864,8429,22,93.54
19865,818,46,72.23
19866,6257,69,384.59
19867,4582,41,326.73
19868,4382,83,304.48
19869,6383,39,100.02
19870,4583,30,119.1
19871,3074,18,57.62
19872,2791,22,62.52
19873,3196,92,334.97
19874,8486,27,303.44
19875,6840,23,99.37
19876,684,66,401.9
19877,9726,95,268.73
19878,8016,92,197.07
19879,9593,83,37.53
19880,9841,72,77.04
19881,7232,24,103.85
19882,8885,62,279.42
19883,7483,70,121.37
19884,1411,67,97.87
19885,8659,29,488.99
19886,3456,14,217.13
19887,7405,31,339.58
19888,9266,80,80.72
19889,2955,21,32.4
19890,8762,63,354.07
19891,2139,67,128.65
19892,549,76,113.57
19893,5261,97,10.11
19894,7552,71,10.57
19895,8492,99,407.4
19896,6457,45,326.1
19897,3391,89,314.38
19898,8478,2,33.26
19899,8288,64,316.63
19900,7123,88,402.46
19901,4216,1,396.05
19902,6575,36,178.32
19903,9877,30,196.67
19904,9594,59,49.78
19905,2782,11,227.83
19906,8902,88,188.95
19907,1174,99,439.95
19908,2595,70,174.63
19909,2595,17,288.58
19910,2445,57,496.66
19911,583,50,377.76
19912,7925,80,187.63
19913,6517,62,252.55
19914,5520,71,142.93
19915,706,15,479.59
19916,5798,64,223.47
19917,2747,52,193.39
19918,2779,88,177.46
19919,4362,51,100.38
19920,2138,80,161.24
19921,1588,8,204.27
19922,9163,47,488.11
19923,9946,7,211.88
19924,5811,42,473.96
19925,3373,33,313.77
19926,7108,62,429.14
19927,931,35,211.11
19928,2541,23,433.44
19929,356,13,448.55
19930,3147,78,135.86
19931,2968,31,302.21
19932,6591,91,463.3
19933,149,96,135.18
19934,1256,14,13.92
19935,7800,100,257.12
19936,5405,53,102.87
19937,2837,27,213.86
19938,6163,14,395.64
19939,6838,26,162.64
19940,1689,38,370.21
19941,2719,41,301.6
19942,2053,77,271.17
19943,7048,41,314.88
19944,6822,9,266.98
19945,1218,99,67.84
19946,3977,87,379.43
19947,1142,63,198.66
19948,774,40,494.54
19949,3781,15,256.32
19950,1970,93,392.55
19951,8047,18,346.31
19952,4628,96,159.75
19953,276,87,392.25
19954,2075,11,429.87
19955,4324,32,246.06
19956,6597,39,491.36
19957,4447,61,353.89
19958,1995,9,380.93
19959,7192,92,56.96
19960,101,2,300.17
19961,3419,74,40.47
19962,643,38,463.73
19963,8941,2,146.52
19964,5912,77,471.03
19965,4718,61,278.39
19966,593,82,475.44
19967,9326,6,236.83
19968,2333,11,56.69
19969,7874,6,59.77
19970,1958,90,106.78
19971,1354,1,497.53
19972,204,73,393.28
19973,46,90,178.63
19974,7744,3,303.8
19975,9159,9,445.86
19976,38,40,314.41
19977,4049,99,445.97
19978,2990,93,497.72
19979,2646,78,201.53
19980,9630,68,216.75
19981,2492,76,55.88
19982,6949,67,305.6
19983,4945,41,39.2
19984,1464,63,46.03
19985,4687,89,485.39
19986,2152,28,55.34
19987,4821,27,366.5
19988,5453,87,68.1
19989,2931,91,144.91
19990,7659,76,351.62
19991,6670,4,223.12
19992,4921,44,72.18
19993,2350,28,290.8
19994,7422,73,75.86
19995,1179,5,108.23
19996,4833,52,487.1
19997,7492,12,80.08
19998,6230,11,363.53
19999,7374,60,207.73
20000,7327,2,231.84
